-- Creación de Tablas 

CREATE TABLE FIDE_TELEFONO_TB (
  ID_TELEFONO VARCHAR2(50),
  NUMERO VARCHAR2(100),
  ID_USUARIO VARCHAR2(50),
  CONSTRAINT TELEFONO_ID_TELEFONO_PK PRIMARY KEY (ID_TELEFONO),
    CONSTRAINT TELEFONO_ID_USUARIO_FK FOREIGN KEY (ID_USUARIO)
    REFERENCES FIDE_USUARIO_TB(ID_USUARIO)
)
TABLESPACE FIDE_PROYECTO_FINAL_TBS;

CREATE TABLE FIDE_CORREO_TB (
  ID_CORREO VARCHAR2(50),
  EMAIL VARCHAR2(100),
  ID_USUARIO VARCHAR2(50),
  CONSTRAINT CORREO_ID_CORREO_PK PRIMARY KEY (ID_CORREO),
      CONSTRAINT CORREO_ID_USUARIO_FK FOREIGN KEY (ID_USUARIO)
    REFERENCES FIDE_USUARIO_TB(ID_USUARIO)
)
TABLESPACE FIDE_PROYECTO_FINAL_TBS;

CREATE TABLE FIDE_FIDELIZACION_TB (
  ID_FIDELIZACION VARCHAR2(50),
  DETALLE VARCHAR2(100),
  ID_USUARIO VARCHAR2(50),
  CONSTRAINT FIDELIZACION_ID_FIDELIZACION_PK PRIMARY KEY (ID_FIDELIZACION),
      CONSTRAINT FIDELIZACION_ID_USUARIO_FK FOREIGN KEY (ID_USUARIO)
    REFERENCES FIDE_USUARIO_TB(ID_USUARIO)
)
TABLESPACE FIDE_PROYECTO_FINAL_TBS;

CREATE TABLE FIDE_DIRECCION_TB (
  ID_DIRECCION VARCHAR2(50),
  DETALLE VARCHAR2(100),
  ID_PROVINCIA VARCHAR2(50),
  ID_CANTON VARCHAR2(50),
  ID_DISTRITO VARCHAR2(50),
  ID_USUARIO VARCHAR2(50),
  CONSTRAINT DIRECCION_ID_DIRECCION_PK PRIMARY KEY (ID_DIRECCION),
    CONSTRAINT DIRECCION_ID_PROVINCIA_FK FOREIGN KEY (ID_PROVINCIA)
    REFERENCES FIDE_PROVINCIA_TB(ID_PROVINCIA),
    CONSTRAINT DIRECCION_ID_CANTON_FK FOREIGN KEY (ID_CANTON)
    REFERENCES FIDE_CANTON_TB(ID_CANTON),    
    CONSTRAINT DIRECCION_ID_DISTRITO_FK FOREIGN KEY (ID_DISTRITO)
    REFERENCES FIDE_DISTRITO_TB(ID_DISTRITO),
    CONSTRAINT DIRECCION_ID_USUARIO_FK FOREIGN KEY (ID_USUARIO)
    REFERENCES FIDE_USUARIO_TB(ID_USUARIO)
)
TABLESPACE FIDE_PROYECTO_FINAL_TBS;

CREATE TABLE FIDE_PROVINCIA_TB (
  ID_PROVINCIA VARCHAR2(50),
  NOMBRE VARCHAR2(100),
  CONSTRAINT PROVINCIA_ID_PROVINCIA_PK PRIMARY KEY (ID_PROVINCIA)
)
TABLESPACE FIDE_PROYECTO_FINAL_TBS;

CREATE TABLE FIDE_CANTON_TB (
  ID_CANTON VARCHAR2(50),

  NOMBRE VARCHAR2(100),
  CONSTRAINT CANTON_ID_CANTON_PK PRIMARY KEY (ID_CANTON),
)
TABLESPACE FIDE_PROYECTO_FINAL_TBS;

CREATE TABLE FIDE_DISTRITO_TB (
  ID_DISTRITO VARCHAR2(50),
  NOMBRE VARCHAR2(100),
  CONSTRAINT DISTRITO_ID_DISTRITO_PK PRIMARY KEY (ID_DISTRITO),
)
TABLESPACE FIDE_PROYECTO_FINAL_TBS;

CREATE TABLE FIDE_TIPO_USUARIO_TB (
  ID_TIPO_USUARIO VARCHAR2(50),
  DESCRIPCION VARCHAR2(100),
  CONSTRAINT TIPO_USUARIO_ID_TIPO_USUARIO_PK PRIMARY KEY (ID_TIPO_USUARIO)
)
TABLESPACE FIDE_PROYECTO_FINAL_TBS;

CREATE TABLE FIDE_USUARIO_TB (
  ID_USUARIO VARCHAR2(50),
  ID_TIPO_USUARIO VARCHAR2(50),
  NOMBRE VARCHAR2(100),
  APELLIDO VARCHAR2(100),
  CONSTRAINT USUARIO_ID_USUARIO_PK PRIMARY KEY (ID_USUARIO),
  CONSTRAINT USUARIO_ID_TIPO_USUARIO_FK FOREIGN KEY (ID_TIPO_USUARIO)
    REFERENCES FIDE_TIPO_USUARIO_TB(ID_TIPO_USUARIO)
)
TABLESPACE FIDE_PROYECTO_FINAL_TBS;

CREATE TABLE FIDE_PUESTO_TB (
  ID_PUESTO VARCHAR2(50),
  NOMBRE VARCHAR2(100),
  CONSTRAINT PUESTO_ID_PUESTO_PK PRIMARY KEY (ID_PUESTO)
)
TABLESPACE FIDE_PROYECTO_FINAL_TBS;

CREATE TABLE FIDE_EMPLEADO_TB (
  ID_EMPLEADO VARCHAR2(50),
  ID_PUESTO VARCHAR2(50),
  ID_USUARIO VARCHAR2(50),
  CONSTRAINT EMPLEADO_ID_EMPLEADO_PK PRIMARY KEY (ID_EMPLEADO),
  CONSTRAINT EMPLEADO_ID_PUESTO_FK FOREIGN KEY (ID_PUESTO)
    REFERENCES FIDE_PUESTO_TB(ID_PUESTO),
  CONSTRAINT EMPLEADO_ID_USUARIO_FK FOREIGN KEY (ID_USUARIO)
    REFERENCES FIDE_USUARIO_TB(ID_USUARIO)
)
TABLESPACE FIDE_PROYECTO_FINAL_TBS;


CREATE TABLE FIDE_FACTURACION_TB (
  ID_FACTURA VARCHAR2(50),
  ID_EMPLEADO VARCHAR2(50),
  ID_CAJA VARCHAR2(50),
  ID_USUARIO VARCHAR2(50),
  FECHA DATE,
  MONTO_TOTAL NUMBER(10,2),
  CONSTRAINT FACTURACION_ID_FACTURA_PK PRIMARY KEY (ID_FACTURA),
  CONSTRAINT FACTURACION_ID_EMPLEADO_FK FOREIGN KEY (ID_EMPLEADO)
    REFERENCES FIDE_EMPLEADO_TB(ID_EMPLEADO),
  CONSTRAINT FACTURACION_ID_CAJA_FK FOREIGN KEY (ID_CAJA)
    REFERENCES FIDE_CAJA_TB(ID_CAJA),
  CONSTRAINT FACTURACION_ID_USUARIO_FK FOREIGN KEY (ID_USUARIO)
    REFERENCES FIDE_USUARIO_TB(ID_USUARIO)
)
TABLESPACE FIDE_PROYECTO_FINAL_TBS
PARTITION BY RANGE (FECHA) 
(
  PARTITION FACT_ENE_2024 VALUES LESS THAN (TO_DATE('2024-02-01', 'YYYY-MM-DD')) TABLESPACE FIDE_PROYECTO_FINAL_TBS,
  PARTITION FACT_FEB_2024 VALUES LESS THAN (TO_DATE('2024-03-01', 'YYYY-MM-DD')) TABLESPACE FIDE_PROYECTO_FINAL_TBS,
  PARTITION FACT_MAR_2024 VALUES LESS THAN (TO_DATE('2024-04-01', 'YYYY-MM-DD')) TABLESPACE FIDE_PROYECTO_FINAL_TBS,
  PARTITION FACT_ABR_2024 VALUES LESS THAN (TO_DATE('2024-04-10', 'YYYY-MM-DD')) TABLESPACE FIDE_PROYECTO_FINAL_TBS
);

CREATE TABLE FIDE_CATEGORIA_TB (
  ID_CATEGORIA VARCHAR2(50),
  NOMBRE_CATEGORIA VARCHAR2(100),
  CONSTRAINT CATEGORIA_ID_CATEGORIA_PK PRIMARY KEY (ID_CATEGORIA)
)
TABLESPACE FIDE_PROYECTO_FINAL_TBS;

CREATE TABLE FIDE_PRODUCTO_TB (
  ID_PRODUCTO VARCHAR2(50),
  ID_CATEGORIA VARCHAR2(50),
  NOMBRE VARCHAR2(100),
  PRECIO NUMBER(10, 2),
  STOCK NUMBER(10),
  CONSTRAINT PRODUCTO_ID_PRODUCTO_PK PRIMARY KEY (ID_PRODUCTO),
  CONSTRAINT PRODUCTO_ID_CATEGORIA_FK FOREIGN KEY (ID_CATEGORIA)
    REFERENCES FIDE_CATEGORIA_TB(ID_CATEGORIA)
)
TABLESPACE FIDE_PROYECTO_FINAL_TBS;

CREATE TABLE FIDE_REABASTECIMIENTO_TB (
  ID_REABASTECIMIENTO VARCHAR2(50),
  ID_PRODUCTO VARCHAR2(50),
  FECHA DATE,
  CANTIDAD NUMBER(10),
  CONSTRAINT REABASTECIMIENTO_ID_REABASTECIMIENTO_PK PRIMARY KEY (ID_REABASTECIMIENTO),
  CONSTRAINT REABASTECIMIENTO_ID_PRODUCTO_FK FOREIGN KEY (ID_PRODUCTO)
    REFERENCES FIDE_PRODUCTO_TB(ID_PRODUCTO)
)
TABLESPACE FIDE_PROYECTO_FINAL_TBS;

CREATE TABLE FIDE_SALARIOS_TB (
  ID_SALARIO VARCHAR2(50),
  ID_EMPLEADO VARCHAR2(50),
  MONTO NUMBER(10,2),
  FECHA DATE,
  CONSTRAINT SALARIOS_ID_SALARIO_PK PRIMARY KEY (ID_SALARIO),
  CONSTRAINT SALARIOS_ID_EMPLEADO_FK FOREIGN KEY (ID_EMPLEADO)
    REFERENCES FIDE_EMPLEADO_TB(ID_EMPLEADO)
)
TABLESPACE FIDE_PROYECTO_FINAL_TBS;

CREATE TABLE FIDE_REPORTE_TB (
  ID_REPORTE VARCHAR2(50),
  ID_FACTURA VARCHAR2(50),
  ID_TIENDA VARCHAR2(50),
  DETALLE VARCHAR2(100),
  CONSTRAINT REPORTE_ID_REPORTE_PK PRIMARY KEY (ID_REPORTE),
  CONSTRAINT REPORTE_ID_FACTURA_FK FOREIGN KEY (ID_FACTURA)
    REFERENCES FIDE_FACTURACION_TB(ID_FACTURA),
      CONSTRAINT REPORTE_ID_TIENDA_FK FOREIGN KEY (ID_TIENDA)
    REFERENCES FIDE_TIENDA_TB(ID_TIENDA)
)
TABLESPACE FIDE_PROYECTO_FINAL_TBS;

CREATE TABLE FIDE_CAJA_TB (
  ID_CAJA VARCHAR2(50),
  ID_EMPLEADO VARCHAR2(50),
  ID_TIENDA VARCHAR2(50),
  FECHA DATE,
  CONSTRAINT CAJA_ID_CAJA_PK PRIMARY KEY (ID_CAJA),
  CONSTRAINT CAJA_ID_EMPLEADO_FK FOREIGN KEY (ID_EMPLEADO)
    REFERENCES FIDE_EMPLEADO_TB(ID_EMPLEADO),
      CONSTRAINT CAJA_ID_TIENDA_FK FOREIGN KEY (ID_TIENDA)
    REFERENCES FIDE_TIENDA_TB(ID_TIENDA)
)
TABLESPACE FIDE_PROYECTO_FINAL_TBS;

CREATE TABLE FIDE_TIENDA_TB (
  ID_TIENDA VARCHAR2(50),
  NOMBRE_TIENDA VARCHAR2(100),
  UBICACION VARCHAR2(100),
  CONSTRAINT TIENDA_ID_TIENDA_PK PRIMARY KEY (ID_TIENDA)
)
TABLESPACE FIDE_PROYECTO_FINAL_TBS;

CREATE TABLE FIDE_INVENTARIO_TB (
  ID_INVENTARIO VARCHAR2(50),
  ID_PRODUCTO VARCHAR2(50),
  ID_TIENDA VARCHAR2(50),
  CANTIDAD NUMBER(10),
  FECHA_ACTUALIZACION DATE,
  CONSTRAINT INVENTARIO_ID_INVENTARIO_PK PRIMARY KEY (ID_INVENTARIO),
  CONSTRAINT INVENTARIO_ID_PRODUCTO_FK FOREIGN KEY (ID_PRODUCTO)
    REFERENCES FIDE_PRODUCTO_TB(ID_PRODUCTO),
        CONSTRAINT INVENTARIO_ID_TIENDA_FK FOREIGN KEY (ID_TIENDA)
    REFERENCES FIDE_TIENDA_TB(ID_TIENDA)
)
TABLESPACE FIDE_PROYECTO_FINAL_TBS;
commit;



-- Inserciones con datos realistas para la tabla FIDE_CAJA_TB
INSERT INTO FIDE_CAJA_TB (ID_CAJA, ID_EMPLEADO, ID_TIENDA, FECHA) VALUES ('CAJ000', 'EMP000', 'TIE000', TO_DATE('2025-04-25', 'YYYY-MM-DD'));
INSERT INTO FIDE_CAJA_TB (ID_CAJA, ID_EMPLEADO, ID_TIENDA, FECHA) VALUES ('CAJ001', 'EMP001', 'TIE001', TO_DATE('2025-04-24', 'YYYY-MM-DD'));
INSERT INTO FIDE_CAJA_TB (ID_CAJA, ID_EMPLEADO, ID_TIENDA, FECHA) VALUES ('CAJ002', 'EMP002', 'TIE002', TO_DATE('2025-04-23', 'YYYY-MM-DD'));
INSERT INTO FIDE_CAJA_TB (ID_CAJA, ID_EMPLEADO, ID_TIENDA, FECHA) VALUES ('CAJ003', 'EMP003', 'TIE003', TO_DATE('2025-04-22', 'YYYY-MM-DD'));
INSERT INTO FIDE_CAJA_TB (ID_CAJA, ID_EMPLEADO, ID_TIENDA, FECHA) VALUES ('CAJ004', 'EMP004', 'TIE004', TO_DATE('2025-04-21', 'YYYY-MM-DD'));
INSERT INTO FIDE_CAJA_TB (ID_CAJA, ID_EMPLEADO, ID_TIENDA, FECHA) VALUES ('CAJ005', 'EMP005', 'TIE005', TO_DATE('2025-04-20', 'YYYY-MM-DD'));
INSERT INTO FIDE_CAJA_TB (ID_CAJA, ID_EMPLEADO, ID_TIENDA, FECHA) VALUES ('CAJ006', 'EMP006', 'TIE006', TO_DATE('2025-04-19', 'YYYY-MM-DD'));
INSERT INTO FIDE_CAJA_TB (ID_CAJA, ID_EMPLEADO, ID_TIENDA, FECHA) VALUES ('CAJ007', 'EMP007', 'TIE007', TO_DATE('2025-04-18', 'YYYY-MM-DD'));
INSERT INTO FIDE_CAJA_TB (ID_CAJA, ID_EMPLEADO, ID_TIENDA, FECHA) VALUES ('CAJ008', 'EMP008', 'TIE008', TO_DATE('2025-04-17', 'YYYY-MM-DD'));
INSERT INTO FIDE_CAJA_TB (ID_CAJA, ID_EMPLEADO, ID_TIENDA, FECHA) VALUES ('CAJ009', 'EMP009', 'TIE009', TO_DATE('2025-04-16', 'YYYY-MM-DD'));
INSERT INTO FIDE_CAJA_TB (ID_CAJA, ID_EMPLEADO, ID_TIENDA, FECHA) VALUES ('CAJ010', 'EMP010', 'TIE010', TO_DATE('2025-04-15', 'YYYY-MM-DD'));
INSERT INTO FIDE_CAJA_TB (ID_CAJA, ID_EMPLEADO, ID_TIENDA, FECHA) VALUES ('CAJ011', 'EMP011', 'TIE011', TO_DATE('2025-04-14', 'YYYY-MM-DD'));
INSERT INTO FIDE_CAJA_TB (ID_CAJA, ID_EMPLEADO, ID_TIENDA, FECHA) VALUES ('CAJ012', 'EMP012', 'TIE012', TO_DATE('2025-04-13', 'YYYY-MM-DD'));
INSERT INTO FIDE_CAJA_TB (ID_CAJA, ID_EMPLEADO, ID_TIENDA, FECHA) VALUES ('CAJ013', 'EMP013', 'TIE013', TO_DATE('2025-04-12', 'YYYY-MM-DD'));
INSERT INTO FIDE_CAJA_TB (ID_CAJA, ID_EMPLEADO, ID_TIENDA, FECHA) VALUES ('CAJ014', 'EMP014', 'TIE014', TO_DATE('2025-04-11', 'YYYY-MM-DD'));
INSERT INTO FIDE_CAJA_TB (ID_CAJA, ID_EMPLEADO, ID_TIENDA, FECHA) VALUES ('CAJ015', 'EMP015', 'TIE015', TO_DATE('2025-04-10', 'YYYY-MM-DD'));
INSERT INTO FIDE_CAJA_TB (ID_CAJA, ID_EMPLEADO, ID_TIENDA, FECHA) VALUES ('CAJ016', 'EMP016', 'TIE016', TO_DATE('2025-04-09', 'YYYY-MM-DD'));
INSERT INTO FIDE_CAJA_TB (ID_CAJA, ID_EMPLEADO, ID_TIENDA, FECHA) VALUES ('CAJ017', 'EMP017', 'TIE017', TO_DATE('2025-04-08', 'YYYY-MM-DD'));
INSERT INTO FIDE_CAJA_TB (ID_CAJA, ID_EMPLEADO, ID_TIENDA, FECHA) VALUES ('CAJ018', 'EMP018', 'TIE018', TO_DATE('2025-04-07', 'YYYY-MM-DD'));
INSERT INTO FIDE_CAJA_TB (ID_CAJA, ID_EMPLEADO, ID_TIENDA, FECHA) VALUES ('CAJ019', 'EMP019', 'TIE019', TO_DATE('2025-04-06', 'YYYY-MM-DD'));
INSERT INTO FIDE_CAJA_TB (ID_CAJA, ID_EMPLEADO, ID_TIENDA, FECHA) VALUES ('CAJ020', 'EMP020', 'TIE020', TO_DATE('2025-04-05', 'YYYY-MM-DD'));
INSERT INTO FIDE_CAJA_TB (ID_CAJA, ID_EMPLEADO, ID_TIENDA, FECHA) VALUES ('CAJ021', 'EMP021', 'TIE021', TO_DATE('2025-04-04', 'YYYY-MM-DD'));
INSERT INTO FIDE_CAJA_TB (ID_CAJA, ID_EMPLEADO, ID_TIENDA, FECHA) VALUES ('CAJ022', 'EMP022', 'TIE022', TO_DATE('2025-04-03', 'YYYY-MM-DD'));
INSERT INTO FIDE_CAJA_TB (ID_CAJA, ID_EMPLEADO, ID_TIENDA, FECHA) VALUES ('CAJ023', 'EMP023', 'TIE023', TO_DATE('2025-04-02', 'YYYY-MM-DD'));
INSERT INTO FIDE_CAJA_TB (ID_CAJA, ID_EMPLEADO, ID_TIENDA, FECHA) VALUES ('CAJ024', 'EMP024', 'TIE024', TO_DATE('2025-04-01', 'YYYY-MM-DD'));
INSERT INTO FIDE_CAJA_TB (ID_CAJA, ID_EMPLEADO, ID_TIENDA, FECHA) VALUES ('CAJ025', 'EMP025', 'TIE025', TO_DATE('2025-03-31', 'YYYY-MM-DD'));
INSERT INTO FIDE_CAJA_TB (ID_CAJA, ID_EMPLEADO, ID_TIENDA, FECHA) VALUES ('CAJ026', 'EMP026', 'TIE026', TO_DATE('2025-03-30', 'YYYY-MM-DD'));
INSERT INTO FIDE_CAJA_TB (ID_CAJA, ID_EMPLEADO, ID_TIENDA, FECHA) VALUES ('CAJ027', 'EMP027', 'TIE027', TO_DATE('2025-03-29', 'YYYY-MM-DD'));
INSERT INTO FIDE_CAJA_TB (ID_CAJA, ID_EMPLEADO, ID_TIENDA, FECHA) VALUES ('CAJ028', 'EMP028', 'TIE028', TO_DATE('2025-03-28', 'YYYY-MM-DD'));
INSERT INTO FIDE_CAJA_TB (ID_CAJA, ID_EMPLEADO, ID_TIENDA, FECHA) VALUES ('CAJ029', 'EMP029', 'TIE029', TO_DATE('2025-03-27', 'YYYY-MM-DD'));
INSERT INTO FIDE_CAJA_TB (ID_CAJA, ID_EMPLEADO, ID_TIENDA, FECHA) VALUES ('CAJ030', 'EMP030', 'TIE030', TO_DATE('2025-03-26', 'YYYY-MM-DD'));
INSERT INTO FIDE_CAJA_TB (ID_CAJA, ID_EMPLEADO, ID_TIENDA, FECHA) VALUES ('CAJ031', 'EMP031', 'TIE031', TO_DATE('2025-03-25', 'YYYY-MM-DD'));
INSERT INTO FIDE_CAJA_TB (ID_CAJA, ID_EMPLEADO, ID_TIENDA, FECHA) VALUES ('CAJ032', 'EMP032', 'TIE032', TO_DATE('2025-03-24', 'YYYY-MM-DD'));
INSERT INTO FIDE_CAJA_TB (ID_CAJA, ID_EMPLEADO, ID_TIENDA, FECHA) VALUES ('CAJ033', 'EMP033', 'TIE033', TO_DATE('2025-03-23', 'YYYY-MM-DD'));
INSERT INTO FIDE_CAJA_TB (ID_CAJA, ID_EMPLEADO, ID_TIENDA, FECHA) VALUES ('CAJ034', 'EMP034', 'TIE034', TO_DATE('2025-03-22', 'YYYY-MM-DD'));
INSERT INTO FIDE_CAJA_TB (ID_CAJA, ID_EMPLEADO, ID_TIENDA, FECHA) VALUES ('CAJ035', 'EMP035', 'TIE035', TO_DATE('2025-03-21', 'YYYY-MM-DD'));
INSERT INTO FIDE_CAJA_TB (ID_CAJA, ID_EMPLEADO, ID_TIENDA, FECHA) VALUES ('CAJ036', 'EMP036', 'TIE036', TO_DATE('2025-03-20', 'YYYY-MM-DD'));
INSERT INTO FIDE_CAJA_TB (ID_CAJA, ID_EMPLEADO, ID_TIENDA, FECHA) VALUES ('CAJ037', 'EMP037', 'TIE037', TO_DATE('2025-03-19', 'YYYY-MM-DD'));
INSERT INTO FIDE_CAJA_TB (ID_CAJA, ID_EMPLEADO, ID_TIENDA, FECHA) VALUES ('CAJ038', 'EMP038', 'TIE038', TO_DATE('2025-03-18', 'YYYY-MM-DD'));
INSERT INTO FIDE_CAJA_TB (ID_CAJA, ID_EMPLEADO, ID_TIENDA, FECHA) VALUES ('CAJ039', 'EMP039', 'TIE039', TO_DATE('2025-03-17', 'YYYY-MM-DD'));
INSERT INTO FIDE_CAJA_TB (ID_CAJA, ID_EMPLEADO, ID_TIENDA, FECHA) VALUES ('CAJ040', 'EMP040', 'TIE040', TO_DATE('2025-03-16', 'YYYY-MM-DD'));
INSERT INTO FIDE_CAJA_TB (ID_CAJA, ID_EMPLEADO, ID_TIENDA, FECHA) VALUES ('CAJ041', 'EMP041', 'TIE041', TO_DATE('2025-03-15', 'YYYY-MM-DD'));
INSERT INTO FIDE_CAJA_TB (ID_CAJA, ID_EMPLEADO, ID_TIENDA, FECHA) VALUES ('CAJ042', 'EMP042', 'TIE042', TO_DATE('2025-03-14', 'YYYY-MM-DD'));
INSERT INTO FIDE_CAJA_TB (ID_CAJA, ID_EMPLEADO, ID_TIENDA, FECHA) VALUES ('CAJ043', 'EMP043', 'TIE043', TO_DATE('2025-03-13', 'YYYY-MM-DD'));
INSERT INTO FIDE_CAJA_TB (ID_CAJA, ID_EMPLEADO, ID_TIENDA, FECHA) VALUES ('CAJ044', 'EMP044', 'TIE044', TO_DATE('2025-03-12', 'YYYY-MM-DD'));
INSERT INTO FIDE_CAJA_TB (ID_CAJA, ID_EMPLEADO, ID_TIENDA, FECHA) VALUES ('CAJ045', 'EMP045', 'TIE045', TO_DATE('2025-03-11', 'YYYY-MM-DD'));
INSERT INTO FIDE_CAJA_TB (ID_CAJA, ID_EMPLEADO, ID_TIENDA, FECHA) VALUES ('CAJ046', 'EMP046', 'TIE046', TO_DATE('2025-03-10', 'YYYY-MM-DD'));
INSERT INTO FIDE_CAJA_TB (ID_CAJA, ID_EMPLEADO, ID_TIENDA, FECHA) VALUES ('CAJ047', 'EMP047', 'TIE047', TO_DATE('2025-03-09', 'YYYY-MM-DD'));
INSERT INTO FIDE_CAJA_TB (ID_CAJA, ID_EMPLEADO, ID_TIENDA, FECHA) VALUES ('CAJ048', 'EMP048', 'TIE048', TO_DATE('2025-03-08', 'YYYY-MM-DD'));
INSERT INTO FIDE_CAJA_TB (ID_CAJA, ID_EMPLEADO, ID_TIENDA, FECHA) VALUES ('CAJ049', 'EMP049', 'TIE049', TO_DATE('2025-03-07', 'YYYY-MM-DD'));
INSERT INTO FIDE_CAJA_TB (ID_CAJA, ID_EMPLEADO, ID_TIENDA, FECHA) VALUES ('CAJ050', 'EMP050', 'TIE050', TO_DATE('2025-03-06', 'YYYY-MM-DD'));
INSERT INTO FIDE_CAJA_TB (ID_CAJA, ID_EMPLEADO, ID_TIENDA, FECHA) VALUES ('CAJ051', 'EMP051', 'TIE051', TO_DATE('2025-03-05', 'YYYY-MM-DD'));
INSERT INTO FIDE_CAJA_TB (ID_CAJA, ID_EMPLEADO, ID_TIENDA, FECHA) VALUES ('CAJ052', 'EMP052', 'TIE052', TO_DATE('2025-03-04', 'YYYY-MM-DD'));
INSERT INTO FIDE_CAJA_TB (ID_CAJA, ID_EMPLEADO, ID_TIENDA, FECHA) VALUES ('CAJ053', 'EMP053', 'TIE053', TO_DATE('2025-03-03', 'YYYY-MM-DD'));
INSERT INTO FIDE_CAJA_TB (ID_CAJA, ID_EMPLEADO, ID_TIENDA, FECHA) VALUES ('CAJ054', 'EMP054', 'TIE054', TO_DATE('2025-03-02', 'YYYY-MM-DD'));
INSERT INTO FIDE_CAJA_TB (ID_CAJA, ID_EMPLEADO, ID_TIENDA, FECHA) VALUES ('CAJ055', 'EMP055', 'TIE055', TO_DATE('2025-03-01', 'YYYY-MM-DD'));
INSERT INTO FIDE_CAJA_TB (ID_CAJA, ID_EMPLEADO, ID_TIENDA, FECHA) VALUES ('CAJ056', 'EMP056', 'TIE056', TO_DATE('2025-02-28', 'YYYY-MM-DD'));
INSERT INTO FIDE_CAJA_TB (ID_CAJA, ID_EMPLEADO, ID_TIENDA, FECHA) VALUES ('CAJ057', 'EMP057', 'TIE057', TO_DATE('2025-02-27', 'YYYY-MM-DD'));
INSERT INTO FIDE_CAJA_TB (ID_CAJA, ID_EMPLEADO, ID_TIENDA, FECHA) VALUES ('CAJ058', 'EMP058', 'TIE058', TO_DATE('2025-02-26', 'YYYY-MM-DD'));
INSERT INTO FIDE_CAJA_TB (ID_CAJA, ID_EMPLEADO, ID_TIENDA, FECHA) VALUES ('CAJ059', 'EMP059', 'TIE059', TO_DATE('2025-02-25', 'YYYY-MM-DD'));
INSERT INTO FIDE_CAJA_TB (ID_CAJA, ID_EMPLEADO, ID_TIENDA, FECHA) VALUES ('CAJ060', 'EMP060', 'TIE060', TO_DATE('2025-02-24', 'YYYY-MM-DD'));
INSERT INTO FIDE_CAJA_TB (ID_CAJA, ID_EMPLEADO, ID_TIENDA, FECHA) VALUES ('CAJ061', 'EMP061', 'TIE061', TO_DATE('2025-02-23', 'YYYY-MM-DD'));
INSERT INTO FIDE_CAJA_TB (ID_CAJA, ID_EMPLEADO, ID_TIENDA, FECHA) VALUES ('CAJ062', 'EMP062', 'TIE062', TO_DATE('2025-02-22', 'YYYY-MM-DD'));
INSERT INTO FIDE_CAJA_TB (ID_CAJA, ID_EMPLEADO, ID_TIENDA, FECHA) VALUES ('CAJ063', 'EMP063', 'TIE063', TO_DATE('2025-02-21', 'YYYY-MM-DD'));
INSERT INTO FIDE_CAJA_TB (ID_CAJA, ID_EMPLEADO, ID_TIENDA, FECHA) VALUES ('CAJ064', 'EMP064', 'TIE064', TO_DATE('2025-02-20', 'YYYY-MM-DD'));
INSERT INTO FIDE_CAJA_TB (ID_CAJA, ID_EMPLEADO, ID_TIENDA, FECHA) VALUES ('CAJ065', 'EMP065', 'TIE065', TO_DATE('2025-02-19', 'YYYY-MM-DD'));
INSERT INTO FIDE_CAJA_TB (ID_CAJA, ID_EMPLEADO, ID_TIENDA, FECHA) VALUES ('CAJ066', 'EMP066', 'TIE066', TO_DATE('2025-02-18', 'YYYY-MM-DD'));
INSERT INTO FIDE_CAJA_TB (ID_CAJA, ID_EMPLEADO, ID_TIENDA, FECHA) VALUES ('CAJ067', 'EMP067', 'TIE067', TO_DATE('2025-02-17', 'YYYY-MM-DD'));
INSERT INTO FIDE_CAJA_TB (ID_CAJA, ID_EMPLEADO, ID_TIENDA, FECHA) VALUES ('CAJ068', 'EMP068', 'TIE068', TO_DATE('2025-02-16', 'YYYY-MM-DD'));
INSERT INTO FIDE_CAJA_TB (ID_CAJA, ID_EMPLEADO, ID_TIENDA, FECHA) VALUES ('CAJ069', 'EMP069', 'TIE069', TO_DATE('2025-02-15', 'YYYY-MM-DD'));
INSERT INTO FIDE_CAJA_TB (ID_CAJA, ID_EMPLEADO, ID_TIENDA, FECHA) VALUES ('CAJ070', 'EMP070', 'TIE070', TO_DATE('2025-02-14', 'YYYY-MM-DD'));
INSERT INTO FIDE_CAJA_TB (ID_CAJA, ID_EMPLEADO, ID_TIENDA, FECHA) VALUES ('CAJ071', 'EMP071', 'TIE071', TO_DATE('2025-02-13', 'YYYY-MM-DD'));
INSERT INTO FIDE_CAJA_TB (ID_CAJA, ID_EMPLEADO, ID_TIENDA, FECHA) VALUES ('CAJ072', 'EMP072', 'TIE072', TO_DATE('2025-02-12', 'YYYY-MM-DD'));
INSERT INTO FIDE_CAJA_TB (ID_CAJA, ID_EMPLEADO, ID_TIENDA, FECHA) VALUES ('CAJ073', 'EMP073', 'TIE073', TO_DATE('2025-02-11', 'YYYY-MM-DD'));
INSERT INTO FIDE_CAJA_TB (ID_CAJA, ID_EMPLEADO, ID_TIENDA, FECHA) VALUES ('CAJ074', 'EMP074', 'TIE074', TO_DATE('2025-02-10', 'YYYY-MM-DD'));
INSERT INTO FIDE_CAJA_TB (ID_CAJA, ID_EMPLEADO, ID_TIENDA, FECHA) VALUES ('CAJ075', 'EMP075', 'TIE075', TO_DATE('2025-02-09', 'YYYY-MM-DD'));
INSERT INTO FIDE_CAJA_TB (ID_CAJA, ID_EMPLEADO, ID_TIENDA, FECHA) VALUES ('CAJ076', 'EMP076', 'TIE076', TO_DATE('2025-02-08', 'YYYY-MM-DD'));
INSERT INTO FIDE_CAJA_TB (ID_CAJA, ID_EMPLEADO, ID_TIENDA, FECHA) VALUES ('CAJ077', 'EMP077', 'TIE077', TO_DATE('2025-02-07', 'YYYY-MM-DD'));
INSERT INTO FIDE_CAJA_TB (ID_CAJA, ID_EMPLEADO, ID_TIENDA, FECHA) VALUES ('CAJ078', 'EMP078', 'TIE078', TO_DATE('2025-02-06', 'YYYY-MM-DD'));
INSERT INTO FIDE_CAJA_TB (ID_CAJA, ID_EMPLEADO, ID_TIENDA, FECHA) VALUES ('CAJ079', 'EMP079', 'TIE079', TO_DATE('2025-02-05', 'YYYY-MM-DD'));
INSERT INTO FIDE_CAJA_TB (ID_CAJA, ID_EMPLEADO, ID_TIENDA, FECHA) VALUES ('CAJ080', 'EMP080', 'TIE080', TO_DATE('2025-02-04', 'YYYY-MM-DD'));
INSERT INTO FIDE_CAJA_TB (ID_CAJA, ID_EMPLEADO, ID_TIENDA, FECHA) VALUES ('CAJ081', 'EMP081', 'TIE081', TO_DATE('2025-02-03', 'YYYY-MM-DD'));
INSERT INTO FIDE_CAJA_TB (ID_CAJA, ID_EMPLEADO, ID_TIENDA, FECHA) VALUES ('CAJ082', 'EMP082', 'TIE082', TO_DATE('2025-02-02', 'YYYY-MM-DD'));
INSERT INTO FIDE_CAJA_TB (ID_CAJA, ID_EMPLEADO, ID_TIENDA, FECHA) VALUES ('CAJ083', 'EMP083', 'TIE083', TO_DATE('2025-02-01', 'YYYY-MM-DD'));
INSERT INTO FIDE_CAJA_TB (ID_CAJA, ID_EMPLEADO, ID_TIENDA, FECHA) VALUES ('CAJ084', 'EMP084', 'TIE084', TO_DATE('2025-01-31', 'YYYY-MM-DD'));
INSERT INTO FIDE_CAJA_TB (ID_CAJA, ID_EMPLEADO, ID_TIENDA, FECHA) VALUES ('CAJ085', 'EMP085', 'TIE085', TO_DATE('2025-01-30', 'YYYY-MM-DD'));
INSERT INTO FIDE_CAJA_TB (ID_CAJA, ID_EMPLEADO, ID_TIENDA, FECHA) VALUES ('CAJ086', 'EMP086', 'TIE086', TO_DATE('2025-01-29', 'YYYY-MM-DD'));
INSERT INTO FIDE_CAJA_TB (ID_CAJA, ID_EMPLEADO, ID_TIENDA, FECHA) VALUES ('CAJ087', 'EMP087', 'TIE087', TO_DATE('2025-01-28', 'YYYY-MM-DD'));
INSERT INTO FIDE_CAJA_TB (ID_CAJA, ID_EMPLEADO, ID_TIENDA, FECHA) VALUES ('CAJ088', 'EMP088', 'TIE088', TO_DATE('2025-01-27', 'YYYY-MM-DD'));
INSERT INTO FIDE_CAJA_TB (ID_CAJA, ID_EMPLEADO, ID_TIENDA, FECHA) VALUES ('CAJ089', 'EMP089', 'TIE089', TO_DATE('2025-01-26', 'YYYY-MM-DD'));
INSERT INTO FIDE_CAJA_TB (ID_CAJA, ID_EMPLEADO, ID_TIENDA, FECHA) VALUES ('CAJ090', 'EMP090', 'TIE090', TO_DATE('2025-01-25', 'YYYY-MM-DD'));
INSERT INTO FIDE_CAJA_TB (ID_CAJA, ID_EMPLEADO, ID_TIENDA, FECHA) VALUES ('CAJ091', 'EMP091', 'TIE091', TO_DATE('2025-01-24', 'YYYY-MM-DD'));
INSERT INTO FIDE_CAJA_TB (ID_CAJA, ID_EMPLEADO, ID_TIENDA, FECHA) VALUES ('CAJ092', 'EMP092', 'TIE092', TO_DATE('2025-01-23', 'YYYY-MM-DD'));
INSERT INTO FIDE_CAJA_TB (ID_CAJA, ID_EMPLEADO, ID_TIENDA, FECHA) VALUES ('CAJ093', 'EMP093', 'TIE093', TO_DATE('2025-01-22', 'YYYY-MM-DD'));
INSERT INTO FIDE_CAJA_TB (ID_CAJA, ID_EMPLEADO, ID_TIENDA, FECHA) VALUES ('CAJ094', 'EMP094', 'TIE094', TO_DATE('2025-01-21', 'YYYY-MM-DD'));
INSERT INTO FIDE_CAJA_TB (ID_CAJA, ID_EMPLEADO, ID_TIENDA, FECHA) VALUES ('CAJ095', 'EMP095', 'TIE095', TO_DATE('2025-01-20', 'YYYY-MM-DD'));
INSERT INTO FIDE_CAJA_TB (ID_CAJA, ID_EMPLEADO, ID_TIENDA, FECHA) VALUES ('CAJ096', 'EMP096', 'TIE096', TO_DATE('2025-01-19', 'YYYY-MM-DD'));
INSERT INTO FIDE_CAJA_TB (ID_CAJA, ID_EMPLEADO, ID_TIENDA, FECHA) VALUES ('CAJ097', 'EMP097', 'TIE097', TO_DATE('2025-01-18', 'YYYY-MM-DD'));
INSERT INTO FIDE_CAJA_TB (ID_CAJA, ID_EMPLEADO, ID_TIENDA, FECHA) VALUES ('CAJ098', 'EMP098', 'TIE098', TO_DATE('2025-01-17', 'YYYY-MM-DD'));
INSERT INTO FIDE_CAJA_TB (ID_CAJA, ID_EMPLEADO, ID_TIENDA, FECHA) VALUES ('CAJ099', 'EMP099', 'TIE099', TO_DATE('2025-01-16', 'YYYY-MM-DD'));

-- Inserts para FIDE_TIPO_USUARIO_TB
INSERT INTO FIDE_TIPO_USUARIO_TB (ID_TIPO_USUARIO, DESCRIPCION) VALUES ('TIPO000', 'Tipo de Usuario 1');
INSERT INTO FIDE_TIPO_USUARIO_TB (ID_TIPO_USUARIO, DESCRIPCION) VALUES ('TIPO001', 'Tipo de Usuario 2');
INSERT INTO FIDE_TIPO_USUARIO_TB (ID_TIPO_USUARIO, DESCRIPCION) VALUES ('TIPO002', 'Tipo de Usuario 3');
INSERT INTO FIDE_TIPO_USUARIO_TB (ID_TIPO_USUARIO, DESCRIPCION) VALUES ('TIPO003', 'Tipo de Usuario 4');
INSERT INTO FIDE_TIPO_USUARIO_TB (ID_TIPO_USUARIO, DESCRIPCION) VALUES ('TIPO004', 'Tipo de Usuario 5');
INSERT INTO FIDE_TIPO_USUARIO_TB (ID_TIPO_USUARIO, DESCRIPCION) VALUES ('TIPO005', 'Tipo de Usuario 6');
INSERT INTO FIDE_TIPO_USUARIO_TB (ID_TIPO_USUARIO, DESCRIPCION) VALUES ('TIPO006', 'Tipo de Usuario 7');
INSERT INTO FIDE_TIPO_USUARIO_TB (ID_TIPO_USUARIO, DESCRIPCION) VALUES ('TIPO007', 'Tipo de Usuario 8');
INSERT INTO FIDE_TIPO_USUARIO_TB (ID_TIPO_USUARIO, DESCRIPCION) VALUES ('TIPO008', 'Tipo de Usuario 9');
INSERT INTO FIDE_TIPO_USUARIO_TB (ID_TIPO_USUARIO, DESCRIPCION) VALUES ('TIPO009', 'Tipo de Usuario 10');
INSERT INTO FIDE_TIPO_USUARIO_TB (ID_TIPO_USUARIO, DESCRIPCION) VALUES ('TIPO010', 'Tipo de Usuario 11');
INSERT INTO FIDE_TIPO_USUARIO_TB (ID_TIPO_USUARIO, DESCRIPCION) VALUES ('TIPO011', 'Tipo de Usuario 12');
INSERT INTO FIDE_TIPO_USUARIO_TB (ID_TIPO_USUARIO, DESCRIPCION) VALUES ('TIPO012', 'Tipo de Usuario 13');
INSERT INTO FIDE_TIPO_USUARIO_TB (ID_TIPO_USUARIO, DESCRIPCION) VALUES ('TIPO013', 'Tipo de Usuario 14');
INSERT INTO FIDE_TIPO_USUARIO_TB (ID_TIPO_USUARIO, DESCRIPCION) VALUES ('TIPO014', 'Tipo de Usuario 15');
INSERT INTO FIDE_TIPO_USUARIO_TB (ID_TIPO_USUARIO, DESCRIPCION) VALUES ('TIPO015', 'Tipo de Usuario 16');
INSERT INTO FIDE_TIPO_USUARIO_TB (ID_TIPO_USUARIO, DESCRIPCION) VALUES ('TIPO016', 'Tipo de Usuario 17');
INSERT INTO FIDE_TIPO_USUARIO_TB (ID_TIPO_USUARIO, DESCRIPCION) VALUES ('TIPO017', 'Tipo de Usuario 18');
INSERT INTO FIDE_TIPO_USUARIO_TB (ID_TIPO_USUARIO, DESCRIPCION) VALUES ('TIPO018', 'Tipo de Usuario 19');
INSERT INTO FIDE_TIPO_USUARIO_TB (ID_TIPO_USUARIO, DESCRIPCION) VALUES ('TIPO019', 'Tipo de Usuario 20');
INSERT INTO FIDE_TIPO_USUARIO_TB (ID_TIPO_USUARIO, DESCRIPCION) VALUES ('TIPO020', 'Tipo de Usuario 21');
INSERT INTO FIDE_TIPO_USUARIO_TB (ID_TIPO_USUARIO, DESCRIPCION) VALUES ('TIPO021', 'Tipo de Usuario 22');
INSERT INTO FIDE_TIPO_USUARIO_TB (ID_TIPO_USUARIO, DESCRIPCION) VALUES ('TIPO022', 'Tipo de Usuario 23');
INSERT INTO FIDE_TIPO_USUARIO_TB (ID_TIPO_USUARIO, DESCRIPCION) VALUES ('TIPO023', 'Tipo de Usuario 24');
INSERT INTO FIDE_TIPO_USUARIO_TB (ID_TIPO_USUARIO, DESCRIPCION) VALUES ('TIPO024', 'Tipo de Usuario 25');
INSERT INTO FIDE_TIPO_USUARIO_TB (ID_TIPO_USUARIO, DESCRIPCION) VALUES ('TIPO025', 'Tipo de Usuario 26');
INSERT INTO FIDE_TIPO_USUARIO_TB (ID_TIPO_USUARIO, DESCRIPCION) VALUES ('TIPO026', 'Tipo de Usuario 27');
INSERT INTO FIDE_TIPO_USUARIO_TB (ID_TIPO_USUARIO, DESCRIPCION) VALUES ('TIPO027', 'Tipo de Usuario 28');
INSERT INTO FIDE_TIPO_USUARIO_TB (ID_TIPO_USUARIO, DESCRIPCION) VALUES ('TIPO028', 'Tipo de Usuario 29');
INSERT INTO FIDE_TIPO_USUARIO_TB (ID_TIPO_USUARIO, DESCRIPCION) VALUES ('TIPO029', 'Tipo de Usuario 30');
INSERT INTO FIDE_TIPO_USUARIO_TB (ID_TIPO_USUARIO, DESCRIPCION) VALUES ('TIPO030', 'Tipo de Usuario 31');
INSERT INTO FIDE_TIPO_USUARIO_TB (ID_TIPO_USUARIO, DESCRIPCION) VALUES ('TIPO031', 'Tipo de Usuario 32');
INSERT INTO FIDE_TIPO_USUARIO_TB (ID_TIPO_USUARIO, DESCRIPCION) VALUES ('TIPO032', 'Tipo de Usuario 33');
INSERT INTO FIDE_TIPO_USUARIO_TB (ID_TIPO_USUARIO, DESCRIPCION) VALUES ('TIPO033', 'Tipo de Usuario 34');
INSERT INTO FIDE_TIPO_USUARIO_TB (ID_TIPO_USUARIO, DESCRIPCION) VALUES ('TIPO034', 'Tipo de Usuario 35');
INSERT INTO FIDE_TIPO_USUARIO_TB (ID_TIPO_USUARIO, DESCRIPCION) VALUES ('TIPO035', 'Tipo de Usuario 36');
INSERT INTO FIDE_TIPO_USUARIO_TB (ID_TIPO_USUARIO, DESCRIPCION) VALUES ('TIPO036', 'Tipo de Usuario 37');
INSERT INTO FIDE_TIPO_USUARIO_TB (ID_TIPO_USUARIO, DESCRIPCION) VALUES ('TIPO037', 'Tipo de Usuario 38');
INSERT INTO FIDE_TIPO_USUARIO_TB (ID_TIPO_USUARIO, DESCRIPCION) VALUES ('TIPO038', 'Tipo de Usuario 39');
INSERT INTO FIDE_TIPO_USUARIO_TB (ID_TIPO_USUARIO, DESCRIPCION) VALUES ('TIPO039', 'Tipo de Usuario 40');
INSERT INTO FIDE_TIPO_USUARIO_TB (ID_TIPO_USUARIO, DESCRIPCION) VALUES ('TIPO040', 'Tipo de Usuario 41');
INSERT INTO FIDE_TIPO_USUARIO_TB (ID_TIPO_USUARIO, DESCRIPCION) VALUES ('TIPO041', 'Tipo de Usuario 42');
INSERT INTO FIDE_TIPO_USUARIO_TB (ID_TIPO_USUARIO, DESCRIPCION) VALUES ('TIPO042', 'Tipo de Usuario 43');
INSERT INTO FIDE_TIPO_USUARIO_TB (ID_TIPO_USUARIO, DESCRIPCION) VALUES ('TIPO043', 'Tipo de Usuario 44');
INSERT INTO FIDE_TIPO_USUARIO_TB (ID_TIPO_USUARIO, DESCRIPCION) VALUES ('TIPO044', 'Tipo de Usuario 45');
INSERT INTO FIDE_TIPO_USUARIO_TB (ID_TIPO_USUARIO, DESCRIPCION) VALUES ('TIPO045', 'Tipo de Usuario 46');
INSERT INTO FIDE_TIPO_USUARIO_TB (ID_TIPO_USUARIO, DESCRIPCION) VALUES ('TIPO046', 'Tipo de Usuario 47');
INSERT INTO FIDE_TIPO_USUARIO_TB (ID_TIPO_USUARIO, DESCRIPCION) VALUES ('TIPO047', 'Tipo de Usuario 48');
INSERT INTO FIDE_TIPO_USUARIO_TB (ID_TIPO_USUARIO, DESCRIPCION) VALUES ('TIPO048', 'Tipo de Usuario 49');
INSERT INTO FIDE_TIPO_USUARIO_TB (ID_TIPO_USUARIO, DESCRIPCION) VALUES ('TIPO049', 'Tipo de Usuario 50');
INSERT INTO FIDE_TIPO_USUARIO_TB (ID_TIPO_USUARIO, DESCRIPCION) VALUES ('TIPO050', 'Tipo de Usuario 51');
INSERT INTO FIDE_TIPO_USUARIO_TB (ID_TIPO_USUARIO, DESCRIPCION) VALUES ('TIPO051', 'Tipo de Usuario 52');
INSERT INTO FIDE_TIPO_USUARIO_TB (ID_TIPO_USUARIO, DESCRIPCION) VALUES ('TIPO052', 'Tipo de Usuario 53');
INSERT INTO FIDE_TIPO_USUARIO_TB (ID_TIPO_USUARIO, DESCRIPCION) VALUES ('TIPO053', 'Tipo de Usuario 54');
INSERT INTO FIDE_TIPO_USUARIO_TB (ID_TIPO_USUARIO, DESCRIPCION) VALUES ('TIPO054', 'Tipo de Usuario 55');
INSERT INTO FIDE_TIPO_USUARIO_TB (ID_TIPO_USUARIO, DESCRIPCION) VALUES ('TIPO055', 'Tipo de Usuario 56');
INSERT INTO FIDE_TIPO_USUARIO_TB (ID_TIPO_USUARIO, DESCRIPCION) VALUES ('TIPO056', 'Tipo de Usuario 57');
INSERT INTO FIDE_TIPO_USUARIO_TB (ID_TIPO_USUARIO, DESCRIPCION) VALUES ('TIPO057', 'Tipo de Usuario 58');
INSERT INTO FIDE_TIPO_USUARIO_TB (ID_TIPO_USUARIO, DESCRIPCION) VALUES ('TIPO058', 'Tipo de Usuario 59');
INSERT INTO FIDE_TIPO_USUARIO_TB (ID_TIPO_USUARIO, DESCRIPCION) VALUES ('TIPO059', 'Tipo de Usuario 60');
INSERT INTO FIDE_TIPO_USUARIO_TB (ID_TIPO_USUARIO, DESCRIPCION) VALUES ('TIPO060', 'Tipo de Usuario 61');
INSERT INTO FIDE_TIPO_USUARIO_TB (ID_TIPO_USUARIO, DESCRIPCION) VALUES ('TIPO061', 'Tipo de Usuario 62');
INSERT INTO FIDE_TIPO_USUARIO_TB (ID_TIPO_USUARIO, DESCRIPCION) VALUES ('TIPO062', 'Tipo de Usuario 63');
INSERT INTO FIDE_TIPO_USUARIO_TB (ID_TIPO_USUARIO, DESCRIPCION) VALUES ('TIPO063', 'Tipo de Usuario 64');
INSERT INTO FIDE_TIPO_USUARIO_TB (ID_TIPO_USUARIO, DESCRIPCION) VALUES ('TIPO064', 'Tipo de Usuario 65');
INSERT INTO FIDE_TIPO_USUARIO_TB (ID_TIPO_USUARIO, DESCRIPCION) VALUES ('TIPO065', 'Tipo de Usuario 66');
INSERT INTO FIDE_TIPO_USUARIO_TB (ID_TIPO_USUARIO, DESCRIPCION) VALUES ('TIPO066', 'Tipo de Usuario 67');
INSERT INTO FIDE_TIPO_USUARIO_TB (ID_TIPO_USUARIO, DESCRIPCION) VALUES ('TIPO067', 'Tipo de Usuario 68');
INSERT INTO FIDE_TIPO_USUARIO_TB (ID_TIPO_USUARIO, DESCRIPCION) VALUES ('TIPO068', 'Tipo de Usuario 69');
INSERT INTO FIDE_TIPO_USUARIO_TB (ID_TIPO_USUARIO, DESCRIPCION) VALUES ('TIPO069', 'Tipo de Usuario 70');
INSERT INTO FIDE_TIPO_USUARIO_TB (ID_TIPO_USUARIO, DESCRIPCION) VALUES ('TIPO070', 'Tipo de Usuario 71');
INSERT INTO FIDE_TIPO_USUARIO_TB (ID_TIPO_USUARIO, DESCRIPCION) VALUES ('TIPO071', 'Tipo de Usuario 72');
INSERT INTO FIDE_TIPO_USUARIO_TB (ID_TIPO_USUARIO, DESCRIPCION) VALUES ('TIPO072', 'Tipo de Usuario 73');
INSERT INTO FIDE_TIPO_USUARIO_TB (ID_TIPO_USUARIO, DESCRIPCION) VALUES ('TIPO073', 'Tipo de Usuario 74');
INSERT INTO FIDE_TIPO_USUARIO_TB (ID_TIPO_USUARIO, DESCRIPCION) VALUES ('TIPO074', 'Tipo de Usuario 75');
INSERT INTO FIDE_TIPO_USUARIO_TB (ID_TIPO_USUARIO, DESCRIPCION) VALUES ('TIPO075', 'Tipo de Usuario 76');
INSERT INTO FIDE_TIPO_USUARIO_TB (ID_TIPO_USUARIO, DESCRIPCION) VALUES ('TIPO076', 'Tipo de Usuario 77');
INSERT INTO FIDE_TIPO_USUARIO_TB (ID_TIPO_USUARIO, DESCRIPCION) VALUES ('TIPO077', 'Tipo de Usuario 78');
INSERT INTO FIDE_TIPO_USUARIO_TB (ID_TIPO_USUARIO, DESCRIPCION) VALUES ('TIPO078', 'Tipo de Usuario 79');
INSERT INTO FIDE_TIPO_USUARIO_TB (ID_TIPO_USUARIO, DESCRIPCION) VALUES ('TIPO079', 'Tipo de Usuario 80');
INSERT INTO FIDE_TIPO_USUARIO_TB (ID_TIPO_USUARIO, DESCRIPCION) VALUES ('TIPO080', 'Tipo de Usuario 81');
INSERT INTO FIDE_TIPO_USUARIO_TB (ID_TIPO_USUARIO, DESCRIPCION) VALUES ('TIPO081', 'Tipo de Usuario 82');
INSERT INTO FIDE_TIPO_USUARIO_TB (ID_TIPO_USUARIO, DESCRIPCION) VALUES ('TIPO082', 'Tipo de Usuario 83');
INSERT INTO FIDE_TIPO_USUARIO_TB (ID_TIPO_USUARIO, DESCRIPCION) VALUES ('TIPO083', 'Tipo de Usuario 84');
INSERT INTO FIDE_TIPO_USUARIO_TB (ID_TIPO_USUARIO, DESCRIPCION) VALUES ('TIPO084', 'Tipo de Usuario 85');
INSERT INTO FIDE_TIPO_USUARIO_TB (ID_TIPO_USUARIO, DESCRIPCION) VALUES ('TIPO085', 'Tipo de Usuario 86');
INSERT INTO FIDE_TIPO_USUARIO_TB (ID_TIPO_USUARIO, DESCRIPCION) VALUES ('TIPO086', 'Tipo de Usuario 87');
INSERT INTO FIDE_TIPO_USUARIO_TB (ID_TIPO_USUARIO, DESCRIPCION) VALUES ('TIPO087', 'Tipo de Usuario 88');
INSERT INTO FIDE_TIPO_USUARIO_TB (ID_TIPO_USUARIO, DESCRIPCION) VALUES ('TIPO088', 'Tipo de Usuario 89');
INSERT INTO FIDE_TIPO_USUARIO_TB (ID_TIPO_USUARIO, DESCRIPCION) VALUES ('TIPO089', 'Tipo de Usuario 90');
INSERT INTO FIDE_TIPO_USUARIO_TB (ID_TIPO_USUARIO, DESCRIPCION) VALUES ('TIPO090', 'Tipo de Usuario 91');
INSERT INTO FIDE_TIPO_USUARIO_TB (ID_TIPO_USUARIO, DESCRIPCION) VALUES ('TIPO091', 'Tipo de Usuario 92');
INSERT INTO FIDE_TIPO_USUARIO_TB (ID_TIPO_USUARIO, DESCRIPCION) VALUES ('TIPO092', 'Tipo de Usuario 93');
INSERT INTO FIDE_TIPO_USUARIO_TB (ID_TIPO_USUARIO, DESCRIPCION) VALUES ('TIPO093', 'Tipo de Usuario 94');
INSERT INTO FIDE_TIPO_USUARIO_TB (ID_TIPO_USUARIO, DESCRIPCION) VALUES ('TIPO094', 'Tipo de Usuario 95');
INSERT INTO FIDE_TIPO_USUARIO_TB (ID_TIPO_USUARIO, DESCRIPCION) VALUES ('TIPO095', 'Tipo de Usuario 96');
INSERT INTO FIDE_TIPO_USUARIO_TB (ID_TIPO_USUARIO, DESCRIPCION) VALUES ('TIPO096', 'Tipo de Usuario 97');
INSERT INTO FIDE_TIPO_USUARIO_TB (ID_TIPO_USUARIO, DESCRIPCION) VALUES ('TIPO097', 'Tipo de Usuario 98');
INSERT INTO FIDE_TIPO_USUARIO_TB (ID_TIPO_USUARIO, DESCRIPCION) VALUES ('TIPO098', 'Tipo de Usuario 99');
INSERT INTO FIDE_TIPO_USUARIO_TB (ID_TIPO_USUARIO, DESCRIPCION) VALUES ('TIPO099', 'Tipo de Usuario 100');

-- Inserciones para FIDE_TIPO_USUARIO_TB
INSERT INTO FIDE_USUARIO_TB (ID_USUARIO, ID_TIPO_USUARIO, NOMBRE, APELLIDO) VALUES ('ID_USU000', 'TIPO000', 'María', 'Herrera');
INSERT INTO FIDE_USUARIO_TB (ID_USUARIO, ID_TIPO_USUARIO, NOMBRE, APELLIDO) VALUES ('ID_USU001', 'TIPO001', 'Elena', 'Pérez');
INSERT INTO FIDE_USUARIO_TB (ID_USUARIO, ID_TIPO_USUARIO, NOMBRE, APELLIDO) VALUES ('ID_USU002', 'TIPO002', 'Jorge', 'Pérez');
INSERT INTO FIDE_USUARIO_TB (ID_USUARIO, ID_TIPO_USUARIO, NOMBRE, APELLIDO) VALUES ('ID_USU003', 'TIPO003', 'Ana', 'Fernández');
INSERT INTO FIDE_USUARIO_TB (ID_USUARIO, ID_TIPO_USUARIO, NOMBRE, APELLIDO) VALUES ('ID_USU004', 'TIPO004', 'Ricardo', 'Herrera');
INSERT INTO FIDE_USUARIO_TB (ID_USUARIO, ID_TIPO_USUARIO, NOMBRE, APELLIDO) VALUES ('ID_USU005', 'TIPO005', 'Ricardo', 'Pérez');
INSERT INTO FIDE_USUARIO_TB (ID_USUARIO, ID_TIPO_USUARIO, NOMBRE, APELLIDO) VALUES ('ID_USU006', 'TIPO006', 'Jorge', 'Herrera');
INSERT INTO FIDE_USUARIO_TB (ID_USUARIO, ID_TIPO_USUARIO, NOMBRE, APELLIDO) VALUES ('ID_USU007', 'TIPO007', 'Elena', 'Salas');
INSERT INTO FIDE_USUARIO_TB (ID_USUARIO, ID_TIPO_USUARIO, NOMBRE, APELLIDO) VALUES ('ID_USU008', 'TIPO008', 'Carlos', 'Herrera');
INSERT INTO FIDE_USUARIO_TB (ID_USUARIO, ID_TIPO_USUARIO, NOMBRE, APELLIDO) VALUES ('ID_USU009', 'TIPO009', 'Elena', 'Morales');
INSERT INTO FIDE_USUARIO_TB (ID_USUARIO, ID_TIPO_USUARIO, NOMBRE, APELLIDO) VALUES ('ID_USU010', 'TIPO000', 'Ricardo', 'Herrera');
INSERT INTO FIDE_USUARIO_TB (ID_USUARIO, ID_TIPO_USUARIO, NOMBRE, APELLIDO) VALUES ('ID_USU011', 'TIPO001', 'Elena', 'Vargas');
INSERT INTO FIDE_USUARIO_TB (ID_USUARIO, ID_TIPO_USUARIO, NOMBRE, APELLIDO) VALUES ('ID_USU012', 'TIPO002', 'Ana', 'Jiménez');
INSERT INTO FIDE_USUARIO_TB (ID_USUARIO, ID_TIPO_USUARIO, NOMBRE, APELLIDO) VALUES ('ID_USU013', 'TIPO003', 'Jorge', 'Vargas');
INSERT INTO FIDE_USUARIO_TB (ID_USUARIO, ID_TIPO_USUARIO, NOMBRE, APELLIDO) VALUES ('ID_USU014', 'TIPO004', 'Ricardo', 'Castro');
INSERT INTO FIDE_USUARIO_TB (ID_USUARIO, ID_TIPO_USUARIO, NOMBRE, APELLIDO) VALUES ('ID_USU015', 'TIPO005', 'Luis', 'Vargas');
INSERT INTO FIDE_USUARIO_TB (ID_USUARIO, ID_TIPO_USUARIO, NOMBRE, APELLIDO) VALUES ('ID_USU016', 'TIPO006', 'Laura', 'Rodríguez');
INSERT INTO FIDE_USUARIO_TB (ID_USUARIO, ID_TIPO_USUARIO, NOMBRE, APELLIDO) VALUES ('ID_USU017', 'TIPO007', 'Luis', 'Vargas');
INSERT INTO FIDE_USUARIO_TB (ID_USUARIO, ID_TIPO_USUARIO, NOMBRE, APELLIDO) VALUES ('ID_USU018', 'TIPO008', 'Carlos', 'Castro');
INSERT INTO FIDE_USUARIO_TB (ID_USUARIO, ID_TIPO_USUARIO, NOMBRE, APELLIDO) VALUES ('ID_USU019', 'TIPO009', 'Jorge', 'Jiménez');
INSERT INTO FIDE_USUARIO_TB (ID_USUARIO, ID_TIPO_USUARIO, NOMBRE, APELLIDO) VALUES ('ID_USU020', 'TIPO000', 'Sofía', 'Herrera');
INSERT INTO FIDE_USUARIO_TB (ID_USUARIO, ID_TIPO_USUARIO, NOMBRE, APELLIDO) VALUES ('ID_USU021', 'TIPO001', 'Sofía', 'Pérez');
INSERT INTO FIDE_USUARIO_TB (ID_USUARIO, ID_TIPO_USUARIO, NOMBRE, APELLIDO) VALUES ('ID_USU022', 'TIPO002', 'Sofía', 'Pérez');
INSERT INTO FIDE_USUARIO_TB (ID_USUARIO, ID_TIPO_USUARIO, NOMBRE, APELLIDO) VALUES ('ID_USU023', 'TIPO003', 'María', 'Rodríguez');
INSERT INTO FIDE_USUARIO_TB (ID_USUARIO, ID_TIPO_USUARIO, NOMBRE, APELLIDO) VALUES ('ID_USU024', 'TIPO004', 'Ricardo', 'Jiménez');
INSERT INTO FIDE_USUARIO_TB (ID_USUARIO, ID_TIPO_USUARIO, NOMBRE, APELLIDO) VALUES ('ID_USU025', 'TIPO005', 'María', 'Jiménez');
INSERT INTO FIDE_USUARIO_TB (ID_USUARIO, ID_TIPO_USUARIO, NOMBRE, APELLIDO) VALUES ('ID_USU026', 'TIPO006', 'Elena', 'Vargas');
INSERT INTO FIDE_USUARIO_TB (ID_USUARIO, ID_TIPO_USUARIO, NOMBRE, APELLIDO) VALUES ('ID_USU027', 'TIPO007', 'Elena', 'Castro');
INSERT INTO FIDE_USUARIO_TB (ID_USUARIO, ID_TIPO_USUARIO, NOMBRE, APELLIDO) VALUES ('ID_USU028', 'TIPO008', 'Laura', 'Salas');
INSERT INTO FIDE_USUARIO_TB (ID_USUARIO, ID_TIPO_USUARIO, NOMBRE, APELLIDO) VALUES ('ID_USU029', 'TIPO009', 'Sofía', 'Herrera');
INSERT INTO FIDE_USUARIO_TB (ID_USUARIO, ID_TIPO_USUARIO, NOMBRE, APELLIDO) VALUES ('ID_USU030', 'TIPO000', 'María', 'Herrera');
INSERT INTO FIDE_USUARIO_TB (ID_USUARIO, ID_TIPO_USUARIO, NOMBRE, APELLIDO) VALUES ('ID_USU031', 'TIPO001', 'Pedro', 'Herrera');
INSERT INTO FIDE_USUARIO_TB (ID_USUARIO, ID_TIPO_USUARIO, NOMBRE, APELLIDO) VALUES ('ID_USU032', 'TIPO002', 'Laura', 'Salas');
INSERT INTO FIDE_USUARIO_TB (ID_USUARIO, ID_TIPO_USUARIO, NOMBRE, APELLIDO) VALUES ('ID_USU033', 'TIPO003', 'Ana', 'Rodríguez');
INSERT INTO FIDE_USUARIO_TB (ID_USUARIO, ID_TIPO_USUARIO, NOMBRE, APELLIDO) VALUES ('ID_USU034', 'TIPO004', 'Laura', 'Herrera');
INSERT INTO FIDE_USUARIO_TB (ID_USUARIO, ID_TIPO_USUARIO, NOMBRE, APELLIDO) VALUES ('ID_USU035', 'TIPO005', 'Elena', 'Fernández');
INSERT INTO FIDE_USUARIO_TB (ID_USUARIO, ID_TIPO_USUARIO, NOMBRE, APELLIDO) VALUES ('ID_USU036', 'TIPO006', 'Carlos', 'Pérez');
INSERT INTO FIDE_USUARIO_TB (ID_USUARIO, ID_TIPO_USUARIO, NOMBRE, APELLIDO) VALUES ('ID_USU037', 'TIPO007', 'Pedro', 'Gómez');
INSERT INTO FIDE_USUARIO_TB (ID_USUARIO, ID_TIPO_USUARIO, NOMBRE, APELLIDO) VALUES ('ID_USU038', 'TIPO008', 'Sofía', 'Castro');
INSERT INTO FIDE_USUARIO_TB (ID_USUARIO, ID_TIPO_USUARIO, NOMBRE, APELLIDO) VALUES ('ID_USU039', 'TIPO009', 'Laura', 'Castro');
INSERT INTO FIDE_USUARIO_TB (ID_USUARIO, ID_TIPO_USUARIO, NOMBRE, APELLIDO) VALUES ('ID_USU040', 'TIPO000', 'Jorge', 'Fernández');
INSERT INTO FIDE_USUARIO_TB (ID_USUARIO, ID_TIPO_USUARIO, NOMBRE, APELLIDO) VALUES ('ID_USU041', 'TIPO001', 'Elena', 'Rodríguez');
INSERT INTO FIDE_USUARIO_TB (ID_USUARIO, ID_TIPO_USUARIO, NOMBRE, APELLIDO) VALUES ('ID_USU042', 'TIPO002', 'Ana', 'Pérez');
INSERT INTO FIDE_USUARIO_TB (ID_USUARIO, ID_TIPO_USUARIO, NOMBRE, APELLIDO) VALUES ('ID_USU043', 'TIPO003', 'Ricardo', 'Herrera');
INSERT INTO FIDE_USUARIO_TB (ID_USUARIO, ID_TIPO_USUARIO, NOMBRE, APELLIDO) VALUES ('ID_USU044', 'TIPO004', 'Carlos', 'Gómez');
INSERT INTO FIDE_USUARIO_TB (ID_USUARIO, ID_TIPO_USUARIO, NOMBRE, APELLIDO) VALUES ('ID_USU045', 'TIPO005', 'Luis', 'Morales');
INSERT INTO FIDE_USUARIO_TB (ID_USUARIO, ID_TIPO_USUARIO, NOMBRE, APELLIDO) VALUES ('ID_USU046', 'TIPO006', 'Jorge', 'Salas');
INSERT INTO FIDE_USUARIO_TB (ID_USUARIO, ID_TIPO_USUARIO, NOMBRE, APELLIDO) VALUES ('ID_USU047', 'TIPO007', 'Laura', 'Fernández');
INSERT INTO FIDE_USUARIO_TB (ID_USUARIO, ID_TIPO_USUARIO, NOMBRE, APELLIDO) VALUES ('ID_USU048', 'TIPO008', 'Ana', 'Jiménez');
INSERT INTO FIDE_USUARIO_TB (ID_USUARIO, ID_TIPO_USUARIO, NOMBRE, APELLIDO) VALUES ('ID_USU049', 'TIPO009', 'Laura', 'Rodríguez');
INSERT INTO FIDE_USUARIO_TB (ID_USUARIO, ID_TIPO_USUARIO, NOMBRE, APELLIDO) VALUES ('ID_USU050', 'TIPO000', 'Carlos', 'Rodríguez');
INSERT INTO FIDE_USUARIO_TB (ID_USUARIO, ID_TIPO_USUARIO, NOMBRE, APELLIDO) VALUES ('ID_USU051', 'TIPO001', 'María', 'Rodríguez');
INSERT INTO FIDE_USUARIO_TB (ID_USUARIO, ID_TIPO_USUARIO, NOMBRE, APELLIDO) VALUES ('ID_USU052', 'TIPO002', 'Carlos', 'Gómez');
INSERT INTO FIDE_USUARIO_TB (ID_USUARIO, ID_TIPO_USUARIO, NOMBRE, APELLIDO) VALUES ('ID_USU053', 'TIPO003', 'Sofía', 'Fernández');
INSERT INTO FIDE_USUARIO_TB (ID_USUARIO, ID_TIPO_USUARIO, NOMBRE, APELLIDO) VALUES ('ID_USU054', 'TIPO004', 'Laura', 'Herrera');
INSERT INTO FIDE_USUARIO_TB (ID_USUARIO, ID_TIPO_USUARIO, NOMBRE, APELLIDO) VALUES ('ID_USU055', 'TIPO005', 'Sofía', 'Fernández');
INSERT INTO FIDE_USUARIO_TB (ID_USUARIO, ID_TIPO_USUARIO, NOMBRE, APELLIDO) VALUES ('ID_USU056', 'TIPO006', 'Pedro', 'Fernández');
INSERT INTO FIDE_USUARIO_TB (ID_USUARIO, ID_TIPO_USUARIO, NOMBRE, APELLIDO) VALUES ('ID_USU057', 'TIPO007', 'Carlos', 'Vargas');
INSERT INTO FIDE_USUARIO_TB (ID_USUARIO, ID_TIPO_USUARIO, NOMBRE, APELLIDO) VALUES ('ID_USU058', 'TIPO008', 'María', 'Herrera');
INSERT INTO FIDE_USUARIO_TB (ID_USUARIO, ID_TIPO_USUARIO, NOMBRE, APELLIDO) VALUES ('ID_USU059', 'TIPO009', 'María', 'Gómez');
INSERT INTO FIDE_USUARIO_TB (ID_USUARIO, ID_TIPO_USUARIO, NOMBRE, APELLIDO) VALUES ('ID_USU060', 'TIPO000', 'Ricardo', 'Jiménez');
INSERT INTO FIDE_USUARIO_TB (ID_USUARIO, ID_TIPO_USUARIO, NOMBRE, APELLIDO) VALUES ('ID_USU061', 'TIPO001', 'María', 'Herrera');
INSERT INTO FIDE_USUARIO_TB (ID_USUARIO, ID_TIPO_USUARIO, NOMBRE, APELLIDO) VALUES ('ID_USU062', 'TIPO002', 'Sofía', 'Gómez');
INSERT INTO FIDE_USUARIO_TB (ID_USUARIO, ID_TIPO_USUARIO, NOMBRE, APELLIDO) VALUES ('ID_USU063', 'TIPO003', 'Ana', 'Salas');
INSERT INTO FIDE_USUARIO_TB (ID_USUARIO, ID_TIPO_USUARIO, NOMBRE, APELLIDO) VALUES ('ID_USU064', 'TIPO004', 'Sofía', 'Morales');
INSERT INTO FIDE_USUARIO_TB (ID_USUARIO, ID_TIPO_USUARIO, NOMBRE, APELLIDO) VALUES ('ID_USU065', 'TIPO005', 'Pedro', 'Rodríguez');
INSERT INTO FIDE_USUARIO_TB (ID_USUARIO, ID_TIPO_USUARIO, NOMBRE, APELLIDO) VALUES ('ID_USU066', 'TIPO006', 'Ricardo', 'Morales');
INSERT INTO FIDE_USUARIO_TB (ID_USUARIO, ID_TIPO_USUARIO, NOMBRE, APELLIDO) VALUES ('ID_USU067', 'TIPO007', 'Carlos', 'Gómez');
INSERT INTO FIDE_USUARIO_TB (ID_USUARIO, ID_TIPO_USUARIO, NOMBRE, APELLIDO) VALUES ('ID_USU068', 'TIPO008', 'Ana', 'Gómez');
INSERT INTO FIDE_USUARIO_TB (ID_USUARIO, ID_TIPO_USUARIO, NOMBRE, APELLIDO) VALUES ('ID_USU069', 'TIPO009', 'Ana', 'Rodríguez');
INSERT INTO FIDE_USUARIO_TB (ID_USUARIO, ID_TIPO_USUARIO, NOMBRE, APELLIDO) VALUES ('ID_USU070', 'TIPO000', 'Laura', 'Salas');
INSERT INTO FIDE_USUARIO_TB (ID_USUARIO, ID_TIPO_USUARIO, NOMBRE, APELLIDO) VALUES ('ID_USU071', 'TIPO001', 'Luis', 'Castro');
INSERT INTO FIDE_USUARIO_TB (ID_USUARIO, ID_TIPO_USUARIO, NOMBRE, APELLIDO) VALUES ('ID_USU072', 'TIPO002', 'Jorge', 'Salas');
INSERT INTO FIDE_USUARIO_TB (ID_USUARIO, ID_TIPO_USUARIO, NOMBRE, APELLIDO) VALUES ('ID_USU073', 'TIPO003', 'Luis', 'Rodríguez');
INSERT INTO FIDE_USUARIO_TB (ID_USUARIO, ID_TIPO_USUARIO, NOMBRE, APELLIDO) VALUES ('ID_USU074', 'TIPO004', 'María', 'Castro');
INSERT INTO FIDE_USUARIO_TB (ID_USUARIO, ID_TIPO_USUARIO, NOMBRE, APELLIDO) VALUES ('ID_USU075', 'TIPO005', 'Jorge', 'Gómez');
INSERT INTO FIDE_USUARIO_TB (ID_USUARIO, ID_TIPO_USUARIO, NOMBRE, APELLIDO) VALUES ('ID_USU076', 'TIPO006', 'Carlos', 'Pérez');
INSERT INTO FIDE_USUARIO_TB (ID_USUARIO, ID_TIPO_USUARIO, NOMBRE, APELLIDO) VALUES ('ID_USU077', 'TIPO007', 'Elena', 'Pérez');
INSERT INTO FIDE_USUARIO_TB (ID_USUARIO, ID_TIPO_USUARIO, NOMBRE, APELLIDO) VALUES ('ID_USU078', 'TIPO008', 'Laura', 'Salas');
INSERT INTO FIDE_USUARIO_TB (ID_USUARIO, ID_TIPO_USUARIO, NOMBRE, APELLIDO) VALUES ('ID_USU079', 'TIPO009', 'Pedro', 'Morales');
INSERT INTO FIDE_USUARIO_TB (ID_USUARIO, ID_TIPO_USUARIO, NOMBRE, APELLIDO) VALUES ('ID_USU080', 'TIPO000', 'Pedro', 'Pérez');
INSERT INTO FIDE_USUARIO_TB (ID_USUARIO, ID_TIPO_USUARIO, NOMBRE, APELLIDO) VALUES ('ID_USU081', 'TIPO001', 'Pedro', 'Morales');
INSERT INTO FIDE_USUARIO_TB (ID_USUARIO, ID_TIPO_USUARIO, NOMBRE, APELLIDO) VALUES ('ID_USU082', 'TIPO002', 'María', 'Fernández');
INSERT INTO FIDE_USUARIO_TB (ID_USUARIO, ID_TIPO_USUARIO, NOMBRE, APELLIDO) VALUES ('ID_USU083', 'TIPO003', 'Elena', 'Fernández');
INSERT INTO FIDE_USUARIO_TB (ID_USUARIO, ID_TIPO_USUARIO, NOMBRE, APELLIDO) VALUES ('ID_USU084', 'TIPO004', 'Jorge', 'Castro');
INSERT INTO FIDE_USUARIO_TB (ID_USUARIO, ID_TIPO_USUARIO, NOMBRE, APELLIDO) VALUES ('ID_USU085', 'TIPO005', 'Elena', 'Salas');
INSERT INTO FIDE_USUARIO_TB (ID_USUARIO, ID_TIPO_USUARIO, NOMBRE, APELLIDO) VALUES ('ID_USU086', 'TIPO006', 'Ricardo', 'Gómez');
INSERT INTO FIDE_USUARIO_TB (ID_USUARIO, ID_TIPO_USUARIO, NOMBRE, APELLIDO) VALUES ('ID_USU087', 'TIPO007', 'Sofía', 'Herrera');
INSERT INTO FIDE_USUARIO_TB (ID_USUARIO, ID_TIPO_USUARIO, NOMBRE, APELLIDO) VALUES ('ID_USU088', 'TIPO008', 'Carlos', 'Herrera');
INSERT INTO FIDE_USUARIO_TB (ID_USUARIO, ID_TIPO_USUARIO, NOMBRE, APELLIDO) VALUES ('ID_USU089', 'TIPO009', 'Carlos', 'Morales');
INSERT INTO FIDE_USUARIO_TB (ID_USUARIO, ID_TIPO_USUARIO, NOMBRE, APELLIDO) VALUES ('ID_USU090', 'TIPO000', 'Elena', 'Fernández');
INSERT INTO FIDE_USUARIO_TB (ID_USUARIO, ID_TIPO_USUARIO, NOMBRE, APELLIDO) VALUES ('ID_USU091', 'TIPO001', 'Pedro', 'Castro');
INSERT INTO FIDE_USUARIO_TB (ID_USUARIO, ID_TIPO_USUARIO, NOMBRE, APELLIDO) VALUES ('ID_USU092', 'TIPO002', 'Luis', 'Gómez');
INSERT INTO FIDE_USUARIO_TB (ID_USUARIO, ID_TIPO_USUARIO, NOMBRE, APELLIDO) VALUES ('ID_USU093', 'TIPO003', 'Pedro', 'Jiménez');
INSERT INTO FIDE_USUARIO_TB (ID_USUARIO, ID_TIPO_USUARIO, NOMBRE, APELLIDO) VALUES ('ID_USU094', 'TIPO004', 'Carlos', 'Vargas');
INSERT INTO FIDE_USUARIO_TB (ID_USUARIO, ID_TIPO_USUARIO, NOMBRE, APELLIDO) VALUES ('ID_USU095', 'TIPO005', 'Laura', 'Pérez');
INSERT INTO FIDE_USUARIO_TB (ID_USUARIO, ID_TIPO_USUARIO, NOMBRE, APELLIDO) VALUES ('ID_USU096', 'TIPO006', 'Laura', 'Gómez');
INSERT INTO FIDE_USUARIO_TB (ID_USUARIO, ID_TIPO_USUARIO, NOMBRE, APELLIDO) VALUES ('ID_USU097', 'TIPO007', 'Ricardo', 'Vargas');
INSERT INTO FIDE_USUARIO_TB (ID_USUARIO, ID_TIPO_USUARIO, NOMBRE, APELLIDO) VALUES ('ID_USU098', 'TIPO008', 'Ana', 'Rodríguez');
INSERT INTO FIDE_USUARIO_TB (ID_USUARIO, ID_TIPO_USUARIO, NOMBRE, APELLIDO) VALUES ('ID_USU099', 'TIPO009', 'Jorge', 'Fernández');


-- INSERTS PARA FIDE_CORREO_TB
INSERT INTO FIDE_CORREO_TB (ID_CORREO, EMAIL, ID_USUARIO) VALUES ('COR000', 'usuario0@dominio.com', 'ID_USU000');
INSERT INTO FIDE_CORREO_TB (ID_CORREO, EMAIL, ID_USUARIO) VALUES ('COR001', 'usuario1@dominio.com', 'ID_USU001');
INSERT INTO FIDE_CORREO_TB (ID_CORREO, EMAIL, ID_USUARIO) VALUES ('COR002', 'usuario2@dominio.com', 'ID_USU002');
INSERT INTO FIDE_CORREO_TB (ID_CORREO, EMAIL, ID_USUARIO) VALUES ('COR003', 'usuario3@dominio.com', 'ID_USU003');
INSERT INTO FIDE_CORREO_TB (ID_CORREO, EMAIL, ID_USUARIO) VALUES ('COR004', 'usuario4@dominio.com', 'ID_USU004');
INSERT INTO FIDE_CORREO_TB (ID_CORREO, EMAIL, ID_USUARIO) VALUES ('COR005', 'usuario5@dominio.com', 'ID_USU005');
INSERT INTO FIDE_CORREO_TB (ID_CORREO, EMAIL, ID_USUARIO) VALUES ('COR006', 'usuario6@dominio.com', 'ID_USU006');
INSERT INTO FIDE_CORREO_TB (ID_CORREO, EMAIL, ID_USUARIO) VALUES ('COR007', 'usuario7@dominio.com', 'ID_USU007');
INSERT INTO FIDE_CORREO_TB (ID_CORREO, EMAIL, ID_USUARIO) VALUES ('COR008', 'usuario8@dominio.com', 'ID_USU008');
INSERT INTO FIDE_CORREO_TB (ID_CORREO, EMAIL, ID_USUARIO) VALUES ('COR009', 'usuario9@dominio.com', 'ID_USU009');
INSERT INTO FIDE_CORREO_TB (ID_CORREO, EMAIL, ID_USUARIO) VALUES ('COR010', 'usuario10@dominio.com', 'ID_USU010');
INSERT INTO FIDE_CORREO_TB (ID_CORREO, EMAIL, ID_USUARIO) VALUES ('COR011', 'usuario11@dominio.com', 'ID_USU011');
INSERT INTO FIDE_CORREO_TB (ID_CORREO, EMAIL, ID_USUARIO) VALUES ('COR012', 'usuario12@dominio.com', 'ID_USU012');
INSERT INTO FIDE_CORREO_TB (ID_CORREO, EMAIL, ID_USUARIO) VALUES ('COR013', 'usuario13@dominio.com', 'ID_USU013');
INSERT INTO FIDE_CORREO_TB (ID_CORREO, EMAIL, ID_USUARIO) VALUES ('COR014', 'usuario14@dominio.com', 'ID_USU014');
INSERT INTO FIDE_CORREO_TB (ID_CORREO, EMAIL, ID_USUARIO) VALUES ('COR015', 'usuario15@dominio.com', 'ID_USU015');
INSERT INTO FIDE_CORREO_TB (ID_CORREO, EMAIL, ID_USUARIO) VALUES ('COR016', 'usuario16@dominio.com', 'ID_USU016');
INSERT INTO FIDE_CORREO_TB (ID_CORREO, EMAIL, ID_USUARIO) VALUES ('COR017', 'usuario17@dominio.com', 'ID_USU017');
INSERT INTO FIDE_CORREO_TB (ID_CORREO, EMAIL, ID_USUARIO) VALUES ('COR018', 'usuario18@dominio.com', 'ID_USU018');
INSERT INTO FIDE_CORREO_TB (ID_CORREO, EMAIL, ID_USUARIO) VALUES ('COR019', 'usuario19@dominio.com', 'ID_USU019');
INSERT INTO FIDE_CORREO_TB (ID_CORREO, EMAIL, ID_USUARIO) VALUES ('COR020', 'usuario20@dominio.com', 'ID_USU020');
INSERT INTO FIDE_CORREO_TB (ID_CORREO, EMAIL, ID_USUARIO) VALUES ('COR021', 'usuario21@dominio.com', 'ID_USU021');
INSERT INTO FIDE_CORREO_TB (ID_CORREO, EMAIL, ID_USUARIO) VALUES ('COR022', 'usuario22@dominio.com', 'ID_USU022');
INSERT INTO FIDE_CORREO_TB (ID_CORREO, EMAIL, ID_USUARIO) VALUES ('COR023', 'usuario23@dominio.com', 'ID_USU023');
INSERT INTO FIDE_CORREO_TB (ID_CORREO, EMAIL, ID_USUARIO) VALUES ('COR024', 'usuario24@dominio.com', 'ID_USU024');
INSERT INTO FIDE_CORREO_TB (ID_CORREO, EMAIL, ID_USUARIO) VALUES ('COR025', 'usuario25@dominio.com', 'ID_USU025');
INSERT INTO FIDE_CORREO_TB (ID_CORREO, EMAIL, ID_USUARIO) VALUES ('COR026', 'usuario26@dominio.com', 'ID_USU026');
INSERT INTO FIDE_CORREO_TB (ID_CORREO, EMAIL, ID_USUARIO) VALUES ('COR027', 'usuario27@dominio.com', 'ID_USU027');
INSERT INTO FIDE_CORREO_TB (ID_CORREO, EMAIL, ID_USUARIO) VALUES ('COR028', 'usuario28@dominio.com', 'ID_USU028');
INSERT INTO FIDE_CORREO_TB (ID_CORREO, EMAIL, ID_USUARIO) VALUES ('COR029', 'usuario29@dominio.com', 'ID_USU029');
INSERT INTO FIDE_CORREO_TB (ID_CORREO, EMAIL, ID_USUARIO) VALUES ('COR030', 'usuario30@dominio.com', 'ID_USU030');
INSERT INTO FIDE_CORREO_TB (ID_CORREO, EMAIL, ID_USUARIO) VALUES ('COR031', 'usuario31@dominio.com', 'ID_USU031');
INSERT INTO FIDE_CORREO_TB (ID_CORREO, EMAIL, ID_USUARIO) VALUES ('COR032', 'usuario32@dominio.com', 'ID_USU032');
INSERT INTO FIDE_CORREO_TB (ID_CORREO, EMAIL, ID_USUARIO) VALUES ('COR033', 'usuario33@dominio.com', 'ID_USU033');
INSERT INTO FIDE_CORREO_TB (ID_CORREO, EMAIL, ID_USUARIO) VALUES ('COR034', 'usuario34@dominio.com', 'ID_USU034');
INSERT INTO FIDE_CORREO_TB (ID_CORREO, EMAIL, ID_USUARIO) VALUES ('COR035', 'usuario35@dominio.com', 'ID_USU035');
INSERT INTO FIDE_CORREO_TB (ID_CORREO, EMAIL, ID_USUARIO) VALUES ('COR036', 'usuario36@dominio.com', 'ID_USU036');
INSERT INTO FIDE_CORREO_TB (ID_CORREO, EMAIL, ID_USUARIO) VALUES ('COR037', 'usuario37@dominio.com', 'ID_USU037');
INSERT INTO FIDE_CORREO_TB (ID_CORREO, EMAIL, ID_USUARIO) VALUES ('COR038', 'usuario38@dominio.com', 'ID_USU038');
INSERT INTO FIDE_CORREO_TB (ID_CORREO, EMAIL, ID_USUARIO) VALUES ('COR039', 'usuario39@dominio.com', 'ID_USU039');
INSERT INTO FIDE_CORREO_TB (ID_CORREO, EMAIL, ID_USUARIO) VALUES ('COR040', 'usuario40@dominio.com', 'ID_USU040');
INSERT INTO FIDE_CORREO_TB (ID_CORREO, EMAIL, ID_USUARIO) VALUES ('COR041', 'usuario41@dominio.com', 'ID_USU041');
INSERT INTO FIDE_CORREO_TB (ID_CORREO, EMAIL, ID_USUARIO) VALUES ('COR042', 'usuario42@dominio.com', 'ID_USU042');
INSERT INTO FIDE_CORREO_TB (ID_CORREO, EMAIL, ID_USUARIO) VALUES ('COR043', 'usuario43@dominio.com', 'ID_USU043');
INSERT INTO FIDE_CORREO_TB (ID_CORREO, EMAIL, ID_USUARIO) VALUES ('COR044', 'usuario44@dominio.com', 'ID_USU044');
INSERT INTO FIDE_CORREO_TB (ID_CORREO, EMAIL, ID_USUARIO) VALUES ('COR045', 'usuario45@dominio.com', 'ID_USU045');
INSERT INTO FIDE_CORREO_TB (ID_CORREO, EMAIL, ID_USUARIO) VALUES ('COR046', 'usuario46@dominio.com', 'ID_USU046');
INSERT INTO FIDE_CORREO_TB (ID_CORREO, EMAIL, ID_USUARIO) VALUES ('COR047', 'usuario47@dominio.com', 'ID_USU047');
INSERT INTO FIDE_CORREO_TB (ID_CORREO, EMAIL, ID_USUARIO) VALUES ('COR048', 'usuario48@dominio.com', 'ID_USU048');
INSERT INTO FIDE_CORREO_TB (ID_CORREO, EMAIL, ID_USUARIO) VALUES ('COR049', 'usuario49@dominio.com', 'ID_USU049');
INSERT INTO FIDE_CORREO_TB (ID_CORREO, EMAIL, ID_USUARIO) VALUES ('COR050', 'usuario50@dominio.com', 'ID_USU050');
INSERT INTO FIDE_CORREO_TB (ID_CORREO, EMAIL, ID_USUARIO) VALUES ('COR051', 'usuario51@dominio.com', 'ID_USU051');
INSERT INTO FIDE_CORREO_TB (ID_CORREO, EMAIL, ID_USUARIO) VALUES ('COR052', 'usuario52@dominio.com', 'ID_USU052');
INSERT INTO FIDE_CORREO_TB (ID_CORREO, EMAIL, ID_USUARIO) VALUES ('COR053', 'usuario53@dominio.com', 'ID_USU053');
INSERT INTO FIDE_CORREO_TB (ID_CORREO, EMAIL, ID_USUARIO) VALUES ('COR054', 'usuario54@dominio.com', 'ID_USU054');
INSERT INTO FIDE_CORREO_TB (ID_CORREO, EMAIL, ID_USUARIO) VALUES ('COR055', 'usuario55@dominio.com', 'ID_USU055');
INSERT INTO FIDE_CORREO_TB (ID_CORREO, EMAIL, ID_USUARIO) VALUES ('COR056', 'usuario56@dominio.com', 'ID_USU056');
INSERT INTO FIDE_CORREO_TB (ID_CORREO, EMAIL, ID_USUARIO) VALUES ('COR057', 'usuario57@dominio.com', 'ID_USU057');
INSERT INTO FIDE_CORREO_TB (ID_CORREO, EMAIL, ID_USUARIO) VALUES ('COR058', 'usuario58@dominio.com', 'ID_USU058');
INSERT INTO FIDE_CORREO_TB (ID_CORREO, EMAIL, ID_USUARIO) VALUES ('COR059', 'usuario59@dominio.com', 'ID_USU059');
INSERT INTO FIDE_CORREO_TB (ID_CORREO, EMAIL, ID_USUARIO) VALUES ('COR060', 'usuario60@dominio.com', 'ID_USU060');
INSERT INTO FIDE_CORREO_TB (ID_CORREO, EMAIL, ID_USUARIO) VALUES ('COR061', 'usuario61@dominio.com', 'ID_USU061');
INSERT INTO FIDE_CORREO_TB (ID_CORREO, EMAIL, ID_USUARIO) VALUES ('COR062', 'usuario62@dominio.com', 'ID_USU062');
INSERT INTO FIDE_CORREO_TB (ID_CORREO, EMAIL, ID_USUARIO) VALUES ('COR063', 'usuario63@dominio.com', 'ID_USU063');
INSERT INTO FIDE_CORREO_TB (ID_CORREO, EMAIL, ID_USUARIO) VALUES ('COR064', 'usuario64@dominio.com', 'ID_USU064');
INSERT INTO FIDE_CORREO_TB (ID_CORREO, EMAIL, ID_USUARIO) VALUES ('COR065', 'usuario65@dominio.com', 'ID_USU065');
INSERT INTO FIDE_CORREO_TB (ID_CORREO, EMAIL, ID_USUARIO) VALUES ('COR066', 'usuario66@dominio.com', 'ID_USU066');
INSERT INTO FIDE_CORREO_TB (ID_CORREO, EMAIL, ID_USUARIO) VALUES ('COR067', 'usuario67@dominio.com', 'ID_USU067');
INSERT INTO FIDE_CORREO_TB (ID_CORREO, EMAIL, ID_USUARIO) VALUES ('COR068', 'usuario68@dominio.com', 'ID_USU068');
INSERT INTO FIDE_CORREO_TB (ID_CORREO, EMAIL, ID_USUARIO) VALUES ('COR069', 'usuario69@dominio.com', 'ID_USU069');
INSERT INTO FIDE_CORREO_TB (ID_CORREO, EMAIL, ID_USUARIO) VALUES ('COR070', 'usuario70@dominio.com', 'ID_USU070');
INSERT INTO FIDE_CORREO_TB (ID_CORREO, EMAIL, ID_USUARIO) VALUES ('COR071', 'usuario71@dominio.com', 'ID_USU071');
INSERT INTO FIDE_CORREO_TB (ID_CORREO, EMAIL, ID_USUARIO) VALUES ('COR072', 'usuario72@dominio.com', 'ID_USU072');
INSERT INTO FIDE_CORREO_TB (ID_CORREO, EMAIL, ID_USUARIO) VALUES ('COR073', 'usuario73@dominio.com', 'ID_USU073');
INSERT INTO FIDE_CORREO_TB (ID_CORREO, EMAIL, ID_USUARIO) VALUES ('COR074', 'usuario74@dominio.com', 'ID_USU074');
INSERT INTO FIDE_CORREO_TB (ID_CORREO, EMAIL, ID_USUARIO) VALUES ('COR075', 'usuario75@dominio.com', 'ID_USU075');
INSERT INTO FIDE_CORREO_TB (ID_CORREO, EMAIL, ID_USUARIO) VALUES ('COR076', 'usuario76@dominio.com', 'ID_USU076');
INSERT INTO FIDE_CORREO_TB (ID_CORREO, EMAIL, ID_USUARIO) VALUES ('COR077', 'usuario77@dominio.com', 'ID_USU077');
INSERT INTO FIDE_CORREO_TB (ID_CORREO, EMAIL, ID_USUARIO) VALUES ('COR078', 'usuario78@dominio.com', 'ID_USU078');
INSERT INTO FIDE_CORREO_TB (ID_CORREO, EMAIL, ID_USUARIO) VALUES ('COR079', 'usuario79@dominio.com', 'ID_USU079');
INSERT INTO FIDE_CORREO_TB (ID_CORREO, EMAIL, ID_USUARIO) VALUES ('COR080', 'usuario80@dominio.com', 'ID_USU080');
INSERT INTO FIDE_CORREO_TB (ID_CORREO, EMAIL, ID_USUARIO) VALUES ('COR081', 'usuario81@dominio.com', 'ID_USU081');
INSERT INTO FIDE_CORREO_TB (ID_CORREO, EMAIL, ID_USUARIO) VALUES ('COR082', 'usuario82@dominio.com', 'ID_USU082');
INSERT INTO FIDE_CORREO_TB (ID_CORREO, EMAIL, ID_USUARIO) VALUES ('COR083', 'usuario83@dominio.com', 'ID_USU083');
INSERT INTO FIDE_CORREO_TB (ID_CORREO, EMAIL, ID_USUARIO) VALUES ('COR084', 'usuario84@dominio.com', 'ID_USU084');
INSERT INTO FIDE_CORREO_TB (ID_CORREO, EMAIL, ID_USUARIO) VALUES ('COR085', 'usuario85@dominio.com', 'ID_USU085');
INSERT INTO FIDE_CORREO_TB (ID_CORREO, EMAIL, ID_USUARIO) VALUES ('COR086', 'usuario86@dominio.com', 'ID_USU086');
INSERT INTO FIDE_CORREO_TB (ID_CORREO, EMAIL, ID_USUARIO) VALUES ('COR087', 'usuario87@dominio.com', 'ID_USU087');
INSERT INTO FIDE_CORREO_TB (ID_CORREO, EMAIL, ID_USUARIO) VALUES ('COR088', 'usuario88@dominio.com', 'ID_USU088');
INSERT INTO FIDE_CORREO_TB (ID_CORREO, EMAIL, ID_USUARIO) VALUES ('COR089', 'usuario89@dominio.com', 'ID_USU089');
INSERT INTO FIDE_CORREO_TB (ID_CORREO, EMAIL, ID_USUARIO) VALUES ('COR090', 'usuario90@dominio.com', 'ID_USU090');
INSERT INTO FIDE_CORREO_TB (ID_CORREO, EMAIL, ID_USUARIO) VALUES ('COR091', 'usuario91@dominio.com', 'ID_USU091');
INSERT INTO FIDE_CORREO_TB (ID_CORREO, EMAIL, ID_USUARIO) VALUES ('COR092', 'usuario92@dominio.com', 'ID_USU092');
INSERT INTO FIDE_CORREO_TB (ID_CORREO, EMAIL, ID_USUARIO) VALUES ('COR093', 'usuario93@dominio.com', 'ID_USU093');
INSERT INTO FIDE_CORREO_TB (ID_CORREO, EMAIL, ID_USUARIO) VALUES ('COR094', 'usuario94@dominio.com', 'ID_USU094');
INSERT INTO FIDE_CORREO_TB (ID_CORREO, EMAIL, ID_USUARIO) VALUES ('COR095', 'usuario95@dominio.com', 'ID_USU095');
INSERT INTO FIDE_CORREO_TB (ID_CORREO, EMAIL, ID_USUARIO) VALUES ('COR096', 'usuario96@dominio.com', 'ID_USU096');
INSERT INTO FIDE_CORREO_TB (ID_CORREO, EMAIL, ID_USUARIO) VALUES ('COR097', 'usuario97@dominio.com', 'ID_USU097');
INSERT INTO FIDE_CORREO_TB (ID_CORREO, EMAIL, ID_USUARIO) VALUES ('COR098', 'usuario98@dominio.com', 'ID_USU098');
INSERT INTO FIDE_CORREO_TB (ID_CORREO, EMAIL, ID_USUARIO) VALUES ('COR099', 'usuario99@dominio.com', 'ID_USU099');

-- INSERTS PARA FIDE_TELEFONO_TB
INSERT INTO FIDE_TELEFONO_TB (ID_TELEFONO, NUMERO, ID_USUARIO) VALUES ('TEL000', '888800000', 'ID_USU000');
INSERT INTO FIDE_TELEFONO_TB (ID_TELEFONO, NUMERO, ID_USUARIO) VALUES ('TEL001', '888800001', 'ID_USU001');
INSERT INTO FIDE_TELEFONO_TB (ID_TELEFONO, NUMERO, ID_USUARIO) VALUES ('TEL002', '888800002', 'ID_USU002');
INSERT INTO FIDE_TELEFONO_TB (ID_TELEFONO, NUMERO, ID_USUARIO) VALUES ('TEL003', '888800003', 'ID_USU003');
INSERT INTO FIDE_TELEFONO_TB (ID_TELEFONO, NUMERO, ID_USUARIO) VALUES ('TEL004', '888800004', 'ID_USU004');
INSERT INTO FIDE_TELEFONO_TB (ID_TELEFONO, NUMERO, ID_USUARIO) VALUES ('TEL005', '888800005', 'ID_USU005');
INSERT INTO FIDE_TELEFONO_TB (ID_TELEFONO, NUMERO, ID_USUARIO) VALUES ('TEL006', '888800006', 'ID_USU006');
INSERT INTO FIDE_TELEFONO_TB (ID_TELEFONO, NUMERO, ID_USUARIO) VALUES ('TEL007', '888800007', 'ID_USU007');
INSERT INTO FIDE_TELEFONO_TB (ID_TELEFONO, NUMERO, ID_USUARIO) VALUES ('TEL008', '888800008', 'ID_USU008');
INSERT INTO FIDE_TELEFONO_TB (ID_TELEFONO, NUMERO, ID_USUARIO) VALUES ('TEL009', '888800009', 'ID_USU009');
INSERT INTO FIDE_TELEFONO_TB (ID_TELEFONO, NUMERO, ID_USUARIO) VALUES ('TEL010', '888800010', 'ID_USU010');
INSERT INTO FIDE_TELEFONO_TB (ID_TELEFONO, NUMERO, ID_USUARIO) VALUES ('TEL011', '888800011', 'ID_USU011');
INSERT INTO FIDE_TELEFONO_TB (ID_TELEFONO, NUMERO, ID_USUARIO) VALUES ('TEL012', '888800012', 'ID_USU012');
INSERT INTO FIDE_TELEFONO_TB (ID_TELEFONO, NUMERO, ID_USUARIO) VALUES ('TEL013', '888800013', 'ID_USU013');
INSERT INTO FIDE_TELEFONO_TB (ID_TELEFONO, NUMERO, ID_USUARIO) VALUES ('TEL014', '888800014', 'ID_USU014');
INSERT INTO FIDE_TELEFONO_TB (ID_TELEFONO, NUMERO, ID_USUARIO) VALUES ('TEL015', '888800015', 'ID_USU015');
INSERT INTO FIDE_TELEFONO_TB (ID_TELEFONO, NUMERO, ID_USUARIO) VALUES ('TEL016', '888800016', 'ID_USU016');
INSERT INTO FIDE_TELEFONO_TB (ID_TELEFONO, NUMERO, ID_USUARIO) VALUES ('TEL017', '888800017', 'ID_USU017');
INSERT INTO FIDE_TELEFONO_TB (ID_TELEFONO, NUMERO, ID_USUARIO) VALUES ('TEL018', '888800018', 'ID_USU018');
INSERT INTO FIDE_TELEFONO_TB (ID_TELEFONO, NUMERO, ID_USUARIO) VALUES ('TEL019', '888800019', 'ID_USU019');
INSERT INTO FIDE_TELEFONO_TB (ID_TELEFONO, NUMERO, ID_USUARIO) VALUES ('TEL020', '888800020', 'ID_USU020');
INSERT INTO FIDE_TELEFONO_TB (ID_TELEFONO, NUMERO, ID_USUARIO) VALUES ('TEL021', '888800021', 'ID_USU021');
INSERT INTO FIDE_TELEFONO_TB (ID_TELEFONO, NUMERO, ID_USUARIO) VALUES ('TEL022', '888800022', 'ID_USU022');
INSERT INTO FIDE_TELEFONO_TB (ID_TELEFONO, NUMERO, ID_USUARIO) VALUES ('TEL023', '888800023', 'ID_USU023');
INSERT INTO FIDE_TELEFONO_TB (ID_TELEFONO, NUMERO, ID_USUARIO) VALUES ('TEL024', '888800024', 'ID_USU024');
INSERT INTO FIDE_TELEFONO_TB (ID_TELEFONO, NUMERO, ID_USUARIO) VALUES ('TEL025', '888800025', 'ID_USU025');
INSERT INTO FIDE_TELEFONO_TB (ID_TELEFONO, NUMERO, ID_USUARIO) VALUES ('TEL026', '888800026', 'ID_USU026');
INSERT INTO FIDE_TELEFONO_TB (ID_TELEFONO, NUMERO, ID_USUARIO) VALUES ('TEL027', '888800027', 'ID_USU027');
INSERT INTO FIDE_TELEFONO_TB (ID_TELEFONO, NUMERO, ID_USUARIO) VALUES ('TEL028', '888800028', 'ID_USU028');
INSERT INTO FIDE_TELEFONO_TB (ID_TELEFONO, NUMERO, ID_USUARIO) VALUES ('TEL029', '888800029', 'ID_USU029');
INSERT INTO FIDE_TELEFONO_TB (ID_TELEFONO, NUMERO, ID_USUARIO) VALUES ('TEL030', '888800030', 'ID_USU030');
INSERT INTO FIDE_TELEFONO_TB (ID_TELEFONO, NUMERO, ID_USUARIO) VALUES ('TEL031', '888800031', 'ID_USU031');
INSERT INTO FIDE_TELEFONO_TB (ID_TELEFONO, NUMERO, ID_USUARIO) VALUES ('TEL032', '888800032', 'ID_USU032');
INSERT INTO FIDE_TELEFONO_TB (ID_TELEFONO, NUMERO, ID_USUARIO) VALUES ('TEL033', '888800033', 'ID_USU033');
INSERT INTO FIDE_TELEFONO_TB (ID_TELEFONO, NUMERO, ID_USUARIO) VALUES ('TEL034', '888800034', 'ID_USU034');
INSERT INTO FIDE_TELEFONO_TB (ID_TELEFONO, NUMERO, ID_USUARIO) VALUES ('TEL035', '888800035', 'ID_USU035');
INSERT INTO FIDE_TELEFONO_TB (ID_TELEFONO, NUMERO, ID_USUARIO) VALUES ('TEL036', '888800036', 'ID_USU036');
INSERT INTO FIDE_TELEFONO_TB (ID_TELEFONO, NUMERO, ID_USUARIO) VALUES ('TEL037', '888800037', 'ID_USU037');
INSERT INTO FIDE_TELEFONO_TB (ID_TELEFONO, NUMERO, ID_USUARIO) VALUES ('TEL038', '888800038', 'ID_USU038');
INSERT INTO FIDE_TELEFONO_TB (ID_TELEFONO, NUMERO, ID_USUARIO) VALUES ('TEL039', '888800039', 'ID_USU039');
INSERT INTO FIDE_TELEFONO_TB (ID_TELEFONO, NUMERO, ID_USUARIO) VALUES ('TEL040', '888800040', 'ID_USU040');
INSERT INTO FIDE_TELEFONO_TB (ID_TELEFONO, NUMERO, ID_USUARIO) VALUES ('TEL041', '888800041', 'ID_USU041');
INSERT INTO FIDE_TELEFONO_TB (ID_TELEFONO, NUMERO, ID_USUARIO) VALUES ('TEL042', '888800042', 'ID_USU042');
INSERT INTO FIDE_TELEFONO_TB (ID_TELEFONO, NUMERO, ID_USUARIO) VALUES ('TEL043', '888800043', 'ID_USU043');
INSERT INTO FIDE_TELEFONO_TB (ID_TELEFONO, NUMERO, ID_USUARIO) VALUES ('TEL044', '888800044', 'ID_USU044');
INSERT INTO FIDE_TELEFONO_TB (ID_TELEFONO, NUMERO, ID_USUARIO) VALUES ('TEL045', '888800045', 'ID_USU045');
INSERT INTO FIDE_TELEFONO_TB (ID_TELEFONO, NUMERO, ID_USUARIO) VALUES ('TEL046', '888800046', 'ID_USU046');
INSERT INTO FIDE_TELEFONO_TB (ID_TELEFONO, NUMERO, ID_USUARIO) VALUES ('TEL047', '888800047', 'ID_USU047');
INSERT INTO FIDE_TELEFONO_TB (ID_TELEFONO, NUMERO, ID_USUARIO) VALUES ('TEL048', '888800048', 'ID_USU048');
INSERT INTO FIDE_TELEFONO_TB (ID_TELEFONO, NUMERO, ID_USUARIO) VALUES ('TEL049', '888800049', 'ID_USU049');
INSERT INTO FIDE_TELEFONO_TB (ID_TELEFONO, NUMERO, ID_USUARIO) VALUES ('TEL050', '888800050', 'ID_USU050');
INSERT INTO FIDE_TELEFONO_TB (ID_TELEFONO, NUMERO, ID_USUARIO) VALUES ('TEL051', '888800051', 'ID_USU051');
INSERT INTO FIDE_TELEFONO_TB (ID_TELEFONO, NUMERO, ID_USUARIO) VALUES ('TEL052', '888800052', 'ID_USU052');
INSERT INTO FIDE_TELEFONO_TB (ID_TELEFONO, NUMERO, ID_USUARIO) VALUES ('TEL053', '888800053', 'ID_USU053');
INSERT INTO FIDE_TELEFONO_TB (ID_TELEFONO, NUMERO, ID_USUARIO) VALUES ('TEL054', '888800054', 'ID_USU054');
INSERT INTO FIDE_TELEFONO_TB (ID_TELEFONO, NUMERO, ID_USUARIO) VALUES ('TEL055', '888800055', 'ID_USU055');
INSERT INTO FIDE_TELEFONO_TB (ID_TELEFONO, NUMERO, ID_USUARIO) VALUES ('TEL056', '888800056', 'ID_USU056');
INSERT INTO FIDE_TELEFONO_TB (ID_TELEFONO, NUMERO, ID_USUARIO) VALUES ('TEL057', '888800057', 'ID_USU057');
INSERT INTO FIDE_TELEFONO_TB (ID_TELEFONO, NUMERO, ID_USUARIO) VALUES ('TEL058', '888800058', 'ID_USU058');
INSERT INTO FIDE_TELEFONO_TB (ID_TELEFONO, NUMERO, ID_USUARIO) VALUES ('TEL059', '888800059', 'ID_USU059');
INSERT INTO FIDE_TELEFONO_TB (ID_TELEFONO, NUMERO, ID_USUARIO) VALUES ('TEL060', '888800060', 'ID_USU060');
INSERT INTO FIDE_TELEFONO_TB (ID_TELEFONO, NUMERO, ID_USUARIO) VALUES ('TEL061', '888800061', 'ID_USU061');
INSERT INTO FIDE_TELEFONO_TB (ID_TELEFONO, NUMERO, ID_USUARIO) VALUES ('TEL062', '888800062', 'ID_USU062');
INSERT INTO FIDE_TELEFONO_TB (ID_TELEFONO, NUMERO, ID_USUARIO) VALUES ('TEL063', '888800063', 'ID_USU063');
INSERT INTO FIDE_TELEFONO_TB (ID_TELEFONO, NUMERO, ID_USUARIO) VALUES ('TEL064', '888800064', 'ID_USU064');
INSERT INTO FIDE_TELEFONO_TB (ID_TELEFONO, NUMERO, ID_USUARIO) VALUES ('TEL065', '888800065', 'ID_USU065');
INSERT INTO FIDE_TELEFONO_TB (ID_TELEFONO, NUMERO, ID_USUARIO) VALUES ('TEL066', '888800066', 'ID_USU066');
INSERT INTO FIDE_TELEFONO_TB (ID_TELEFONO, NUMERO, ID_USUARIO) VALUES ('TEL067', '888800067', 'ID_USU067');
INSERT INTO FIDE_TELEFONO_TB (ID_TELEFONO, NUMERO, ID_USUARIO) VALUES ('TEL068', '888800068', 'ID_USU068');
INSERT INTO FIDE_TELEFONO_TB (ID_TELEFONO, NUMERO, ID_USUARIO) VALUES ('TEL069', '888800069', 'ID_USU069');
INSERT INTO FIDE_TELEFONO_TB (ID_TELEFONO, NUMERO, ID_USUARIO) VALUES ('TEL070', '888800070', 'ID_USU070');
INSERT INTO FIDE_TELEFONO_TB (ID_TELEFONO, NUMERO, ID_USUARIO) VALUES ('TEL071', '888800071', 'ID_USU071');
INSERT INTO FIDE_TELEFONO_TB (ID_TELEFONO, NUMERO, ID_USUARIO) VALUES ('TEL072', '888800072', 'ID_USU072');
INSERT INTO FIDE_TELEFONO_TB (ID_TELEFONO, NUMERO, ID_USUARIO) VALUES ('TEL073', '888800073', 'ID_USU073');
INSERT INTO FIDE_TELEFONO_TB (ID_TELEFONO, NUMERO, ID_USUARIO) VALUES ('TEL074', '888800074', 'ID_USU074');
INSERT INTO FIDE_TELEFONO_TB (ID_TELEFONO, NUMERO, ID_USUARIO) VALUES ('TEL075', '888800075', 'ID_USU075');
INSERT INTO FIDE_TELEFONO_TB (ID_TELEFONO, NUMERO, ID_USUARIO) VALUES ('TEL076', '888800076', 'ID_USU076');
INSERT INTO FIDE_TELEFONO_TB (ID_TELEFONO, NUMERO, ID_USUARIO) VALUES ('TEL077', '888800077', 'ID_USU077');
INSERT INTO FIDE_TELEFONO_TB (ID_TELEFONO, NUMERO, ID_USUARIO) VALUES ('TEL078', '888800078', 'ID_USU078');
INSERT INTO FIDE_TELEFONO_TB (ID_TELEFONO, NUMERO, ID_USUARIO) VALUES ('TEL079', '888800079', 'ID_USU079');
INSERT INTO FIDE_TELEFONO_TB (ID_TELEFONO, NUMERO, ID_USUARIO) VALUES ('TEL080', '888800080', 'ID_USU080');
INSERT INTO FIDE_TELEFONO_TB (ID_TELEFONO, NUMERO, ID_USUARIO) VALUES ('TEL081', '888800081', 'ID_USU081');
INSERT INTO FIDE_TELEFONO_TB (ID_TELEFONO, NUMERO, ID_USUARIO) VALUES ('TEL082', '888800082', 'ID_USU082');
INSERT INTO FIDE_TELEFONO_TB (ID_TELEFONO, NUMERO, ID_USUARIO) VALUES ('TEL083', '888800083', 'ID_USU083');
INSERT INTO FIDE_TELEFONO_TB (ID_TELEFONO, NUMERO, ID_USUARIO) VALUES ('TEL084', '888800084', 'ID_USU084');
INSERT INTO FIDE_TELEFONO_TB (ID_TELEFONO, NUMERO, ID_USUARIO) VALUES ('TEL085', '888800085', 'ID_USU085');
INSERT INTO FIDE_TELEFONO_TB (ID_TELEFONO, NUMERO, ID_USUARIO) VALUES ('TEL086', '888800086', 'ID_USU086');
INSERT INTO FIDE_TELEFONO_TB (ID_TELEFONO, NUMERO, ID_USUARIO) VALUES ('TEL087', '888800087', 'ID_USU087');
INSERT INTO FIDE_TELEFONO_TB (ID_TELEFONO, NUMERO, ID_USUARIO) VALUES ('TEL088', '888800088', 'ID_USU088');
INSERT INTO FIDE_TELEFONO_TB (ID_TELEFONO, NUMERO, ID_USUARIO) VALUES ('TEL089', '888800089', 'ID_USU089');
INSERT INTO FIDE_TELEFONO_TB (ID_TELEFONO, NUMERO, ID_USUARIO) VALUES ('TEL090', '888800090', 'ID_USU090');
INSERT INTO FIDE_TELEFONO_TB (ID_TELEFONO, NUMERO, ID_USUARIO) VALUES ('TEL091', '888800091', 'ID_USU091');
INSERT INTO FIDE_TELEFONO_TB (ID_TELEFONO, NUMERO, ID_USUARIO) VALUES ('TEL092', '888800092', 'ID_USU092');
INSERT INTO FIDE_TELEFONO_TB (ID_TELEFONO, NUMERO, ID_USUARIO) VALUES ('TEL093', '888800093', 'ID_USU093');
INSERT INTO FIDE_TELEFONO_TB (ID_TELEFONO, NUMERO, ID_USUARIO) VALUES ('TEL094', '888800094', 'ID_USU094');
INSERT INTO FIDE_TELEFONO_TB (ID_TELEFONO, NUMERO, ID_USUARIO) VALUES ('TEL095', '888800095', 'ID_USU095');
INSERT INTO FIDE_TELEFONO_TB (ID_TELEFONO, NUMERO, ID_USUARIO) VALUES ('TEL096', '888800096', 'ID_USU096');
INSERT INTO FIDE_TELEFONO_TB (ID_TELEFONO, NUMERO, ID_USUARIO) VALUES ('TEL097', '888800097', 'ID_USU097');
INSERT INTO FIDE_TELEFONO_TB (ID_TELEFONO, NUMERO, ID_USUARIO) VALUES ('TEL098', '888800098', 'ID_USU098');
INSERT INTO FIDE_TELEFONO_TB (ID_TELEFONO, NUMERO, ID_USUARIO) VALUES ('TEL099', '888800099', 'ID_USU099');

-- Inserciones para FIDE_PRODUCTO_TB
INSERT INTO FIDE_PRODUCTO_TB (ID_PRODUCTO, ID_CATEGORIA, NOMBRE, PRECIO, STOCK) VALUES ('PROD000', 'ID_CAT000', 'Producto 0', '86226', '462');
INSERT INTO FIDE_PRODUCTO_TB (ID_PRODUCTO, ID_CATEGORIA, NOMBRE, PRECIO, STOCK) VALUES ('PROD001', 'ID_CAT001', 'Producto 1', '78166', '264');
INSERT INTO FIDE_PRODUCTO_TB (ID_PRODUCTO, ID_CATEGORIA, NOMBRE, PRECIO, STOCK) VALUES ('PROD002', 'ID_CAT002', 'Producto 2', '86947', '12');
INSERT INTO FIDE_PRODUCTO_TB (ID_PRODUCTO, ID_CATEGORIA, NOMBRE, PRECIO, STOCK) VALUES ('PROD003', 'ID_CAT003', 'Producto 3', '66092', '76');
INSERT INTO FIDE_PRODUCTO_TB (ID_PRODUCTO, ID_CATEGORIA, NOMBRE, PRECIO, STOCK) VALUES ('PROD004', 'ID_CAT004', 'Producto 4', '37114', '489');
INSERT INTO FIDE_PRODUCTO_TB (ID_PRODUCTO, ID_CATEGORIA, NOMBRE, PRECIO, STOCK) VALUES ('PROD005', 'ID_CAT005', 'Producto 5', '21891', '316');
INSERT INTO FIDE_PRODUCTO_TB (ID_PRODUCTO, ID_CATEGORIA, NOMBRE, PRECIO, STOCK) VALUES ('PROD006', 'ID_CAT006', 'Producto 6', '61439', '203');
INSERT INTO FIDE_PRODUCTO_TB (ID_PRODUCTO, ID_CATEGORIA, NOMBRE, PRECIO, STOCK) VALUES ('PROD007', 'ID_CAT007', 'Producto 7', '70212', '194');
INSERT INTO FIDE_PRODUCTO_TB (ID_PRODUCTO, ID_CATEGORIA, NOMBRE, PRECIO, STOCK) VALUES ('PROD008', 'ID_CAT008', 'Producto 8', '53029', '436');
INSERT INTO FIDE_PRODUCTO_TB (ID_PRODUCTO, ID_CATEGORIA, NOMBRE, PRECIO, STOCK) VALUES ('PROD009', 'ID_CAT009', 'Producto 9', '7980', '322');
INSERT INTO FIDE_PRODUCTO_TB (ID_PRODUCTO, ID_CATEGORIA, NOMBRE, PRECIO, STOCK) VALUES ('PROD010', 'ID_CAT000', 'Producto 10', '81226', '48');
INSERT INTO FIDE_PRODUCTO_TB (ID_PRODUCTO, ID_CATEGORIA, NOMBRE, PRECIO, STOCK) VALUES ('PROD011', 'ID_CAT001', 'Producto 11', '6849', '50');
INSERT INTO FIDE_PRODUCTO_TB (ID_PRODUCTO, ID_CATEGORIA, NOMBRE, PRECIO, STOCK) VALUES ('PROD012', 'ID_CAT002', 'Producto 12', '66804', '96');
INSERT INTO FIDE_PRODUCTO_TB (ID_PRODUCTO, ID_CATEGORIA, NOMBRE, PRECIO, STOCK) VALUES ('PROD013', 'ID_CAT003', 'Producto 13', '69002', '157');
INSERT INTO FIDE_PRODUCTO_TB (ID_PRODUCTO, ID_CATEGORIA, NOMBRE, PRECIO, STOCK) VALUES ('PROD014', 'ID_CAT004', 'Producto 14', '40099', '436');
INSERT INTO FIDE_PRODUCTO_TB (ID_PRODUCTO, ID_CATEGORIA, NOMBRE, PRECIO, STOCK) VALUES ('PROD015', 'ID_CAT005', 'Producto 15', '11286', '392');
INSERT INTO FIDE_PRODUCTO_TB (ID_PRODUCTO, ID_CATEGORIA, NOMBRE, PRECIO, STOCK) VALUES ('PROD016', 'ID_CAT006', 'Producto 16', '56436', '183');
INSERT INTO FIDE_PRODUCTO_TB (ID_PRODUCTO, ID_CATEGORIA, NOMBRE, PRECIO, STOCK) VALUES ('PROD017', 'ID_CAT007', 'Producto 17', '84674', '107');
INSERT INTO FIDE_PRODUCTO_TB (ID_PRODUCTO, ID_CATEGORIA, NOMBRE, PRECIO, STOCK) VALUES ('PROD018', 'ID_CAT008', 'Producto 18', '92303', '179');
INSERT INTO FIDE_PRODUCTO_TB (ID_PRODUCTO, ID_CATEGORIA, NOMBRE, PRECIO, STOCK) VALUES ('PROD019', 'ID_CAT009', 'Producto 19', '22626', '497');
INSERT INTO FIDE_PRODUCTO_TB (ID_PRODUCTO, ID_CATEGORIA, NOMBRE, PRECIO, STOCK) VALUES ('PROD020', 'ID_CAT000', 'Producto 20', '3602', '249');
INSERT INTO FIDE_PRODUCTO_TB (ID_PRODUCTO, ID_CATEGORIA, NOMBRE, PRECIO, STOCK) VALUES ('PROD021', 'ID_CAT001', 'Producto 21', '19216', '112');
INSERT INTO FIDE_PRODUCTO_TB (ID_PRODUCTO, ID_CATEGORIA, NOMBRE, PRECIO, STOCK) VALUES ('PROD022', 'ID_CAT002', 'Producto 22', '49144', '29');
INSERT INTO FIDE_PRODUCTO_TB (ID_PRODUCTO, ID_CATEGORIA, NOMBRE, PRECIO, STOCK) VALUES ('PROD023', 'ID_CAT003', 'Producto 23', '80589', '377');
INSERT INTO FIDE_PRODUCTO_TB (ID_PRODUCTO, ID_CATEGORIA, NOMBRE, PRECIO, STOCK) VALUES ('PROD024', 'ID_CAT004', 'Producto 24', '19745', '230');
INSERT INTO FIDE_PRODUCTO_TB (ID_PRODUCTO, ID_CATEGORIA, NOMBRE, PRECIO, STOCK) VALUES ('PROD025', 'ID_CAT005', 'Producto 25', '24197', '273');
INSERT INTO FIDE_PRODUCTO_TB (ID_PRODUCTO, ID_CATEGORIA, NOMBRE, PRECIO, STOCK) VALUES ('PROD026', 'ID_CAT006', 'Producto 26', '50498', '375');
INSERT INTO FIDE_PRODUCTO_TB (ID_PRODUCTO, ID_CATEGORIA, NOMBRE, PRECIO, STOCK) VALUES ('PROD027', 'ID_CAT007', 'Producto 27', '62350', '280');
INSERT INTO FIDE_PRODUCTO_TB (ID_PRODUCTO, ID_CATEGORIA, NOMBRE, PRECIO, STOCK) VALUES ('PROD028', 'ID_CAT008', 'Producto 28', '61509', '176');
INSERT INTO FIDE_PRODUCTO_TB (ID_PRODUCTO, ID_CATEGORIA, NOMBRE, PRECIO, STOCK) VALUES ('PROD029', 'ID_CAT009', 'Producto 29', '18720', '418');
INSERT INTO FIDE_PRODUCTO_TB (ID_PRODUCTO, ID_CATEGORIA, NOMBRE, PRECIO, STOCK) VALUES ('PROD030', 'ID_CAT000', 'Producto 30', '67334', '275');
INSERT INTO FIDE_PRODUCTO_TB (ID_PRODUCTO, ID_CATEGORIA, NOMBRE, PRECIO, STOCK) VALUES ('PROD031', 'ID_CAT001', 'Producto 31', '10598', '221');
INSERT INTO FIDE_PRODUCTO_TB (ID_PRODUCTO, ID_CATEGORIA, NOMBRE, PRECIO, STOCK) VALUES ('PROD032', 'ID_CAT002', 'Producto 32', '99797', '231');
INSERT INTO FIDE_PRODUCTO_TB (ID_PRODUCTO, ID_CATEGORIA, NOMBRE, PRECIO, STOCK) VALUES ('PROD033', 'ID_CAT003', 'Producto 33', '49530', '220');
INSERT INTO FIDE_PRODUCTO_TB (ID_PRODUCTO, ID_CATEGORIA, NOMBRE, PRECIO, STOCK) VALUES ('PROD034', 'ID_CAT004', 'Producto 34', '83995', '390');
INSERT INTO FIDE_PRODUCTO_TB (ID_PRODUCTO, ID_CATEGORIA, NOMBRE, PRECIO, STOCK) VALUES ('PROD035', 'ID_CAT005', 'Producto 35', '97494', '68');
INSERT INTO FIDE_PRODUCTO_TB (ID_PRODUCTO, ID_CATEGORIA, NOMBRE, PRECIO, STOCK) VALUES ('PROD036', 'ID_CAT006', 'Producto 36', '99263', '242');
INSERT INTO FIDE_PRODUCTO_TB (ID_PRODUCTO, ID_CATEGORIA, NOMBRE, PRECIO, STOCK) VALUES ('PROD037', 'ID_CAT007', 'Producto 37', '50681', '107');
INSERT INTO FIDE_PRODUCTO_TB (ID_PRODUCTO, ID_CATEGORIA, NOMBRE, PRECIO, STOCK) VALUES ('PROD038', 'ID_CAT008', 'Producto 38', '67145', '482');
INSERT INTO FIDE_PRODUCTO_TB (ID_PRODUCTO, ID_CATEGORIA, NOMBRE, PRECIO, STOCK) VALUES ('PROD039', 'ID_CAT009', 'Producto 39', '56637', '152');
INSERT INTO FIDE_PRODUCTO_TB (ID_PRODUCTO, ID_CATEGORIA, NOMBRE, PRECIO, STOCK) VALUES ('PROD040', 'ID_CAT000', 'Producto 40', '21607', '266');
INSERT INTO FIDE_PRODUCTO_TB (ID_PRODUCTO, ID_CATEGORIA, NOMBRE, PRECIO, STOCK) VALUES ('PROD041', 'ID_CAT001', 'Producto 41', '80093', '306');
INSERT INTO FIDE_PRODUCTO_TB (ID_PRODUCTO, ID_CATEGORIA, NOMBRE, PRECIO, STOCK) VALUES ('PROD042', 'ID_CAT002', 'Producto 42', '42752', '91');
INSERT INTO FIDE_PRODUCTO_TB (ID_PRODUCTO, ID_CATEGORIA, NOMBRE, PRECIO, STOCK) VALUES ('PROD043', 'ID_CAT003', 'Producto 43', '41394', '235');
INSERT INTO FIDE_PRODUCTO_TB (ID_PRODUCTO, ID_CATEGORIA, NOMBRE, PRECIO, STOCK) VALUES ('PROD044', 'ID_CAT004', 'Producto 44', '55018', '284');
INSERT INTO FIDE_PRODUCTO_TB (ID_PRODUCTO, ID_CATEGORIA, NOMBRE, PRECIO, STOCK) VALUES ('PROD045', 'ID_CAT005', 'Producto 45', '2884', '17');
INSERT INTO FIDE_PRODUCTO_TB (ID_PRODUCTO, ID_CATEGORIA, NOMBRE, PRECIO, STOCK) VALUES ('PROD046', 'ID_CAT006', 'Producto 46', '90457', '336');
INSERT INTO FIDE_PRODUCTO_TB (ID_PRODUCTO, ID_CATEGORIA, NOMBRE, PRECIO, STOCK) VALUES ('PROD047', 'ID_CAT007', 'Producto 47', '47817', '490');
INSERT INTO FIDE_PRODUCTO_TB (ID_PRODUCTO, ID_CATEGORIA, NOMBRE, PRECIO, STOCK) VALUES ('PROD048', 'ID_CAT008', 'Producto 48', '69208', '306');
INSERT INTO FIDE_PRODUCTO_TB (ID_PRODUCTO, ID_CATEGORIA, NOMBRE, PRECIO, STOCK) VALUES ('PROD049', 'ID_CAT009', 'Producto 49', '47452', '262');
INSERT INTO FIDE_PRODUCTO_TB (ID_PRODUCTO, ID_CATEGORIA, NOMBRE, PRECIO, STOCK) VALUES ('PROD050', 'ID_CAT000', 'Producto 50', '82467', '174');
INSERT INTO FIDE_PRODUCTO_TB (ID_PRODUCTO, ID_CATEGORIA, NOMBRE, PRECIO, STOCK) VALUES ('PROD051', 'ID_CAT001', 'Producto 51', '91194', '348');
INSERT INTO FIDE_PRODUCTO_TB (ID_PRODUCTO, ID_CATEGORIA, NOMBRE, PRECIO, STOCK) VALUES ('PROD052', 'ID_CAT002', 'Producto 52', '24382', '206');
INSERT INTO FIDE_PRODUCTO_TB (ID_PRODUCTO, ID_CATEGORIA, NOMBRE, PRECIO, STOCK) VALUES ('PROD053', 'ID_CAT003', 'Producto 53', '51939', '221');
INSERT INTO FIDE_PRODUCTO_TB (ID_PRODUCTO, ID_CATEGORIA, NOMBRE, PRECIO, STOCK) VALUES ('PROD054', 'ID_CAT004', 'Producto 54', '61662', '442');
INSERT INTO FIDE_PRODUCTO_TB (ID_PRODUCTO, ID_CATEGORIA, NOMBRE, PRECIO, STOCK) VALUES ('PROD055', 'ID_CAT005', 'Producto 55', '97575', '330');
INSERT INTO FIDE_PRODUCTO_TB (ID_PRODUCTO, ID_CATEGORIA, NOMBRE, PRECIO, STOCK) VALUES ('PROD056', 'ID_CAT006', 'Producto 56', '36864', '108');
INSERT INTO FIDE_PRODUCTO_TB (ID_PRODUCTO, ID_CATEGORIA, NOMBRE, PRECIO, STOCK) VALUES ('PROD057', 'ID_CAT007', 'Producto 57', '3742', '204');
INSERT INTO FIDE_PRODUCTO_TB (ID_PRODUCTO, ID_CATEGORIA, NOMBRE, PRECIO, STOCK) VALUES ('PROD058', 'ID_CAT008', 'Producto 58', '71315', '160');
INSERT INTO FIDE_PRODUCTO_TB (ID_PRODUCTO, ID_CATEGORIA, NOMBRE, PRECIO, STOCK) VALUES ('PROD059', 'ID_CAT009', 'Producto 59', '81262', '304');
INSERT INTO FIDE_PRODUCTO_TB (ID_PRODUCTO, ID_CATEGORIA, NOMBRE, PRECIO, STOCK) VALUES ('PROD060', 'ID_CAT000', 'Producto 60', '42126', '211');
INSERT INTO FIDE_PRODUCTO_TB (ID_PRODUCTO, ID_CATEGORIA, NOMBRE, PRECIO, STOCK) VALUES ('PROD061', 'ID_CAT001', 'Producto 61', '35921', '311');
INSERT INTO FIDE_PRODUCTO_TB (ID_PRODUCTO, ID_CATEGORIA, NOMBRE, PRECIO, STOCK) VALUES ('PROD062', 'ID_CAT002', 'Producto 62', '81685', '430');
INSERT INTO FIDE_PRODUCTO_TB (ID_PRODUCTO, ID_CATEGORIA, NOMBRE, PRECIO, STOCK) VALUES ('PROD063', 'ID_CAT003', 'Producto 63', '36012', '104');
INSERT INTO FIDE_PRODUCTO_TB (ID_PRODUCTO, ID_CATEGORIA, NOMBRE, PRECIO, STOCK) VALUES ('PROD064', 'ID_CAT004', 'Producto 64', '81337', '47');
INSERT INTO FIDE_PRODUCTO_TB (ID_PRODUCTO, ID_CATEGORIA, NOMBRE, PRECIO, STOCK) VALUES ('PROD065', 'ID_CAT005', 'Producto 65', '94407', '476');
INSERT INTO FIDE_PRODUCTO_TB (ID_PRODUCTO, ID_CATEGORIA, NOMBRE, PRECIO, STOCK) VALUES ('PROD066', 'ID_CAT006', 'Producto 66', '15819', '358');
INSERT INTO FIDE_PRODUCTO_TB (ID_PRODUCTO, ID_CATEGORIA, NOMBRE, PRECIO, STOCK) VALUES ('PROD067', 'ID_CAT007', 'Producto 67', '38630', '246');
INSERT INTO FIDE_PRODUCTO_TB (ID_PRODUCTO, ID_CATEGORIA, NOMBRE, PRECIO, STOCK) VALUES ('PROD068', 'ID_CAT008', 'Producto 68', '32056', '338');
INSERT INTO FIDE_PRODUCTO_TB (ID_PRODUCTO, ID_CATEGORIA, NOMBRE, PRECIO, STOCK) VALUES ('PROD069', 'ID_CAT009', 'Producto 69', '39242', '489');
INSERT INTO FIDE_PRODUCTO_TB (ID_PRODUCTO, ID_CATEGORIA, NOMBRE, PRECIO, STOCK) VALUES ('PROD070', 'ID_CAT000', 'Producto 70', '82120', '38');
INSERT INTO FIDE_PRODUCTO_TB (ID_PRODUCTO, ID_CATEGORIA, NOMBRE, PRECIO, STOCK) VALUES ('PROD071', 'ID_CAT001', 'Producto 71', '59241', '143');
INSERT INTO FIDE_PRODUCTO_TB (ID_PRODUCTO, ID_CATEGORIA, NOMBRE, PRECIO, STOCK) VALUES ('PROD072', 'ID_CAT002', 'Producto 72', '87047', '231');
INSERT INTO FIDE_PRODUCTO_TB (ID_PRODUCTO, ID_CATEGORIA, NOMBRE, PRECIO, STOCK) VALUES ('PROD073', 'ID_CAT003', 'Producto 73', '36406', '335');
INSERT INTO FIDE_PRODUCTO_TB (ID_PRODUCTO, ID_CATEGORIA, NOMBRE, PRECIO, STOCK) VALUES ('PROD074', 'ID_CAT004', 'Producto 74', '11603', '35');
INSERT INTO FIDE_PRODUCTO_TB (ID_PRODUCTO, ID_CATEGORIA, NOMBRE, PRECIO, STOCK) VALUES ('PROD075', 'ID_CAT005', 'Producto 75', '51247', '410');
INSERT INTO FIDE_PRODUCTO_TB (ID_PRODUCTO, ID_CATEGORIA, NOMBRE, PRECIO, STOCK) VALUES ('PROD076', 'ID_CAT006', 'Producto 76', '68629', '266');
INSERT INTO FIDE_PRODUCTO_TB (ID_PRODUCTO, ID_CATEGORIA, NOMBRE, PRECIO, STOCK) VALUES ('PROD077', 'ID_CAT007', 'Producto 77', '64851', '380');
INSERT INTO FIDE_PRODUCTO_TB (ID_PRODUCTO, ID_CATEGORIA, NOMBRE, PRECIO, STOCK) VALUES ('PROD078', 'ID_CAT008', 'Producto 78', '37246', '228');
INSERT INTO FIDE_PRODUCTO_TB (ID_PRODUCTO, ID_CATEGORIA, NOMBRE, PRECIO, STOCK) VALUES ('PROD079', 'ID_CAT009', 'Producto 79', '37632', '416');
INSERT INTO FIDE_PRODUCTO_TB (ID_PRODUCTO, ID_CATEGORIA, NOMBRE, PRECIO, STOCK) VALUES ('PROD080', 'ID_CAT000', 'Producto 80', '69622', '281');
INSERT INTO FIDE_PRODUCTO_TB (ID_PRODUCTO, ID_CATEGORIA, NOMBRE, PRECIO, STOCK) VALUES ('PROD081', 'ID_CAT001', 'Producto 81', '93950', '353');
INSERT INTO FIDE_PRODUCTO_TB (ID_PRODUCTO, ID_CATEGORIA, NOMBRE, PRECIO, STOCK) VALUES ('PROD082', 'ID_CAT002', 'Producto 82', '52616', '151');
INSERT INTO FIDE_PRODUCTO_TB (ID_PRODUCTO, ID_CATEGORIA, NOMBRE, PRECIO, STOCK) VALUES ('PROD083', 'ID_CAT003', 'Producto 83', '43086', '15');
INSERT INTO FIDE_PRODUCTO_TB (ID_PRODUCTO, ID_CATEGORIA, NOMBRE, PRECIO, STOCK) VALUES ('PROD084', 'ID_CAT004', 'Producto 84', '27209', '488');
INSERT INTO FIDE_PRODUCTO_TB (ID_PRODUCTO, ID_CATEGORIA, NOMBRE, PRECIO, STOCK) VALUES ('PROD085', 'ID_CAT005', 'Producto 85', '58857', '213');
INSERT INTO FIDE_PRODUCTO_TB (ID_PRODUCTO, ID_CATEGORIA, NOMBRE, PRECIO, STOCK) VALUES ('PROD086', 'ID_CAT006', 'Producto 86', '76045', '111');
INSERT INTO FIDE_PRODUCTO_TB (ID_PRODUCTO, ID_CATEGORIA, NOMBRE, PRECIO, STOCK) VALUES ('PROD087', 'ID_CAT007', 'Producto 87', '92388', '32');
INSERT INTO FIDE_PRODUCTO_TB (ID_PRODUCTO, ID_CATEGORIA, NOMBRE, PRECIO, STOCK) VALUES ('PROD088', 'ID_CAT008', 'Producto 88', '79014', '433');
INSERT INTO FIDE_PRODUCTO_TB (ID_PRODUCTO, ID_CATEGORIA, NOMBRE, PRECIO, STOCK) VALUES ('PROD089', 'ID_CAT009', 'Producto 89', '29002', '105');
INSERT INTO FIDE_PRODUCTO_TB (ID_PRODUCTO, ID_CATEGORIA, NOMBRE, PRECIO, STOCK) VALUES ('PROD090', 'ID_CAT000', 'Producto 90', '71187', '124');
INSERT INTO FIDE_PRODUCTO_TB (ID_PRODUCTO, ID_CATEGORIA, NOMBRE, PRECIO, STOCK) VALUES ('PROD091', 'ID_CAT001', 'Producto 91', '41428', '3');
INSERT INTO FIDE_PRODUCTO_TB (ID_PRODUCTO, ID_CATEGORIA, NOMBRE, PRECIO, STOCK) VALUES ('PROD092', 'ID_CAT002', 'Producto 92', '3613', '153');
INSERT INTO FIDE_PRODUCTO_TB (ID_PRODUCTO, ID_CATEGORIA, NOMBRE, PRECIO, STOCK) VALUES ('PROD093', 'ID_CAT003', 'Producto 93', '97752', '168');
INSERT INTO FIDE_PRODUCTO_TB (ID_PRODUCTO, ID_CATEGORIA, NOMBRE, PRECIO, STOCK) VALUES ('PROD094', 'ID_CAT004', 'Producto 94', '10746', '245');
INSERT INTO FIDE_PRODUCTO_TB (ID_PRODUCTO, ID_CATEGORIA, NOMBRE, PRECIO, STOCK) VALUES ('PROD095', 'ID_CAT005', 'Producto 95', '18313', '244');
INSERT INTO FIDE_PRODUCTO_TB (ID_PRODUCTO, ID_CATEGORIA, NOMBRE, PRECIO, STOCK) VALUES ('PROD096', 'ID_CAT006', 'Producto 96', '72663', '302');
INSERT INTO FIDE_PRODUCTO_TB (ID_PRODUCTO, ID_CATEGORIA, NOMBRE, PRECIO, STOCK) VALUES ('PROD097', 'ID_CAT007', 'Producto 97', '97652', '89');
INSERT INTO FIDE_PRODUCTO_TB (ID_PRODUCTO, ID_CATEGORIA, NOMBRE, PRECIO, STOCK) VALUES ('PROD098', 'ID_CAT008', 'Producto 98', '72971', '150');
INSERT INTO FIDE_PRODUCTO_TB (ID_PRODUCTO, ID_CATEGORIA, NOMBRE, PRECIO, STOCK) VALUES ('PROD099', 'ID_CAT009', 'Producto 99', '56780', '388');

-- Inserciones para FIDE_FACTURACION_TB
INSERT INTO FIDE_FACTURACION_TB (ID_FACTURA, ID_EMPLEADO, ID_CAJA, ID_USUARIO, FECHA, MONTO_TOTAL) 
VALUES ('FACT000', 'EMP000', 'ID_CAJ000', 'ID_USU000', TO_DATE('2024-01-01', 'YYYY-MM-DD'), 50000);
INSERT INTO FIDE_FACTURACION_TB (ID_FACTURA, ID_EMPLEADO, ID_CAJA, ID_USUARIO, FECHA, MONTO_TOTAL) 
VALUES ('FACT001', 'EMP001', 'ID_CAJ001', 'ID_USU001', TO_DATE('2024-01-02', 'YYYY-MM-DD'), 51234);
INSERT INTO FIDE_FACTURACION_TB (ID_FACTURA, ID_EMPLEADO, ID_CAJA, ID_USUARIO, FECHA, MONTO_TOTAL) 
VALUES ('FACT002', 'EMP002', 'ID_CAJ002', 'ID_USU002', TO_DATE('2024-01-03', 'YYYY-MM-DD'), 52468);
INSERT INTO FIDE_FACTURACION_TB (ID_FACTURA, ID_EMPLEADO, ID_CAJA, ID_USUARIO, FECHA, MONTO_TOTAL) 
VALUES ('FACT003', 'EMP003', 'ID_CAJ003', 'ID_USU003', TO_DATE('2024-01-04', 'YYYY-MM-DD'), 53702);
INSERT INTO FIDE_FACTURACION_TB (ID_FACTURA, ID_EMPLEADO, ID_CAJA, ID_USUARIO, FECHA, MONTO_TOTAL) 
VALUES ('FACT004', 'EMP004', 'ID_CAJ004', 'ID_USU004', TO_DATE('2024-01-05', 'YYYY-MM-DD'), 54936);
INSERT INTO FIDE_FACTURACION_TB (ID_FACTURA, ID_EMPLEADO, ID_CAJA, ID_USUARIO, FECHA, MONTO_TOTAL) 
VALUES ('FACT005', 'EMP005', 'ID_CAJ005', 'ID_USU005', TO_DATE('2024-01-06', 'YYYY-MM-DD'), 56170);
INSERT INTO FIDE_FACTURACION_TB (ID_FACTURA, ID_EMPLEADO, ID_CAJA, ID_USUARIO, FECHA, MONTO_TOTAL) 
VALUES ('FACT006', 'EMP006', 'ID_CAJ006', 'ID_USU006', TO_DATE('2024-01-07', 'YYYY-MM-DD'), 57404);
INSERT INTO FIDE_FACTURACION_TB (ID_FACTURA, ID_EMPLEADO, ID_CAJA, ID_USUARIO, FECHA, MONTO_TOTAL) 
VALUES ('FACT007', 'EMP007', 'ID_CAJ007', 'ID_USU007', TO_DATE('2024-01-08', 'YYYY-MM-DD'), 58638);
INSERT INTO FIDE_FACTURACION_TB (ID_FACTURA, ID_EMPLEADO, ID_CAJA, ID_USUARIO, FECHA, MONTO_TOTAL) 
VALUES ('FACT008', 'EMP008', 'ID_CAJ008', 'ID_USU008', TO_DATE('2024-01-09', 'YYYY-MM-DD'), 59872);
INSERT INTO FIDE_FACTURACION_TB (ID_FACTURA, ID_EMPLEADO, ID_CAJA, ID_USUARIO, FECHA, MONTO_TOTAL) 
VALUES ('FACT009', 'EMP009', 'ID_CAJ009', 'ID_USU009', TO_DATE('2024-01-10', 'YYYY-MM-DD'), 61106);
INSERT INTO FIDE_FACTURACION_TB (ID_FACTURA, ID_EMPLEADO, ID_CAJA, ID_USUARIO, FECHA, MONTO_TOTAL) 
VALUES ('FACT010', 'EMP010', 'ID_CAJ010', 'ID_USU010', TO_DATE('2024-01-11', 'YYYY-MM-DD'), 62340);
INSERT INTO FIDE_FACTURACION_TB (ID_FACTURA, ID_EMPLEADO, ID_CAJA, ID_USUARIO, FECHA, MONTO_TOTAL) 
VALUES ('FACT011', 'EMP011', 'ID_CAJ011', 'ID_USU011', TO_DATE('2024-01-12', 'YYYY-MM-DD'), 63574);
INSERT INTO FIDE_FACTURACION_TB (ID_FACTURA, ID_EMPLEADO, ID_CAJA, ID_USUARIO, FECHA, MONTO_TOTAL) 
VALUES ('FACT012', 'EMP012', 'ID_CAJ012', 'ID_USU012', TO_DATE('2024-01-13', 'YYYY-MM-DD'), 64808);
INSERT INTO FIDE_FACTURACION_TB (ID_FACTURA, ID_EMPLEADO, ID_CAJA, ID_USUARIO, FECHA, MONTO_TOTAL) 
VALUES ('FACT013', 'EMP013', 'ID_CAJ013', 'ID_USU013', TO_DATE('2024-01-14', 'YYYY-MM-DD'), 66042);
INSERT INTO FIDE_FACTURACION_TB (ID_FACTURA, ID_EMPLEADO, ID_CAJA, ID_USUARIO, FECHA, MONTO_TOTAL) 
VALUES ('FACT014', 'EMP014', 'ID_CAJ014', 'ID_USU014', TO_DATE('2024-01-15', 'YYYY-MM-DD'), 67276);
INSERT INTO FIDE_FACTURACION_TB (ID_FACTURA, ID_EMPLEADO, ID_CAJA, ID_USUARIO, FECHA, MONTO_TOTAL) 
VALUES ('FACT015', 'EMP015', 'ID_CAJ015', 'ID_USU015', TO_DATE('2024-01-16', 'YYYY-MM-DD'), 68510);
INSERT INTO FIDE_FACTURACION_TB (ID_FACTURA, ID_EMPLEADO, ID_CAJA, ID_USUARIO, FECHA, MONTO_TOTAL) 
VALUES ('FACT016', 'EMP016', 'ID_CAJ016', 'ID_USU016', TO_DATE('2024-01-17', 'YYYY-MM-DD'), 69744);
INSERT INTO FIDE_FACTURACION_TB (ID_FACTURA, ID_EMPLEADO, ID_CAJA, ID_USUARIO, FECHA, MONTO_TOTAL) 
VALUES ('FACT017', 'EMP017', 'ID_CAJ017', 'ID_USU017', TO_DATE('2024-01-18', 'YYYY-MM-DD'), 70978);
INSERT INTO FIDE_FACTURACION_TB (ID_FACTURA, ID_EMPLEADO, ID_CAJA, ID_USUARIO, FECHA, MONTO_TOTAL) 
VALUES ('FACT018', 'EMP018', 'ID_CAJ018', 'ID_USU018', TO_DATE('2024-01-19', 'YYYY-MM-DD'), 72212);
INSERT INTO FIDE_FACTURACION_TB (ID_FACTURA, ID_EMPLEADO, ID_CAJA, ID_USUARIO, FECHA, MONTO_TOTAL) 
VALUES ('FACT019', 'EMP019', 'ID_CAJ019', 'ID_USU019', TO_DATE('2024-01-20', 'YYYY-MM-DD'), 73446);
INSERT INTO FIDE_FACTURACION_TB (ID_FACTURA, ID_EMPLEADO, ID_CAJA, ID_USUARIO, FECHA, MONTO_TOTAL) 
VALUES ('FACT020', 'EMP020', 'ID_CAJ020', 'ID_USU020', TO_DATE('2024-01-21', 'YYYY-MM-DD'), 74680);
INSERT INTO FIDE_FACTURACION_TB (ID_FACTURA, ID_EMPLEADO, ID_CAJA, ID_USUARIO, FECHA, MONTO_TOTAL) 
VALUES ('FACT021', 'EMP021', 'ID_CAJ021', 'ID_USU021', TO_DATE('2024-01-22', 'YYYY-MM-DD'), 75914);
INSERT INTO FIDE_FACTURACION_TB (ID_FACTURA, ID_EMPLEADO, ID_CAJA, ID_USUARIO, FECHA, MONTO_TOTAL) 
VALUES ('FACT022', 'EMP022', 'ID_CAJ022', 'ID_USU022', TO_DATE('2024-01-23', 'YYYY-MM-DD'), 77148);
INSERT INTO FIDE_FACTURACION_TB (ID_FACTURA, ID_EMPLEADO, ID_CAJA, ID_USUARIO, FECHA, MONTO_TOTAL) 
VALUES ('FACT023', 'EMP023', 'ID_CAJ023', 'ID_USU023', TO_DATE('2024-01-24', 'YYYY-MM-DD'), 78382);
INSERT INTO FIDE_FACTURACION_TB (ID_FACTURA, ID_EMPLEADO, ID_CAJA, ID_USUARIO, FECHA, MONTO_TOTAL) 
VALUES ('FACT024', 'EMP024', 'ID_CAJ024', 'ID_USU024', TO_DATE('2024-01-25', 'YYYY-MM-DD'), 79616);
INSERT INTO FIDE_FACTURACION_TB (ID_FACTURA, ID_EMPLEADO, ID_CAJA, ID_USUARIO, FECHA, MONTO_TOTAL) 
VALUES ('FACT025', 'EMP025', 'ID_CAJ025', 'ID_USU025', TO_DATE('2024-01-26', 'YYYY-MM-DD'), 80850);
INSERT INTO FIDE_FACTURACION_TB (ID_FACTURA, ID_EMPLEADO, ID_CAJA, ID_USUARIO, FECHA, MONTO_TOTAL) 
VALUES ('FACT026', 'EMP026', 'ID_CAJ026', 'ID_USU026', TO_DATE('2024-01-27', 'YYYY-MM-DD'), 82084);
INSERT INTO FIDE_FACTURACION_TB (ID_FACTURA, ID_EMPLEADO, ID_CAJA, ID_USUARIO, FECHA, MONTO_TOTAL) 
VALUES ('FACT027', 'EMP027', 'ID_CAJ027', 'ID_USU027', TO_DATE('2024-01-28', 'YYYY-MM-DD'), 83318);
INSERT INTO FIDE_FACTURACION_TB (ID_FACTURA, ID_EMPLEADO, ID_CAJA, ID_USUARIO, FECHA, MONTO_TOTAL) 
VALUES ('FACT028', 'EMP028', 'ID_CAJ028', 'ID_USU028', TO_DATE('2024-01-29', 'YYYY-MM-DD'), 84552);
INSERT INTO FIDE_FACTURACION_TB (ID_FACTURA, ID_EMPLEADO, ID_CAJA, ID_USUARIO, FECHA, MONTO_TOTAL) 
VALUES ('FACT029', 'EMP029', 'ID_CAJ029', 'ID_USU029', TO_DATE('2024-01-30', 'YYYY-MM-DD'), 85786);
INSERT INTO FIDE_FACTURACION_TB (ID_FACTURA, ID_EMPLEADO, ID_CAJA, ID_USUARIO, FECHA, MONTO_TOTAL) 
VALUES ('FACT030', 'EMP030', 'ID_CAJ030', 'ID_USU030', TO_DATE('2024-01-31', 'YYYY-MM-DD'), 87020);
INSERT INTO FIDE_FACTURACION_TB (ID_FACTURA, ID_EMPLEADO, ID_CAJA, ID_USUARIO, FECHA, MONTO_TOTAL) 
VALUES ('FACT031', 'EMP031', 'ID_CAJ031', 'ID_USU031', TO_DATE('2024-02-01', 'YYYY-MM-DD'), 88254);
INSERT INTO FIDE_FACTURACION_TB (ID_FACTURA, ID_EMPLEADO, ID_CAJA, ID_USUARIO, FECHA, MONTO_TOTAL) 
VALUES ('FACT032', 'EMP032', 'ID_CAJ032', 'ID_USU032', TO_DATE('2024-02-02', 'YYYY-MM-DD'), 89488);
INSERT INTO FIDE_FACTURACION_TB (ID_FACTURA, ID_EMPLEADO, ID_CAJA, ID_USUARIO, FECHA, MONTO_TOTAL) 
VALUES ('FACT033', 'EMP033', 'ID_CAJ033', 'ID_USU033', TO_DATE('2024-02-03', 'YYYY-MM-DD'), 90722);
INSERT INTO FIDE_FACTURACION_TB (ID_FACTURA, ID_EMPLEADO, ID_CAJA, ID_USUARIO, FECHA, MONTO_TOTAL) 
VALUES ('FACT034', 'EMP034', 'ID_CAJ034', 'ID_USU034', TO_DATE('2024-02-04', 'YYYY-MM-DD'), 91956);
INSERT INTO FIDE_FACTURACION_TB (ID_FACTURA, ID_EMPLEADO, ID_CAJA, ID_USUARIO, FECHA, MONTO_TOTAL) 
VALUES ('FACT035', 'EMP035', 'ID_CAJ035', 'ID_USU035', TO_DATE('2024-02-05', 'YYYY-MM-DD'), 93190);
INSERT INTO FIDE_FACTURACION_TB (ID_FACTURA, ID_EMPLEADO, ID_CAJA, ID_USUARIO, FECHA, MONTO_TOTAL) 
VALUES ('FACT036', 'EMP036', 'ID_CAJ036', 'ID_USU036', TO_DATE('2024-02-06', 'YYYY-MM-DD'), 94424);
INSERT INTO FIDE_FACTURACION_TB (ID_FACTURA, ID_EMPLEADO, ID_CAJA, ID_USUARIO, FECHA, MONTO_TOTAL) 
VALUES ('FACT037', 'EMP037', 'ID_CAJ037', 'ID_USU037', TO_DATE('2024-02-07', 'YYYY-MM-DD'), 95658);
INSERT INTO FIDE_FACTURACION_TB (ID_FACTURA, ID_EMPLEADO, ID_CAJA, ID_USUARIO, FECHA, MONTO_TOTAL) 
VALUES ('FACT038', 'EMP038', 'ID_CAJ038', 'ID_USU038', TO_DATE('2024-02-08', 'YYYY-MM-DD'), 96892);
INSERT INTO FIDE_FACTURACION_TB (ID_FACTURA, ID_EMPLEADO, ID_CAJA, ID_USUARIO, FECHA, MONTO_TOTAL) 
VALUES ('FACT039', 'EMP039', 'ID_CAJ039', 'ID_USU039', TO_DATE('2024-02-09', 'YYYY-MM-DD'), 98126);
INSERT INTO FIDE_FACTURACION_TB (ID_FACTURA, ID_EMPLEADO, ID_CAJA, ID_USUARIO, FECHA, MONTO_TOTAL) 
VALUES ('FACT040', 'EMP040', 'ID_CAJ040', 'ID_USU040', TO_DATE('2024-02-10', 'YYYY-MM-DD'), 99360);
INSERT INTO FIDE_FACTURACION_TB (ID_FACTURA, ID_EMPLEADO, ID_CAJA, ID_USUARIO, FECHA, MONTO_TOTAL) 
VALUES ('FACT041', 'EMP041', 'ID_CAJ041', 'ID_USU041', TO_DATE('2024-02-11', 'YYYY-MM-DD'), 100594);
INSERT INTO FIDE_FACTURACION_TB (ID_FACTURA, ID_EMPLEADO, ID_CAJA, ID_USUARIO, FECHA, MONTO_TOTAL) 
VALUES ('FACT042', 'EMP042', 'ID_CAJ042', 'ID_USU042', TO_DATE('2024-02-12', 'YYYY-MM-DD'), 101828);
INSERT INTO FIDE_FACTURACION_TB (ID_FACTURA, ID_EMPLEADO, ID_CAJA, ID_USUARIO, FECHA, MONTO_TOTAL) 
VALUES ('FACT043', 'EMP043', 'ID_CAJ043', 'ID_USU043', TO_DATE('2024-02-13', 'YYYY-MM-DD'), 103062);
INSERT INTO FIDE_FACTURACION_TB (ID_FACTURA, ID_EMPLEADO, ID_CAJA, ID_USUARIO, FECHA, MONTO_TOTAL) 
VALUES ('FACT044', 'EMP044', 'ID_CAJ044', 'ID_USU044', TO_DATE('2024-02-14', 'YYYY-MM-DD'), 104296);
INSERT INTO FIDE_FACTURACION_TB (ID_FACTURA, ID_EMPLEADO, ID_CAJA, ID_USUARIO, FECHA, MONTO_TOTAL) 
VALUES ('FACT045', 'EMP045', 'ID_CAJ045', 'ID_USU045', TO_DATE('2024-02-15', 'YYYY-MM-DD'), 105530);
INSERT INTO FIDE_FACTURACION_TB (ID_FACTURA, ID_EMPLEADO, ID_CAJA, ID_USUARIO, FECHA, MONTO_TOTAL) 
VALUES ('FACT046', 'EMP046', 'ID_CAJ046', 'ID_USU046', TO_DATE('2024-02-16', 'YYYY-MM-DD'), 106764);
INSERT INTO FIDE_FACTURACION_TB (ID_FACTURA, ID_EMPLEADO, ID_CAJA, ID_USUARIO, FECHA, MONTO_TOTAL) 
VALUES ('FACT047', 'EMP047', 'ID_CAJ047', 'ID_USU047', TO_DATE('2024-02-17', 'YYYY-MM-DD'), 107998);
INSERT INTO FIDE_FACTURACION_TB (ID_FACTURA, ID_EMPLEADO, ID_CAJA, ID_USUARIO, FECHA, MONTO_TOTAL) 
VALUES ('FACT048', 'EMP048', 'ID_CAJ048', 'ID_USU048', TO_DATE('2024-02-18', 'YYYY-MM-DD'), 109232);
INSERT INTO FIDE_FACTURACION_TB (ID_FACTURA, ID_EMPLEADO, ID_CAJA, ID_USUARIO, FECHA, MONTO_TOTAL) 
VALUES ('FACT049', 'EMP049', 'ID_CAJ049', 'ID_USU049', TO_DATE('2024-02-19', 'YYYY-MM-DD'), 110466);
INSERT INTO FIDE_FACTURACION_TB (ID_FACTURA, ID_EMPLEADO, ID_CAJA, ID_USUARIO, FECHA, MONTO_TOTAL) 
VALUES ('FACT050', 'EMP050', 'ID_CAJ050', 'ID_USU050', TO_DATE('2024-02-20', 'YYYY-MM-DD'), 111700);
INSERT INTO FIDE_FACTURACION_TB (ID_FACTURA, ID_EMPLEADO, ID_CAJA, ID_USUARIO, FECHA, MONTO_TOTAL) 
VALUES ('FACT051', 'EMP051', 'ID_CAJ051', 'ID_USU051', TO_DATE('2024-02-21', 'YYYY-MM-DD'), 112934);
INSERT INTO FIDE_FACTURACION_TB (ID_FACTURA, ID_EMPLEADO, ID_CAJA, ID_USUARIO, FECHA, MONTO_TOTAL) 
VALUES ('FACT052', 'EMP052', 'ID_CAJ052', 'ID_USU052', TO_DATE('2024-02-22', 'YYYY-MM-DD'), 114168);
INSERT INTO FIDE_FACTURACION_TB (ID_FACTURA, ID_EMPLEADO, ID_CAJA, ID_USUARIO, FECHA, MONTO_TOTAL) 
VALUES ('FACT053', 'EMP053', 'ID_CAJ053', 'ID_USU053', TO_DATE('2024-02-23', 'YYYY-MM-DD'), 115402);
INSERT INTO FIDE_FACTURACION_TB (ID_FACTURA, ID_EMPLEADO, ID_CAJA, ID_USUARIO, FECHA, MONTO_TOTAL) 
VALUES ('FACT054', 'EMP054', 'ID_CAJ054', 'ID_USU054', TO_DATE('2024-02-24', 'YYYY-MM-DD'), 116636);
INSERT INTO FIDE_FACTURACION_TB (ID_FACTURA, ID_EMPLEADO, ID_CAJA, ID_USUARIO, FECHA, MONTO_TOTAL) 
VALUES ('FACT055', 'EMP055', 'ID_CAJ055', 'ID_USU055', TO_DATE('2024-02-25', 'YYYY-MM-DD'), 117870);
INSERT INTO FIDE_FACTURACION_TB (ID_FACTURA, ID_EMPLEADO, ID_CAJA, ID_USUARIO, FECHA, MONTO_TOTAL) 
VALUES ('FACT056', 'EMP056', 'ID_CAJ056', 'ID_USU056', TO_DATE('2024-02-26', 'YYYY-MM-DD'), 119104);
INSERT INTO FIDE_FACTURACION_TB (ID_FACTURA, ID_EMPLEADO, ID_CAJA, ID_USUARIO, FECHA, MONTO_TOTAL) 
VALUES ('FACT057', 'EMP057', 'ID_CAJ057', 'ID_USU057', TO_DATE('2024-02-27', 'YYYY-MM-DD'), 120338);
INSERT INTO FIDE_FACTURACION_TB (ID_FACTURA, ID_EMPLEADO, ID_CAJA, ID_USUARIO, FECHA, MONTO_TOTAL) 
VALUES ('FACT058', 'EMP058', 'ID_CAJ058', 'ID_USU058', TO_DATE('2024-02-28', 'YYYY-MM-DD'), 121572);
INSERT INTO FIDE_FACTURACION_TB (ID_FACTURA, ID_EMPLEADO, ID_CAJA, ID_USUARIO, FECHA, MONTO_TOTAL) 
VALUES ('FACT059', 'EMP059', 'ID_CAJ059', 'ID_USU059', TO_DATE('2024-02-29', 'YYYY-MM-DD'), 122806);
INSERT INTO FIDE_FACTURACION_TB (ID_FACTURA, ID_EMPLEADO, ID_CAJA, ID_USUARIO, FECHA, MONTO_TOTAL) 
VALUES ('FACT060', 'EMP060', 'ID_CAJ060', 'ID_USU060', TO_DATE('2024-03-01', 'YYYY-MM-DD'), 124040);
INSERT INTO FIDE_FACTURACION_TB (ID_FACTURA, ID_EMPLEADO, ID_CAJA, ID_USUARIO, FECHA, MONTO_TOTAL) 
VALUES ('FACT061', 'EMP061', 'ID_CAJ061', 'ID_USU061', TO_DATE('2024-03-02', 'YYYY-MM-DD'), 125274);
INSERT INTO FIDE_FACTURACION_TB (ID_FACTURA, ID_EMPLEADO, ID_CAJA, ID_USUARIO, FECHA, MONTO_TOTAL) 
VALUES ('FACT062', 'EMP062', 'ID_CAJ062', 'ID_USU062', TO_DATE('2024-03-03', 'YYYY-MM-DD'), 126508);
INSERT INTO FIDE_FACTURACION_TB (ID_FACTURA, ID_EMPLEADO, ID_CAJA, ID_USUARIO, FECHA, MONTO_TOTAL) 
VALUES ('FACT063', 'EMP063', 'ID_CAJ063', 'ID_USU063', TO_DATE('2024-03-04', 'YYYY-MM-DD'), 127742);
INSERT INTO FIDE_FACTURACION_TB (ID_FACTURA, ID_EMPLEADO, ID_CAJA, ID_USUARIO, FECHA, MONTO_TOTAL) 
VALUES ('FACT064', 'EMP064', 'ID_CAJ064', 'ID_USU064', TO_DATE('2024-03-05', 'YYYY-MM-DD'), 128976);
INSERT INTO FIDE_FACTURACION_TB (ID_FACTURA, ID_EMPLEADO, ID_CAJA, ID_USUARIO, FECHA, MONTO_TOTAL) 
VALUES ('FACT065', 'EMP065', 'ID_CAJ065', 'ID_USU065', TO_DATE('2024-03-06', 'YYYY-MM-DD'), 130210);
INSERT INTO FIDE_FACTURACION_TB (ID_FACTURA, ID_EMPLEADO, ID_CAJA, ID_USUARIO, FECHA, MONTO_TOTAL) 
VALUES ('FACT066', 'EMP066', 'ID_CAJ066', 'ID_USU066', TO_DATE('2024-03-07', 'YYYY-MM-DD'), 131444);
INSERT INTO FIDE_FACTURACION_TB (ID_FACTURA, ID_EMPLEADO, ID_CAJA, ID_USUARIO, FECHA, MONTO_TOTAL) 
VALUES ('FACT067', 'EMP067', 'ID_CAJ067', 'ID_USU067', TO_DATE('2024-03-08', 'YYYY-MM-DD'), 132678);
INSERT INTO FIDE_FACTURACION_TB (ID_FACTURA, ID_EMPLEADO, ID_CAJA, ID_USUARIO, FECHA, MONTO_TOTAL) 
VALUES ('FACT068', 'EMP068', 'ID_CAJ068', 'ID_USU068', TO_DATE('2024-03-09', 'YYYY-MM-DD'), 133912);
INSERT INTO FIDE_FACTURACION_TB (ID_FACTURA, ID_EMPLEADO, ID_CAJA, ID_USUARIO, FECHA, MONTO_TOTAL) 
VALUES ('FACT069', 'EMP069', 'ID_CAJ069', 'ID_USU069', TO_DATE('2024-03-10', 'YYYY-MM-DD'), 135146);
INSERT INTO FIDE_FACTURACION_TB (ID_FACTURA, ID_EMPLEADO, ID_CAJA, ID_USUARIO, FECHA, MONTO_TOTAL) 
VALUES ('FACT070', 'EMP070', 'ID_CAJ070', 'ID_USU070', TO_DATE('2024-03-11', 'YYYY-MM-DD'), 136380);
INSERT INTO FIDE_FACTURACION_TB (ID_FACTURA, ID_EMPLEADO, ID_CAJA, ID_USUARIO, FECHA, MONTO_TOTAL) 
VALUES ('FACT071', 'EMP071', 'ID_CAJ071', 'ID_USU071', TO_DATE('2024-03-12', 'YYYY-MM-DD'), 137614);
INSERT INTO FIDE_FACTURACION_TB (ID_FACTURA, ID_EMPLEADO, ID_CAJA, ID_USUARIO, FECHA, MONTO_TOTAL) 
VALUES ('FACT072', 'EMP072', 'ID_CAJ072', 'ID_USU072', TO_DATE('2024-03-13', 'YYYY-MM-DD'), 138848);
INSERT INTO FIDE_FACTURACION_TB (ID_FACTURA, ID_EMPLEADO, ID_CAJA, ID_USUARIO, FECHA, MONTO_TOTAL) 
VALUES ('FACT073', 'EMP073', 'ID_CAJ073', 'ID_USU073', TO_DATE('2024-03-14', 'YYYY-MM-DD'), 140082);
INSERT INTO FIDE_FACTURACION_TB (ID_FACTURA, ID_EMPLEADO, ID_CAJA, ID_USUARIO, FECHA, MONTO_TOTAL) 
VALUES ('FACT074', 'EMP074', 'ID_CAJ074', 'ID_USU074', TO_DATE('2024-03-15', 'YYYY-MM-DD'), 141316);
INSERT INTO FIDE_FACTURACION_TB (ID_FACTURA, ID_EMPLEADO, ID_CAJA, ID_USUARIO, FECHA, MONTO_TOTAL) 
VALUES ('FACT075', 'EMP075', 'ID_CAJ075', 'ID_USU075', TO_DATE('2024-03-16', 'YYYY-MM-DD'), 142550);
INSERT INTO FIDE_FACTURACION_TB (ID_FACTURA, ID_EMPLEADO, ID_CAJA, ID_USUARIO, FECHA, MONTO_TOTAL) 
VALUES ('FACT076', 'EMP076', 'ID_CAJ076', 'ID_USU076', TO_DATE('2024-03-17', 'YYYY-MM-DD'), 143784);
INSERT INTO FIDE_FACTURACION_TB (ID_FACTURA, ID_EMPLEADO, ID_CAJA, ID_USUARIO, FECHA, MONTO_TOTAL) 
VALUES ('FACT077', 'EMP077', 'ID_CAJ077', 'ID_USU077', TO_DATE('2024-03-18', 'YYYY-MM-DD'), 145018);
INSERT INTO FIDE_FACTURACION_TB (ID_FACTURA, ID_EMPLEADO, ID_CAJA, ID_USUARIO, FECHA, MONTO_TOTAL) 
VALUES ('FACT078', 'EMP078', 'ID_CAJ078', 'ID_USU078', TO_DATE('2024-03-19', 'YYYY-MM-DD'), 146252);
INSERT INTO FIDE_FACTURACION_TB (ID_FACTURA, ID_EMPLEADO, ID_CAJA, ID_USUARIO, FECHA, MONTO_TOTAL) 
VALUES ('FACT079', 'EMP079', 'ID_CAJ079', 'ID_USU079', TO_DATE('2024-03-20', 'YYYY-MM-DD'), 147486);
INSERT INTO FIDE_FACTURACION_TB (ID_FACTURA, ID_EMPLEADO, ID_CAJA, ID_USUARIO, FECHA, MONTO_TOTAL) 
VALUES ('FACT080', 'EMP080', 'ID_CAJ080', 'ID_USU080', TO_DATE('2024-03-21', 'YYYY-MM-DD'), 148720);
INSERT INTO FIDE_FACTURACION_TB (ID_FACTURA, ID_EMPLEADO, ID_CAJA, ID_USUARIO, FECHA, MONTO_TOTAL) 
VALUES ('FACT081', 'EMP081', 'ID_CAJ081', 'ID_USU081', TO_DATE('2024-03-22', 'YYYY-MM-DD'), 149954);
INSERT INTO FIDE_FACTURACION_TB (ID_FACTURA, ID_EMPLEADO, ID_CAJA, ID_USUARIO, FECHA, MONTO_TOTAL) 
VALUES ('FACT082', 'EMP082', 'ID_CAJ082', 'ID_USU082', TO_DATE('2024-03-23', 'YYYY-MM-DD'), 151188);
INSERT INTO FIDE_FACTURACION_TB (ID_FACTURA, ID_EMPLEADO, ID_CAJA, ID_USUARIO, FECHA, MONTO_TOTAL) 
VALUES ('FACT083', 'EMP083', 'ID_CAJ083', 'ID_USU083', TO_DATE('2024-03-24', 'YYYY-MM-DD'), 152422);
INSERT INTO FIDE_FACTURACION_TB (ID_FACTURA, ID_EMPLEADO, ID_CAJA, ID_USUARIO, FECHA, MONTO_TOTAL) 
VALUES ('FACT084', 'EMP084', 'ID_CAJ084', 'ID_USU084', TO_DATE('2024-03-25', 'YYYY-MM-DD'), 153656);
INSERT INTO FIDE_FACTURACION_TB (ID_FACTURA, ID_EMPLEADO, ID_CAJA, ID_USUARIO, FECHA, MONTO_TOTAL) 
VALUES ('FACT085', 'EMP085', 'ID_CAJ085', 'ID_USU085', TO_DATE('2024-03-26', 'YYYY-MM-DD'), 154890);
INSERT INTO FIDE_FACTURACION_TB (ID_FACTURA, ID_EMPLEADO, ID_CAJA, ID_USUARIO, FECHA, MONTO_TOTAL) 
VALUES ('FACT086', 'EMP086', 'ID_CAJ086', 'ID_USU086', TO_DATE('2024-03-27', 'YYYY-MM-DD'), 156124);
INSERT INTO FIDE_FACTURACION_TB (ID_FACTURA, ID_EMPLEADO, ID_CAJA, ID_USUARIO, FECHA, MONTO_TOTAL) 
VALUES ('FACT087', 'EMP087', 'ID_CAJ087', 'ID_USU087', TO_DATE('2024-03-28', 'YYYY-MM-DD'), 157358);
INSERT INTO FIDE_FACTURACION_TB (ID_FACTURA, ID_EMPLEADO, ID_CAJA, ID_USUARIO, FECHA, MONTO_TOTAL) 
VALUES ('FACT088', 'EMP088', 'ID_CAJ088', 'ID_USU088', TO_DATE('2024-03-29', 'YYYY-MM-DD'), 158592);
INSERT INTO FIDE_FACTURACION_TB (ID_FACTURA, ID_EMPLEADO, ID_CAJA, ID_USUARIO, FECHA, MONTO_TOTAL) 
VALUES ('FACT089', 'EMP089', 'ID_CAJ089', 'ID_USU089', TO_DATE('2024-03-30', 'YYYY-MM-DD'), 159826);
INSERT INTO FIDE_FACTURACION_TB (ID_FACTURA, ID_EMPLEADO, ID_CAJA, ID_USUARIO, FECHA, MONTO_TOTAL) 
VALUES ('FACT090', 'EMP090', 'ID_CAJ090', 'ID_USU090', TO_DATE('2024-03-31', 'YYYY-MM-DD'), 161060);
INSERT INTO FIDE_FACTURACION_TB (ID_FACTURA, ID_EMPLEADO, ID_CAJA, ID_USUARIO, FECHA, MONTO_TOTAL) 
VALUES ('FACT091', 'EMP091', 'ID_CAJ091', 'ID_USU091', TO_DATE('2024-04-01', 'YYYY-MM-DD'), 162294);
INSERT INTO FIDE_FACTURACION_TB (ID_FACTURA, ID_EMPLEADO, ID_CAJA, ID_USUARIO, FECHA, MONTO_TOTAL) 
VALUES ('FACT092', 'EMP092', 'ID_CAJ092', 'ID_USU092', TO_DATE('2024-04-02', 'YYYY-MM-DD'), 163528);
INSERT INTO FIDE_FACTURACION_TB (ID_FACTURA, ID_EMPLEADO, ID_CAJA, ID_USUARIO, FECHA, MONTO_TOTAL) 
VALUES ('FACT093', 'EMP093', 'ID_CAJ093', 'ID_USU093', TO_DATE('2024-04-03', 'YYYY-MM-DD'), 164762);
INSERT INTO FIDE_FACTURACION_TB (ID_FACTURA, ID_EMPLEADO, ID_CAJA, ID_USUARIO, FECHA, MONTO_TOTAL) 
VALUES ('FACT094', 'EMP094', 'ID_CAJ094', 'ID_USU094', TO_DATE('2024-04-04', 'YYYY-MM-DD'), 165996);
INSERT INTO FIDE_FACTURACION_TB (ID_FACTURA, ID_EMPLEADO, ID_CAJA, ID_USUARIO, FECHA, MONTO_TOTAL) 
VALUES ('FACT095', 'EMP095', 'ID_CAJ095', 'ID_USU095', TO_DATE('2024-04-05', 'YYYY-MM-DD'), 167230);
INSERT INTO FIDE_FACTURACION_TB (ID_FACTURA, ID_EMPLEADO, ID_CAJA, ID_USUARIO, FECHA, MONTO_TOTAL) 
VALUES ('FACT096', 'EMP096', 'ID_CAJ096', 'ID_USU096', TO_DATE('2024-04-06', 'YYYY-MM-DD'), 168464);
INSERT INTO FIDE_FACTURACION_TB (ID_FACTURA, ID_EMPLEADO, ID_CAJA, ID_USUARIO, FECHA, MONTO_TOTAL) 
VALUES ('FACT097', 'EMP097', 'ID_CAJ097', 'ID_USU097', TO_DATE('2024-04-07', 'YYYY-MM-DD'), 169698);
INSERT INTO FIDE_FACTURACION_TB (ID_FACTURA, ID_EMPLEADO, ID_CAJA, ID_USUARIO, FECHA, MONTO_TOTAL) 
VALUES ('FACT098', 'EMP098', 'ID_CAJ098', 'ID_USU098', TO_DATE('2024-04-08', 'YYYY-MM-DD'), 170932);
INSERT INTO FIDE_FACTURACION_TB (ID_FACTURA, ID_EMPLEADO, ID_CAJA, ID_USUARIO, FECHA, MONTO_TOTAL) 
VALUES ('FACT099', 'EMP099', 'ID_CAJ099', 'ID_USU099', TO_DATE('2024-04-09', 'YYYY-MM-DD'), 172166);
COMMIT;
ANALYZE TABLE FIDE_FACTURACION_TB COMPUTE STATISTICS;
/
SELECT * FROM FIDE_FACTURACION_TB PARTITION(FACT_ENE_2024);

-- INSERTS PARA FIDE_FIDELIZACION_TB
INSERT INTO FIDE_FIDELIZACION_TB (ID_FIDELIZACION, DETALLE, ID_USUARIO) VALUES ('FID000', 'Detalle fidelización 0', 'ID_USU000');
INSERT INTO FIDE_FIDELIZACION_TB (ID_FIDELIZACION, DETALLE, ID_USUARIO) VALUES ('FID001', 'Detalle fidelización 1', 'ID_USU001');
INSERT INTO FIDE_FIDELIZACION_TB (ID_FIDELIZACION, DETALLE, ID_USUARIO) VALUES ('FID002', 'Detalle fidelización 2', 'ID_USU002');
INSERT INTO FIDE_FIDELIZACION_TB (ID_FIDELIZACION, DETALLE, ID_USUARIO) VALUES ('FID003', 'Detalle fidelización 3', 'ID_USU003');
INSERT INTO FIDE_FIDELIZACION_TB (ID_FIDELIZACION, DETALLE, ID_USUARIO) VALUES ('FID004', 'Detalle fidelización 4', 'ID_USU004');
INSERT INTO FIDE_FIDELIZACION_TB (ID_FIDELIZACION, DETALLE, ID_USUARIO) VALUES ('FID005', 'Detalle fidelización 5', 'ID_USU005');
INSERT INTO FIDE_FIDELIZACION_TB (ID_FIDELIZACION, DETALLE, ID_USUARIO) VALUES ('FID006', 'Detalle fidelización 6', 'ID_USU006');
INSERT INTO FIDE_FIDELIZACION_TB (ID_FIDELIZACION, DETALLE, ID_USUARIO) VALUES ('FID007', 'Detalle fidelización 7', 'ID_USU007');
INSERT INTO FIDE_FIDELIZACION_TB (ID_FIDELIZACION, DETALLE, ID_USUARIO) VALUES ('FID008', 'Detalle fidelización 8', 'ID_USU008');
INSERT INTO FIDE_FIDELIZACION_TB (ID_FIDELIZACION, DETALLE, ID_USUARIO) VALUES ('FID009', 'Detalle fidelización 9', 'ID_USU009');
INSERT INTO FIDE_FIDELIZACION_TB (ID_FIDELIZACION, DETALLE, ID_USUARIO) VALUES ('FID010', 'Detalle fidelización 10', 'ID_USU010');
INSERT INTO FIDE_FIDELIZACION_TB (ID_FIDELIZACION, DETALLE, ID_USUARIO) VALUES ('FID011', 'Detalle fidelización 11', 'ID_USU011');
INSERT INTO FIDE_FIDELIZACION_TB (ID_FIDELIZACION, DETALLE, ID_USUARIO) VALUES ('FID012', 'Detalle fidelización 12', 'ID_USU012');
INSERT INTO FIDE_FIDELIZACION_TB (ID_FIDELIZACION, DETALLE, ID_USUARIO) VALUES ('FID013', 'Detalle fidelización 13', 'ID_USU013');
INSERT INTO FIDE_FIDELIZACION_TB (ID_FIDELIZACION, DETALLE, ID_USUARIO) VALUES ('FID014', 'Detalle fidelización 14', 'ID_USU014');
INSERT INTO FIDE_FIDELIZACION_TB (ID_FIDELIZACION, DETALLE, ID_USUARIO) VALUES ('FID015', 'Detalle fidelización 15', 'ID_USU015');
INSERT INTO FIDE_FIDELIZACION_TB (ID_FIDELIZACION, DETALLE, ID_USUARIO) VALUES ('FID016', 'Detalle fidelización 16', 'ID_USU016');
INSERT INTO FIDE_FIDELIZACION_TB (ID_FIDELIZACION, DETALLE, ID_USUARIO) VALUES ('FID017', 'Detalle fidelización 17', 'ID_USU017');
INSERT INTO FIDE_FIDELIZACION_TB (ID_FIDELIZACION, DETALLE, ID_USUARIO) VALUES ('FID018', 'Detalle fidelización 18', 'ID_USU018');
INSERT INTO FIDE_FIDELIZACION_TB (ID_FIDELIZACION, DETALLE, ID_USUARIO) VALUES ('FID019', 'Detalle fidelización 19', 'ID_USU019');
INSERT INTO FIDE_FIDELIZACION_TB (ID_FIDELIZACION, DETALLE, ID_USUARIO) VALUES ('FID020', 'Detalle fidelización 20', 'ID_USU020');
INSERT INTO FIDE_FIDELIZACION_TB (ID_FIDELIZACION, DETALLE, ID_USUARIO) VALUES ('FID021', 'Detalle fidelización 21', 'ID_USU021');
INSERT INTO FIDE_FIDELIZACION_TB (ID_FIDELIZACION, DETALLE, ID_USUARIO) VALUES ('FID022', 'Detalle fidelización 22', 'ID_USU022');
INSERT INTO FIDE_FIDELIZACION_TB (ID_FIDELIZACION, DETALLE, ID_USUARIO) VALUES ('FID023', 'Detalle fidelización 23', 'ID_USU023');
INSERT INTO FIDE_FIDELIZACION_TB (ID_FIDELIZACION, DETALLE, ID_USUARIO) VALUES ('FID024', 'Detalle fidelización 24', 'ID_USU024');
INSERT INTO FIDE_FIDELIZACION_TB (ID_FIDELIZACION, DETALLE, ID_USUARIO) VALUES ('FID025', 'Detalle fidelización 25', 'ID_USU025');
INSERT INTO FIDE_FIDELIZACION_TB (ID_FIDELIZACION, DETALLE, ID_USUARIO) VALUES ('FID026', 'Detalle fidelización 26', 'ID_USU026');
INSERT INTO FIDE_FIDELIZACION_TB (ID_FIDELIZACION, DETALLE, ID_USUARIO) VALUES ('FID027', 'Detalle fidelización 27', 'ID_USU027');
INSERT INTO FIDE_FIDELIZACION_TB (ID_FIDELIZACION, DETALLE, ID_USUARIO) VALUES ('FID028', 'Detalle fidelización 28', 'ID_USU028');
INSERT INTO FIDE_FIDELIZACION_TB (ID_FIDELIZACION, DETALLE, ID_USUARIO) VALUES ('FID029', 'Detalle fidelización 29', 'ID_USU029');
INSERT INTO FIDE_FIDELIZACION_TB (ID_FIDELIZACION, DETALLE, ID_USUARIO) VALUES ('FID030', 'Detalle fidelización 30', 'ID_USU030');
INSERT INTO FIDE_FIDELIZACION_TB (ID_FIDELIZACION, DETALLE, ID_USUARIO) VALUES ('FID031', 'Detalle fidelización 31', 'ID_USU031');
INSERT INTO FIDE_FIDELIZACION_TB (ID_FIDELIZACION, DETALLE, ID_USUARIO) VALUES ('FID032', 'Detalle fidelización 32', 'ID_USU032');
INSERT INTO FIDE_FIDELIZACION_TB (ID_FIDELIZACION, DETALLE, ID_USUARIO) VALUES ('FID033', 'Detalle fidelización 33', 'ID_USU033');
INSERT INTO FIDE_FIDELIZACION_TB (ID_FIDELIZACION, DETALLE, ID_USUARIO) VALUES ('FID034', 'Detalle fidelización 34', 'ID_USU034');
INSERT INTO FIDE_FIDELIZACION_TB (ID_FIDELIZACION, DETALLE, ID_USUARIO) VALUES ('FID035', 'Detalle fidelización 35', 'ID_USU035');
INSERT INTO FIDE_FIDELIZACION_TB (ID_FIDELIZACION, DETALLE, ID_USUARIO) VALUES ('FID036', 'Detalle fidelización 36', 'ID_USU036');
INSERT INTO FIDE_FIDELIZACION_TB (ID_FIDELIZACION, DETALLE, ID_USUARIO) VALUES ('FID037', 'Detalle fidelización 37', 'ID_USU037');
INSERT INTO FIDE_FIDELIZACION_TB (ID_FIDELIZACION, DETALLE, ID_USUARIO) VALUES ('FID038', 'Detalle fidelización 38', 'ID_USU038');
INSERT INTO FIDE_FIDELIZACION_TB (ID_FIDELIZACION, DETALLE, ID_USUARIO) VALUES ('FID039', 'Detalle fidelización 39', 'ID_USU039');
INSERT INTO FIDE_FIDELIZACION_TB (ID_FIDELIZACION, DETALLE, ID_USUARIO) VALUES ('FID040', 'Detalle fidelización 40', 'ID_USU040');
INSERT INTO FIDE_FIDELIZACION_TB (ID_FIDELIZACION, DETALLE, ID_USUARIO) VALUES ('FID041', 'Detalle fidelización 41', 'ID_USU041');
INSERT INTO FIDE_FIDELIZACION_TB (ID_FIDELIZACION, DETALLE, ID_USUARIO) VALUES ('FID042', 'Detalle fidelización 42', 'ID_USU042');
INSERT INTO FIDE_FIDELIZACION_TB (ID_FIDELIZACION, DETALLE, ID_USUARIO) VALUES ('FID043', 'Detalle fidelización 43', 'ID_USU043');
INSERT INTO FIDE_FIDELIZACION_TB (ID_FIDELIZACION, DETALLE, ID_USUARIO) VALUES ('FID044', 'Detalle fidelización 44', 'ID_USU044');
INSERT INTO FIDE_FIDELIZACION_TB (ID_FIDELIZACION, DETALLE, ID_USUARIO) VALUES ('FID045', 'Detalle fidelización 45', 'ID_USU045');
INSERT INTO FIDE_FIDELIZACION_TB (ID_FIDELIZACION, DETALLE, ID_USUARIO) VALUES ('FID046', 'Detalle fidelización 46', 'ID_USU046');
INSERT INTO FIDE_FIDELIZACION_TB (ID_FIDELIZACION, DETALLE, ID_USUARIO) VALUES ('FID047', 'Detalle fidelización 47', 'ID_USU047');
INSERT INTO FIDE_FIDELIZACION_TB (ID_FIDELIZACION, DETALLE, ID_USUARIO) VALUES ('FID048', 'Detalle fidelización 48', 'ID_USU048');
INSERT INTO FIDE_FIDELIZACION_TB (ID_FIDELIZACION, DETALLE, ID_USUARIO) VALUES ('FID049', 'Detalle fidelización 49', 'ID_USU049');
INSERT INTO FIDE_FIDELIZACION_TB (ID_FIDELIZACION, DETALLE, ID_USUARIO) VALUES ('FID050', 'Detalle fidelización 50', 'ID_USU050');
INSERT INTO FIDE_FIDELIZACION_TB (ID_FIDELIZACION, DETALLE, ID_USUARIO) VALUES ('FID051', 'Detalle fidelización 51', 'ID_USU051');
INSERT INTO FIDE_FIDELIZACION_TB (ID_FIDELIZACION, DETALLE, ID_USUARIO) VALUES ('FID052', 'Detalle fidelización 52', 'ID_USU052');
INSERT INTO FIDE_FIDELIZACION_TB (ID_FIDELIZACION, DETALLE, ID_USUARIO) VALUES ('FID053', 'Detalle fidelización 53', 'ID_USU053');
INSERT INTO FIDE_FIDELIZACION_TB (ID_FIDELIZACION, DETALLE, ID_USUARIO) VALUES ('FID054', 'Detalle fidelización 54', 'ID_USU054');
INSERT INTO FIDE_FIDELIZACION_TB (ID_FIDELIZACION, DETALLE, ID_USUARIO) VALUES ('FID055', 'Detalle fidelización 55', 'ID_USU055');
INSERT INTO FIDE_FIDELIZACION_TB (ID_FIDELIZACION, DETALLE, ID_USUARIO) VALUES ('FID056', 'Detalle fidelización 56', 'ID_USU056');
INSERT INTO FIDE_FIDELIZACION_TB (ID_FIDELIZACION, DETALLE, ID_USUARIO) VALUES ('FID057', 'Detalle fidelización 57', 'ID_USU057');
INSERT INTO FIDE_FIDELIZACION_TB (ID_FIDELIZACION, DETALLE, ID_USUARIO) VALUES ('FID058', 'Detalle fidelización 58', 'ID_USU058');
INSERT INTO FIDE_FIDELIZACION_TB (ID_FIDELIZACION, DETALLE, ID_USUARIO) VALUES ('FID059', 'Detalle fidelización 59', 'ID_USU059');
INSERT INTO FIDE_FIDELIZACION_TB (ID_FIDELIZACION, DETALLE, ID_USUARIO) VALUES ('FID060', 'Detalle fidelización 60', 'ID_USU060');
INSERT INTO FIDE_FIDELIZACION_TB (ID_FIDELIZACION, DETALLE, ID_USUARIO) VALUES ('FID061', 'Detalle fidelización 61', 'ID_USU061');
INSERT INTO FIDE_FIDELIZACION_TB (ID_FIDELIZACION, DETALLE, ID_USUARIO) VALUES ('FID062', 'Detalle fidelización 62', 'ID_USU062');
INSERT INTO FIDE_FIDELIZACION_TB (ID_FIDELIZACION, DETALLE, ID_USUARIO) VALUES ('FID063', 'Detalle fidelización 63', 'ID_USU063');
INSERT INTO FIDE_FIDELIZACION_TB (ID_FIDELIZACION, DETALLE, ID_USUARIO) VALUES ('FID064', 'Detalle fidelización 64', 'ID_USU064');
INSERT INTO FIDE_FIDELIZACION_TB (ID_FIDELIZACION, DETALLE, ID_USUARIO) VALUES ('FID065', 'Detalle fidelización 65', 'ID_USU065');
INSERT INTO FIDE_FIDELIZACION_TB (ID_FIDELIZACION, DETALLE, ID_USUARIO) VALUES ('FID066', 'Detalle fidelización 66', 'ID_USU066');
INSERT INTO FIDE_FIDELIZACION_TB (ID_FIDELIZACION, DETALLE, ID_USUARIO) VALUES ('FID067', 'Detalle fidelización 67', 'ID_USU067');
INSERT INTO FIDE_FIDELIZACION_TB (ID_FIDELIZACION, DETALLE, ID_USUARIO) VALUES ('FID068', 'Detalle fidelización 68', 'ID_USU068');
INSERT INTO FIDE_FIDELIZACION_TB (ID_FIDELIZACION, DETALLE, ID_USUARIO) VALUES ('FID069', 'Detalle fidelización 69', 'ID_USU069');
INSERT INTO FIDE_FIDELIZACION_TB (ID_FIDELIZACION, DETALLE, ID_USUARIO) VALUES ('FID070', 'Detalle fidelización 70', 'ID_USU070');
INSERT INTO FIDE_FIDELIZACION_TB (ID_FIDELIZACION, DETALLE, ID_USUARIO) VALUES ('FID071', 'Detalle fidelización 71', 'ID_USU071');
INSERT INTO FIDE_FIDELIZACION_TB (ID_FIDELIZACION, DETALLE, ID_USUARIO) VALUES ('FID072', 'Detalle fidelización 72', 'ID_USU072');
INSERT INTO FIDE_FIDELIZACION_TB (ID_FIDELIZACION, DETALLE, ID_USUARIO) VALUES ('FID073', 'Detalle fidelización 73', 'ID_USU073');
INSERT INTO FIDE_FIDELIZACION_TB (ID_FIDELIZACION, DETALLE, ID_USUARIO) VALUES ('FID074', 'Detalle fidelización 74', 'ID_USU074');
INSERT INTO FIDE_FIDELIZACION_TB (ID_FIDELIZACION, DETALLE, ID_USUARIO) VALUES ('FID075', 'Detalle fidelización 75', 'ID_USU075');
INSERT INTO FIDE_FIDELIZACION_TB (ID_FIDELIZACION, DETALLE, ID_USUARIO) VALUES ('FID076', 'Detalle fidelización 76', 'ID_USU076');
INSERT INTO FIDE_FIDELIZACION_TB (ID_FIDELIZACION, DETALLE, ID_USUARIO) VALUES ('FID077', 'Detalle fidelización 77', 'ID_USU077');
INSERT INTO FIDE_FIDELIZACION_TB (ID_FIDELIZACION, DETALLE, ID_USUARIO) VALUES ('FID078', 'Detalle fidelización 78', 'ID_USU078');
INSERT INTO FIDE_FIDELIZACION_TB (ID_FIDELIZACION, DETALLE, ID_USUARIO) VALUES ('FID079', 'Detalle fidelización 79', 'ID_USU079');
INSERT INTO FIDE_FIDELIZACION_TB (ID_FIDELIZACION, DETALLE, ID_USUARIO) VALUES ('FID080', 'Detalle fidelización 80', 'ID_USU080');
INSERT INTO FIDE_FIDELIZACION_TB (ID_FIDELIZACION, DETALLE, ID_USUARIO) VALUES ('FID081', 'Detalle fidelización 81', 'ID_USU081');
INSERT INTO FIDE_FIDELIZACION_TB (ID_FIDELIZACION, DETALLE, ID_USUARIO) VALUES ('FID082', 'Detalle fidelización 82', 'ID_USU082');
INSERT INTO FIDE_FIDELIZACION_TB (ID_FIDELIZACION, DETALLE, ID_USUARIO) VALUES ('FID083', 'Detalle fidelización 83', 'ID_USU083');
INSERT INTO FIDE_FIDELIZACION_TB (ID_FIDELIZACION, DETALLE, ID_USUARIO) VALUES ('FID084', 'Detalle fidelización 84', 'ID_USU084');
INSERT INTO FIDE_FIDELIZACION_TB (ID_FIDELIZACION, DETALLE, ID_USUARIO) VALUES ('FID085', 'Detalle fidelización 85', 'ID_USU085');
INSERT INTO FIDE_FIDELIZACION_TB (ID_FIDELIZACION, DETALLE, ID_USUARIO) VALUES ('FID086', 'Detalle fidelización 86', 'ID_USU086');
INSERT INTO FIDE_FIDELIZACION_TB (ID_FIDELIZACION, DETALLE, ID_USUARIO) VALUES ('FID087', 'Detalle fidelización 87', 'ID_USU087');
INSERT INTO FIDE_FIDELIZACION_TB (ID_FIDELIZACION, DETALLE, ID_USUARIO) VALUES ('FID088', 'Detalle fidelización 88', 'ID_USU088');
INSERT INTO FIDE_FIDELIZACION_TB (ID_FIDELIZACION, DETALLE, ID_USUARIO) VALUES ('FID089', 'Detalle fidelización 89', 'ID_USU089');
INSERT INTO FIDE_FIDELIZACION_TB (ID_FIDELIZACION, DETALLE, ID_USUARIO) VALUES ('FID090', 'Detalle fidelización 90', 'ID_USU090');
INSERT INTO FIDE_FIDELIZACION_TB (ID_FIDELIZACION, DETALLE, ID_USUARIO) VALUES ('FID091', 'Detalle fidelización 91', 'ID_USU091');
INSERT INTO FIDE_FIDELIZACION_TB (ID_FIDELIZACION, DETALLE, ID_USUARIO) VALUES ('FID092', 'Detalle fidelización 92', 'ID_USU092');
INSERT INTO FIDE_FIDELIZACION_TB (ID_FIDELIZACION, DETALLE, ID_USUARIO) VALUES ('FID093', 'Detalle fidelización 93', 'ID_USU093');
INSERT INTO FIDE_FIDELIZACION_TB (ID_FIDELIZACION, DETALLE, ID_USUARIO) VALUES ('FID094', 'Detalle fidelización 94', 'ID_USU094');
INSERT INTO FIDE_FIDELIZACION_TB (ID_FIDELIZACION, DETALLE, ID_USUARIO) VALUES ('FID095', 'Detalle fidelización 95', 'ID_USU095');
INSERT INTO FIDE_FIDELIZACION_TB (ID_FIDELIZACION, DETALLE, ID_USUARIO) VALUES ('FID096', 'Detalle fidelización 96', 'ID_USU096');
INSERT INTO FIDE_FIDELIZACION_TB (ID_FIDELIZACION, DETALLE, ID_USUARIO) VALUES ('FID097', 'Detalle fidelización 97', 'ID_USU097');
INSERT INTO FIDE_FIDELIZACION_TB (ID_FIDELIZACION, DETALLE, ID_USUARIO) VALUES ('FID098', 'Detalle fidelización 98', 'ID_USU098');
INSERT INTO FIDE_FIDELIZACION_TB (ID_FIDELIZACION, DETALLE, ID_USUARIO) VALUES ('FID099', 'Detalle fidelización 99', 'ID_USU099');
-- Inserciones para FIDE_CATEGORIA_TB
INSERT INTO FIDE_CATEGORIA_TB (ID_CATEGORIA, NOMBRE_CATEGORIA) VALUES ('ID_CAT000', 'Electrónica');
INSERT INTO FIDE_CATEGORIA_TB (ID_CATEGORIA, NOMBRE_CATEGORIA) VALUES ('ID_CAT001', 'Línea Blanca');
INSERT INTO FIDE_CATEGORIA_TB (ID_CATEGORIA, NOMBRE_CATEGORIA) VALUES ('ID_CAT002', 'Ropa');
INSERT INTO FIDE_CATEGORIA_TB (ID_CATEGORIA, NOMBRE_CATEGORIA) VALUES ('ID_CAT003', 'Alimentos');
INSERT INTO FIDE_CATEGORIA_TB (ID_CATEGORIA, NOMBRE_CATEGORIA) VALUES ('ID_CAT004', 'Bebidas');
INSERT INTO FIDE_CATEGORIA_TB (ID_CATEGORIA, NOMBRE_CATEGORIA) VALUES ('ID_CAT005', 'Juguetes');
INSERT INTO FIDE_CATEGORIA_TB (ID_CATEGORIA, NOMBRE_CATEGORIA) VALUES ('ID_CAT006', 'Herramientas');
INSERT INTO FIDE_CATEGORIA_TB (ID_CATEGORIA, NOMBRE_CATEGORIA) VALUES ('ID_CAT007', 'Deportes');
INSERT INTO FIDE_CATEGORIA_TB (ID_CATEGORIA, NOMBRE_CATEGORIA) VALUES ('ID_CAT008', 'Belleza');
INSERT INTO FIDE_CATEGORIA_TB (ID_CATEGORIA, NOMBRE_CATEGORIA) VALUES ('ID_CAT009', 'Automotriz');
INSERT INTO FIDE_CATEGORIA_TB (ID_CATEGORIA, NOMBRE_CATEGORIA) VALUES ('ID_CAT010', 'Electrónica');
INSERT INTO FIDE_CATEGORIA_TB (ID_CATEGORIA, NOMBRE_CATEGORIA) VALUES ('ID_CAT011', 'Línea Blanca');
INSERT INTO FIDE_CATEGORIA_TB (ID_CATEGORIA, NOMBRE_CATEGORIA) VALUES ('ID_CAT012', 'Ropa');
INSERT INTO FIDE_CATEGORIA_TB (ID_CATEGORIA, NOMBRE_CATEGORIA) VALUES ('ID_CAT013', 'Alimentos');
INSERT INTO FIDE_CATEGORIA_TB (ID_CATEGORIA, NOMBRE_CATEGORIA) VALUES ('ID_CAT014', 'Bebidas');
INSERT INTO FIDE_CATEGORIA_TB (ID_CATEGORIA, NOMBRE_CATEGORIA) VALUES ('ID_CAT015', 'Juguetes');
INSERT INTO FIDE_CATEGORIA_TB (ID_CATEGORIA, NOMBRE_CATEGORIA) VALUES ('ID_CAT016', 'Herramientas');
INSERT INTO FIDE_CATEGORIA_TB (ID_CATEGORIA, NOMBRE_CATEGORIA) VALUES ('ID_CAT017', 'Deportes');
INSERT INTO FIDE_CATEGORIA_TB (ID_CATEGORIA, NOMBRE_CATEGORIA) VALUES ('ID_CAT018', 'Belleza');
INSERT INTO FIDE_CATEGORIA_TB (ID_CATEGORIA, NOMBRE_CATEGORIA) VALUES ('ID_CAT019', 'Automotriz');
INSERT INTO FIDE_CATEGORIA_TB (ID_CATEGORIA, NOMBRE_CATEGORIA) VALUES ('ID_CAT020', 'Electrónica');
INSERT INTO FIDE_CATEGORIA_TB (ID_CATEGORIA, NOMBRE_CATEGORIA) VALUES ('ID_CAT021', 'Línea Blanca');
INSERT INTO FIDE_CATEGORIA_TB (ID_CATEGORIA, NOMBRE_CATEGORIA) VALUES ('ID_CAT022', 'Ropa');
INSERT INTO FIDE_CATEGORIA_TB (ID_CATEGORIA, NOMBRE_CATEGORIA) VALUES ('ID_CAT023', 'Alimentos');
INSERT INTO FIDE_CATEGORIA_TB (ID_CATEGORIA, NOMBRE_CATEGORIA) VALUES ('ID_CAT024', 'Bebidas');
INSERT INTO FIDE_CATEGORIA_TB (ID_CATEGORIA, NOMBRE_CATEGORIA) VALUES ('ID_CAT025', 'Juguetes');
INSERT INTO FIDE_CATEGORIA_TB (ID_CATEGORIA, NOMBRE_CATEGORIA) VALUES ('ID_CAT026', 'Herramientas');
INSERT INTO FIDE_CATEGORIA_TB (ID_CATEGORIA, NOMBRE_CATEGORIA) VALUES ('ID_CAT027', 'Deportes');
INSERT INTO FIDE_CATEGORIA_TB (ID_CATEGORIA, NOMBRE_CATEGORIA) VALUES ('ID_CAT028', 'Belleza');
INSERT INTO FIDE_CATEGORIA_TB (ID_CATEGORIA, NOMBRE_CATEGORIA) VALUES ('ID_CAT029', 'Automotriz');
INSERT INTO FIDE_CATEGORIA_TB (ID_CATEGORIA, NOMBRE_CATEGORIA) VALUES ('ID_CAT030', 'Electrónica');
INSERT INTO FIDE_CATEGORIA_TB (ID_CATEGORIA, NOMBRE_CATEGORIA) VALUES ('ID_CAT031', 'Línea Blanca');
INSERT INTO FIDE_CATEGORIA_TB (ID_CATEGORIA, NOMBRE_CATEGORIA) VALUES ('ID_CAT032', 'Ropa');
INSERT INTO FIDE_CATEGORIA_TB (ID_CATEGORIA, NOMBRE_CATEGORIA) VALUES ('ID_CAT033', 'Alimentos');
INSERT INTO FIDE_CATEGORIA_TB (ID_CATEGORIA, NOMBRE_CATEGORIA) VALUES ('ID_CAT034', 'Bebidas');
INSERT INTO FIDE_CATEGORIA_TB (ID_CATEGORIA, NOMBRE_CATEGORIA) VALUES ('ID_CAT035', 'Juguetes');
INSERT INTO FIDE_CATEGORIA_TB (ID_CATEGORIA, NOMBRE_CATEGORIA) VALUES ('ID_CAT036', 'Herramientas');
INSERT INTO FIDE_CATEGORIA_TB (ID_CATEGORIA, NOMBRE_CATEGORIA) VALUES ('ID_CAT037', 'Deportes');
INSERT INTO FIDE_CATEGORIA_TB (ID_CATEGORIA, NOMBRE_CATEGORIA) VALUES ('ID_CAT038', 'Belleza');
INSERT INTO FIDE_CATEGORIA_TB (ID_CATEGORIA, NOMBRE_CATEGORIA) VALUES ('ID_CAT039', 'Automotriz');
INSERT INTO FIDE_CATEGORIA_TB (ID_CATEGORIA, NOMBRE_CATEGORIA) VALUES ('ID_CAT040', 'Electrónica');
INSERT INTO FIDE_CATEGORIA_TB (ID_CATEGORIA, NOMBRE_CATEGORIA) VALUES ('ID_CAT041', 'Línea Blanca');
INSERT INTO FIDE_CATEGORIA_TB (ID_CATEGORIA, NOMBRE_CATEGORIA) VALUES ('ID_CAT042', 'Ropa');
INSERT INTO FIDE_CATEGORIA_TB (ID_CATEGORIA, NOMBRE_CATEGORIA) VALUES ('ID_CAT043', 'Alimentos');
INSERT INTO FIDE_CATEGORIA_TB (ID_CATEGORIA, NOMBRE_CATEGORIA) VALUES ('ID_CAT044', 'Bebidas');
INSERT INTO FIDE_CATEGORIA_TB (ID_CATEGORIA, NOMBRE_CATEGORIA) VALUES ('ID_CAT045', 'Juguetes');
INSERT INTO FIDE_CATEGORIA_TB (ID_CATEGORIA, NOMBRE_CATEGORIA) VALUES ('ID_CAT046', 'Herramientas');
INSERT INTO FIDE_CATEGORIA_TB (ID_CATEGORIA, NOMBRE_CATEGORIA) VALUES ('ID_CAT047', 'Deportes');
INSERT INTO FIDE_CATEGORIA_TB (ID_CATEGORIA, NOMBRE_CATEGORIA) VALUES ('ID_CAT048', 'Belleza');
INSERT INTO FIDE_CATEGORIA_TB (ID_CATEGORIA, NOMBRE_CATEGORIA) VALUES ('ID_CAT049', 'Automotriz');
INSERT INTO FIDE_CATEGORIA_TB (ID_CATEGORIA, NOMBRE_CATEGORIA) VALUES ('ID_CAT050', 'Electrónica');
INSERT INTO FIDE_CATEGORIA_TB (ID_CATEGORIA, NOMBRE_CATEGORIA) VALUES ('ID_CAT051', 'Línea Blanca');
INSERT INTO FIDE_CATEGORIA_TB (ID_CATEGORIA, NOMBRE_CATEGORIA) VALUES ('ID_CAT052', 'Ropa');
INSERT INTO FIDE_CATEGORIA_TB (ID_CATEGORIA, NOMBRE_CATEGORIA) VALUES ('ID_CAT053', 'Alimentos');
INSERT INTO FIDE_CATEGORIA_TB (ID_CATEGORIA, NOMBRE_CATEGORIA) VALUES ('ID_CAT054', 'Bebidas');
INSERT INTO FIDE_CATEGORIA_TB (ID_CATEGORIA, NOMBRE_CATEGORIA) VALUES ('ID_CAT055', 'Juguetes');
INSERT INTO FIDE_CATEGORIA_TB (ID_CATEGORIA, NOMBRE_CATEGORIA) VALUES ('ID_CAT056', 'Herramientas');
INSERT INTO FIDE_CATEGORIA_TB (ID_CATEGORIA, NOMBRE_CATEGORIA) VALUES ('ID_CAT057', 'Deportes');
INSERT INTO FIDE_CATEGORIA_TB (ID_CATEGORIA, NOMBRE_CATEGORIA) VALUES ('ID_CAT058', 'Belleza');
INSERT INTO FIDE_CATEGORIA_TB (ID_CATEGORIA, NOMBRE_CATEGORIA) VALUES ('ID_CAT059', 'Automotriz');
INSERT INTO FIDE_CATEGORIA_TB (ID_CATEGORIA, NOMBRE_CATEGORIA) VALUES ('ID_CAT060', 'Electrónica');
INSERT INTO FIDE_CATEGORIA_TB (ID_CATEGORIA, NOMBRE_CATEGORIA) VALUES ('ID_CAT061', 'Línea Blanca');
INSERT INTO FIDE_CATEGORIA_TB (ID_CATEGORIA, NOMBRE_CATEGORIA) VALUES ('ID_CAT062', 'Ropa');
INSERT INTO FIDE_CATEGORIA_TB (ID_CATEGORIA, NOMBRE_CATEGORIA) VALUES ('ID_CAT063', 'Alimentos');
INSERT INTO FIDE_CATEGORIA_TB (ID_CATEGORIA, NOMBRE_CATEGORIA) VALUES ('ID_CAT064', 'Bebidas');
INSERT INTO FIDE_CATEGORIA_TB (ID_CATEGORIA, NOMBRE_CATEGORIA) VALUES ('ID_CAT065', 'Juguetes');
INSERT INTO FIDE_CATEGORIA_TB (ID_CATEGORIA, NOMBRE_CATEGORIA) VALUES ('ID_CAT066', 'Herramientas');
INSERT INTO FIDE_CATEGORIA_TB (ID_CATEGORIA, NOMBRE_CATEGORIA) VALUES ('ID_CAT067', 'Deportes');
INSERT INTO FIDE_CATEGORIA_TB (ID_CATEGORIA, NOMBRE_CATEGORIA) VALUES ('ID_CAT068', 'Belleza');
INSERT INTO FIDE_CATEGORIA_TB (ID_CATEGORIA, NOMBRE_CATEGORIA) VALUES ('ID_CAT069', 'Automotriz');
INSERT INTO FIDE_CATEGORIA_TB (ID_CATEGORIA, NOMBRE_CATEGORIA) VALUES ('ID_CAT070', 'Electrónica');
INSERT INTO FIDE_CATEGORIA_TB (ID_CATEGORIA, NOMBRE_CATEGORIA) VALUES ('ID_CAT071', 'Línea Blanca');
INSERT INTO FIDE_CATEGORIA_TB (ID_CATEGORIA, NOMBRE_CATEGORIA) VALUES ('ID_CAT072', 'Ropa');
INSERT INTO FIDE_CATEGORIA_TB (ID_CATEGORIA, NOMBRE_CATEGORIA) VALUES ('ID_CAT073', 'Alimentos');
INSERT INTO FIDE_CATEGORIA_TB (ID_CATEGORIA, NOMBRE_CATEGORIA) VALUES ('ID_CAT074', 'Bebidas');
INSERT INTO FIDE_CATEGORIA_TB (ID_CATEGORIA, NOMBRE_CATEGORIA) VALUES ('ID_CAT075', 'Juguetes');
INSERT INTO FIDE_CATEGORIA_TB (ID_CATEGORIA, NOMBRE_CATEGORIA) VALUES ('ID_CAT076', 'Herramientas');
INSERT INTO FIDE_CATEGORIA_TB (ID_CATEGORIA, NOMBRE_CATEGORIA) VALUES ('ID_CAT077', 'Deportes');
INSERT INTO FIDE_CATEGORIA_TB (ID_CATEGORIA, NOMBRE_CATEGORIA) VALUES ('ID_CAT078', 'Belleza');
INSERT INTO FIDE_CATEGORIA_TB (ID_CATEGORIA, NOMBRE_CATEGORIA) VALUES ('ID_CAT079', 'Automotriz');
INSERT INTO FIDE_CATEGORIA_TB (ID_CATEGORIA, NOMBRE_CATEGORIA) VALUES ('ID_CAT080', 'Electrónica');
INSERT INTO FIDE_CATEGORIA_TB (ID_CATEGORIA, NOMBRE_CATEGORIA) VALUES ('ID_CAT081', 'Línea Blanca');
INSERT INTO FIDE_CATEGORIA_TB (ID_CATEGORIA, NOMBRE_CATEGORIA) VALUES ('ID_CAT082', 'Ropa');
INSERT INTO FIDE_CATEGORIA_TB (ID_CATEGORIA, NOMBRE_CATEGORIA) VALUES ('ID_CAT083', 'Alimentos');
INSERT INTO FIDE_CATEGORIA_TB (ID_CATEGORIA, NOMBRE_CATEGORIA) VALUES ('ID_CAT084', 'Bebidas');
INSERT INTO FIDE_CATEGORIA_TB (ID_CATEGORIA, NOMBRE_CATEGORIA) VALUES ('ID_CAT085', 'Juguetes');
INSERT INTO FIDE_CATEGORIA_TB (ID_CATEGORIA, NOMBRE_CATEGORIA) VALUES ('ID_CAT086', 'Herramientas');
INSERT INTO FIDE_CATEGORIA_TB (ID_CATEGORIA, NOMBRE_CATEGORIA) VALUES ('ID_CAT087', 'Deportes');
INSERT INTO FIDE_CATEGORIA_TB (ID_CATEGORIA, NOMBRE_CATEGORIA) VALUES ('ID_CAT088', 'Belleza');
INSERT INTO FIDE_CATEGORIA_TB (ID_CATEGORIA, NOMBRE_CATEGORIA) VALUES ('ID_CAT089', 'Automotriz');
INSERT INTO FIDE_CATEGORIA_TB (ID_CATEGORIA, NOMBRE_CATEGORIA) VALUES ('ID_CAT090', 'Electrónica');
INSERT INTO FIDE_CATEGORIA_TB (ID_CATEGORIA, NOMBRE_CATEGORIA) VALUES ('ID_CAT091', 'Línea Blanca');
INSERT INTO FIDE_CATEGORIA_TB (ID_CATEGORIA, NOMBRE_CATEGORIA) VALUES ('ID_CAT092', 'Ropa');
INSERT INTO FIDE_CATEGORIA_TB (ID_CATEGORIA, NOMBRE_CATEGORIA) VALUES ('ID_CAT093', 'Alimentos');
INSERT INTO FIDE_CATEGORIA_TB (ID_CATEGORIA, NOMBRE_CATEGORIA) VALUES ('ID_CAT094', 'Bebidas');
INSERT INTO FIDE_CATEGORIA_TB (ID_CATEGORIA, NOMBRE_CATEGORIA) VALUES ('ID_CAT095', 'Juguetes');
INSERT INTO FIDE_CATEGORIA_TB (ID_CATEGORIA, NOMBRE_CATEGORIA) VALUES ('ID_CAT096', 'Herramientas');
INSERT INTO FIDE_CATEGORIA_TB (ID_CATEGORIA, NOMBRE_CATEGORIA) VALUES ('ID_CAT097', 'Deportes');
INSERT INTO FIDE_CATEGORIA_TB (ID_CATEGORIA, NOMBRE_CATEGORIA) VALUES ('ID_CAT098', 'Belleza');
INSERT INTO FIDE_CATEGORIA_TB (ID_CATEGORIA, NOMBRE_CATEGORIA) VALUES ('ID_CAT099', 'Automotriz');

-- Inserciones para FIDE_PUESTO_TB
INSERT INTO FIDE_PUESTO_TB (ID_PUESTO, NOMBRE) VALUES ('ID_PUE000', 'Cajero');
INSERT INTO FIDE_PUESTO_TB (ID_PUESTO, NOMBRE) VALUES ('ID_PUE001', 'Gerente');
INSERT INTO FIDE_PUESTO_TB (ID_PUESTO, NOMBRE) VALUES ('ID_PUE002', 'Vendedor');
INSERT INTO FIDE_PUESTO_TB (ID_PUESTO, NOMBRE) VALUES ('ID_PUE003', 'Supervisor');
INSERT INTO FIDE_PUESTO_TB (ID_PUESTO, NOMBRE) VALUES ('ID_PUE004', 'Bodeguero');
INSERT INTO FIDE_PUESTO_TB (ID_PUESTO, NOMBRE) VALUES ('ID_PUE005', 'Soporte');
INSERT INTO FIDE_PUESTO_TB (ID_PUESTO, NOMBRE) VALUES ('ID_PUE006', 'Contador');
INSERT INTO FIDE_PUESTO_TB (ID_PUESTO, NOMBRE) VALUES ('ID_PUE007', 'Administrador');
INSERT INTO FIDE_PUESTO_TB (ID_PUESTO, NOMBRE) VALUES ('ID_PUE008', 'Cajero');
INSERT INTO FIDE_PUESTO_TB (ID_PUESTO, NOMBRE) VALUES ('ID_PUE009', 'Gerente');
INSERT INTO FIDE_PUESTO_TB (ID_PUESTO, NOMBRE) VALUES ('ID_PUE010', 'Vendedor');
INSERT INTO FIDE_PUESTO_TB (ID_PUESTO, NOMBRE) VALUES ('ID_PUE011', 'Supervisor');
INSERT INTO FIDE_PUESTO_TB (ID_PUESTO, NOMBRE) VALUES ('ID_PUE012', 'Bodeguero');
INSERT INTO FIDE_PUESTO_TB (ID_PUESTO, NOMBRE) VALUES ('ID_PUE013', 'Soporte');
INSERT INTO FIDE_PUESTO_TB (ID_PUESTO, NOMBRE) VALUES ('ID_PUE014', 'Contador');
INSERT INTO FIDE_PUESTO_TB (ID_PUESTO, NOMBRE) VALUES ('ID_PUE015', 'Administrador');
INSERT INTO FIDE_PUESTO_TB (ID_PUESTO, NOMBRE) VALUES ('ID_PUE016', 'Cajero');
INSERT INTO FIDE_PUESTO_TB (ID_PUESTO, NOMBRE) VALUES ('ID_PUE017', 'Gerente');
INSERT INTO FIDE_PUESTO_TB (ID_PUESTO, NOMBRE) VALUES ('ID_PUE018', 'Vendedor');
INSERT INTO FIDE_PUESTO_TB (ID_PUESTO, NOMBRE) VALUES ('ID_PUE019', 'Supervisor');
INSERT INTO FIDE_PUESTO_TB (ID_PUESTO, NOMBRE) VALUES ('ID_PUE020', 'Bodeguero');
INSERT INTO FIDE_PUESTO_TB (ID_PUESTO, NOMBRE) VALUES ('ID_PUE021', 'Soporte');
INSERT INTO FIDE_PUESTO_TB (ID_PUESTO, NOMBRE) VALUES ('ID_PUE022', 'Contador');
INSERT INTO FIDE_PUESTO_TB (ID_PUESTO, NOMBRE) VALUES ('ID_PUE023', 'Administrador');
INSERT INTO FIDE_PUESTO_TB (ID_PUESTO, NOMBRE) VALUES ('ID_PUE024', 'Cajero');
INSERT INTO FIDE_PUESTO_TB (ID_PUESTO, NOMBRE) VALUES ('ID_PUE025', 'Gerente');
INSERT INTO FIDE_PUESTO_TB (ID_PUESTO, NOMBRE) VALUES ('ID_PUE026', 'Vendedor');
INSERT INTO FIDE_PUESTO_TB (ID_PUESTO, NOMBRE) VALUES ('ID_PUE027', 'Supervisor');
INSERT INTO FIDE_PUESTO_TB (ID_PUESTO, NOMBRE) VALUES ('ID_PUE028', 'Bodeguero');
INSERT INTO FIDE_PUESTO_TB (ID_PUESTO, NOMBRE) VALUES ('ID_PUE029', 'Soporte');
INSERT INTO FIDE_PUESTO_TB (ID_PUESTO, NOMBRE) VALUES ('ID_PUE030', 'Contador');
INSERT INTO FIDE_PUESTO_TB (ID_PUESTO, NOMBRE) VALUES ('ID_PUE031', 'Administrador');
INSERT INTO FIDE_PUESTO_TB (ID_PUESTO, NOMBRE) VALUES ('ID_PUE032', 'Cajero');
INSERT INTO FIDE_PUESTO_TB (ID_PUESTO, NOMBRE) VALUES ('ID_PUE033', 'Gerente');
INSERT INTO FIDE_PUESTO_TB (ID_PUESTO, NOMBRE) VALUES ('ID_PUE034', 'Vendedor');
INSERT INTO FIDE_PUESTO_TB (ID_PUESTO, NOMBRE) VALUES ('ID_PUE035', 'Supervisor');
INSERT INTO FIDE_PUESTO_TB (ID_PUESTO, NOMBRE) VALUES ('ID_PUE036', 'Bodeguero');
INSERT INTO FIDE_PUESTO_TB (ID_PUESTO, NOMBRE) VALUES ('ID_PUE037', 'Soporte');
INSERT INTO FIDE_PUESTO_TB (ID_PUESTO, NOMBRE) VALUES ('ID_PUE038', 'Contador');
INSERT INTO FIDE_PUESTO_TB (ID_PUESTO, NOMBRE) VALUES ('ID_PUE039', 'Administrador');
INSERT INTO FIDE_PUESTO_TB (ID_PUESTO, NOMBRE) VALUES ('ID_PUE040', 'Cajero');
INSERT INTO FIDE_PUESTO_TB (ID_PUESTO, NOMBRE) VALUES ('ID_PUE041', 'Gerente');
INSERT INTO FIDE_PUESTO_TB (ID_PUESTO, NOMBRE) VALUES ('ID_PUE042', 'Vendedor');
INSERT INTO FIDE_PUESTO_TB (ID_PUESTO, NOMBRE) VALUES ('ID_PUE043', 'Supervisor');
INSERT INTO FIDE_PUESTO_TB (ID_PUESTO, NOMBRE) VALUES ('ID_PUE044', 'Bodeguero');
INSERT INTO FIDE_PUESTO_TB (ID_PUESTO, NOMBRE) VALUES ('ID_PUE045', 'Soporte');
INSERT INTO FIDE_PUESTO_TB (ID_PUESTO, NOMBRE) VALUES ('ID_PUE046', 'Contador');
INSERT INTO FIDE_PUESTO_TB (ID_PUESTO, NOMBRE) VALUES ('ID_PUE047', 'Administrador');
INSERT INTO FIDE_PUESTO_TB (ID_PUESTO, NOMBRE) VALUES ('ID_PUE048', 'Cajero');
INSERT INTO FIDE_PUESTO_TB (ID_PUESTO, NOMBRE) VALUES ('ID_PUE049', 'Gerente');
INSERT INTO FIDE_PUESTO_TB (ID_PUESTO, NOMBRE) VALUES ('ID_PUE050', 'Vendedor');
INSERT INTO FIDE_PUESTO_TB (ID_PUESTO, NOMBRE) VALUES ('ID_PUE051', 'Supervisor');
INSERT INTO FIDE_PUESTO_TB (ID_PUESTO, NOMBRE) VALUES ('ID_PUE052', 'Bodeguero');
INSERT INTO FIDE_PUESTO_TB (ID_PUESTO, NOMBRE) VALUES ('ID_PUE053', 'Soporte');
INSERT INTO FIDE_PUESTO_TB (ID_PUESTO, NOMBRE) VALUES ('ID_PUE054', 'Contador');
INSERT INTO FIDE_PUESTO_TB (ID_PUESTO, NOMBRE) VALUES ('ID_PUE055', 'Administrador');
INSERT INTO FIDE_PUESTO_TB (ID_PUESTO, NOMBRE) VALUES ('ID_PUE056', 'Cajero');
INSERT INTO FIDE_PUESTO_TB (ID_PUESTO, NOMBRE) VALUES ('ID_PUE057', 'Gerente');
INSERT INTO FIDE_PUESTO_TB (ID_PUESTO, NOMBRE) VALUES ('ID_PUE058', 'Vendedor');
INSERT INTO FIDE_PUESTO_TB (ID_PUESTO, NOMBRE) VALUES ('ID_PUE059', 'Supervisor');
INSERT INTO FIDE_PUESTO_TB (ID_PUESTO, NOMBRE) VALUES ('ID_PUE060', 'Bodeguero');
INSERT INTO FIDE_PUESTO_TB (ID_PUESTO, NOMBRE) VALUES ('ID_PUE061', 'Soporte');
INSERT INTO FIDE_PUESTO_TB (ID_PUESTO, NOMBRE) VALUES ('ID_PUE062', 'Contador');
INSERT INTO FIDE_PUESTO_TB (ID_PUESTO, NOMBRE) VALUES ('ID_PUE063', 'Administrador');
INSERT INTO FIDE_PUESTO_TB (ID_PUESTO, NOMBRE) VALUES ('ID_PUE064', 'Cajero');
INSERT INTO FIDE_PUESTO_TB (ID_PUESTO, NOMBRE) VALUES ('ID_PUE065', 'Gerente');
INSERT INTO FIDE_PUESTO_TB (ID_PUESTO, NOMBRE) VALUES ('ID_PUE066', 'Vendedor');
INSERT INTO FIDE_PUESTO_TB (ID_PUESTO, NOMBRE) VALUES ('ID_PUE067', 'Supervisor');
INSERT INTO FIDE_PUESTO_TB (ID_PUESTO, NOMBRE) VALUES ('ID_PUE068', 'Bodeguero');
INSERT INTO FIDE_PUESTO_TB (ID_PUESTO, NOMBRE) VALUES ('ID_PUE069', 'Soporte');
INSERT INTO FIDE_PUESTO_TB (ID_PUESTO, NOMBRE) VALUES ('ID_PUE070', 'Contador');
INSERT INTO FIDE_PUESTO_TB (ID_PUESTO, NOMBRE) VALUES ('ID_PUE071', 'Administrador');
INSERT INTO FIDE_PUESTO_TB (ID_PUESTO, NOMBRE) VALUES ('ID_PUE072', 'Cajero');
INSERT INTO FIDE_PUESTO_TB (ID_PUESTO, NOMBRE) VALUES ('ID_PUE073', 'Gerente');
INSERT INTO FIDE_PUESTO_TB (ID_PUESTO, NOMBRE) VALUES ('ID_PUE074', 'Vendedor');
INSERT INTO FIDE_PUESTO_TB (ID_PUESTO, NOMBRE) VALUES ('ID_PUE075', 'Supervisor');
INSERT INTO FIDE_PUESTO_TB (ID_PUESTO, NOMBRE) VALUES ('ID_PUE076', 'Bodeguero');
INSERT INTO FIDE_PUESTO_TB (ID_PUESTO, NOMBRE) VALUES ('ID_PUE077', 'Soporte');
INSERT INTO FIDE_PUESTO_TB (ID_PUESTO, NOMBRE) VALUES ('ID_PUE078', 'Contador');
INSERT INTO FIDE_PUESTO_TB (ID_PUESTO, NOMBRE) VALUES ('ID_PUE079', 'Administrador');
INSERT INTO FIDE_PUESTO_TB (ID_PUESTO, NOMBRE) VALUES ('ID_PUE080', 'Cajero');
INSERT INTO FIDE_PUESTO_TB (ID_PUESTO, NOMBRE) VALUES ('ID_PUE081', 'Gerente');
INSERT INTO FIDE_PUESTO_TB (ID_PUESTO, NOMBRE) VALUES ('ID_PUE082', 'Vendedor');
INSERT INTO FIDE_PUESTO_TB (ID_PUESTO, NOMBRE) VALUES ('ID_PUE083', 'Supervisor');
INSERT INTO FIDE_PUESTO_TB (ID_PUESTO, NOMBRE) VALUES ('ID_PUE084', 'Bodeguero');
INSERT INTO FIDE_PUESTO_TB (ID_PUESTO, NOMBRE) VALUES ('ID_PUE085', 'Soporte');
INSERT INTO FIDE_PUESTO_TB (ID_PUESTO, NOMBRE) VALUES ('ID_PUE086', 'Contador');
INSERT INTO FIDE_PUESTO_TB (ID_PUESTO, NOMBRE) VALUES ('ID_PUE087', 'Administrador');
INSERT INTO FIDE_PUESTO_TB (ID_PUESTO, NOMBRE) VALUES ('ID_PUE088', 'Cajero');
INSERT INTO FIDE_PUESTO_TB (ID_PUESTO, NOMBRE) VALUES ('ID_PUE089', 'Gerente');
INSERT INTO FIDE_PUESTO_TB (ID_PUESTO, NOMBRE) VALUES ('ID_PUE090', 'Vendedor');
INSERT INTO FIDE_PUESTO_TB (ID_PUESTO, NOMBRE) VALUES ('ID_PUE091', 'Supervisor');
INSERT INTO FIDE_PUESTO_TB (ID_PUESTO, NOMBRE) VALUES ('ID_PUE092', 'Bodeguero');
INSERT INTO FIDE_PUESTO_TB (ID_PUESTO, NOMBRE) VALUES ('ID_PUE093', 'Soporte');
INSERT INTO FIDE_PUESTO_TB (ID_PUESTO, NOMBRE) VALUES ('ID_PUE094', 'Contador');
INSERT INTO FIDE_PUESTO_TB (ID_PUESTO, NOMBRE) VALUES ('ID_PUE095', 'Administrador');
INSERT INTO FIDE_PUESTO_TB (ID_PUESTO, NOMBRE) VALUES ('ID_PUE096', 'Cajero');
INSERT INTO FIDE_PUESTO_TB (ID_PUESTO, NOMBRE) VALUES ('ID_PUE097', 'Gerente');
INSERT INTO FIDE_PUESTO_TB (ID_PUESTO, NOMBRE) VALUES ('ID_PUE098', 'Vendedor');
INSERT INTO FIDE_PUESTO_TB (ID_PUESTO, NOMBRE) VALUES ('ID_PUE099', 'Supervisor');

-- Inserciones para FIDE_EMPLEADO_TB
INSERT INTO FIDE_EMPLEADO_TB (ID_EMPLEADO, ID_PUESTO, ID_USUARIO) VALUES ('EMP000', 'ID_PUE000', 'ID_USU000');
INSERT INTO FIDE_EMPLEADO_TB (ID_EMPLEADO, ID_PUESTO, ID_USUARIO) VALUES ('EMP001', 'ID_PUE001', 'ID_USU001');
INSERT INTO FIDE_EMPLEADO_TB (ID_EMPLEADO, ID_PUESTO, ID_USUARIO) VALUES ('EMP002', 'ID_PUE002', 'ID_USU002');
INSERT INTO FIDE_EMPLEADO_TB (ID_EMPLEADO, ID_PUESTO, ID_USUARIO) VALUES ('EMP003', 'ID_PUE003', 'ID_USU003');
INSERT INTO FIDE_EMPLEADO_TB (ID_EMPLEADO, ID_PUESTO, ID_USUARIO) VALUES ('EMP004', 'ID_PUE004', 'ID_USU004');
INSERT INTO FIDE_EMPLEADO_TB (ID_EMPLEADO, ID_PUESTO, ID_USUARIO) VALUES ('EMP005', 'ID_PUE005', 'ID_USU005');
INSERT INTO FIDE_EMPLEADO_TB (ID_EMPLEADO, ID_PUESTO, ID_USUARIO) VALUES ('EMP006', 'ID_PUE006', 'ID_USU006');
INSERT INTO FIDE_EMPLEADO_TB (ID_EMPLEADO, ID_PUESTO, ID_USUARIO) VALUES ('EMP007', 'ID_PUE007', 'ID_USU007');
INSERT INTO FIDE_EMPLEADO_TB (ID_EMPLEADO, ID_PUESTO, ID_USUARIO) VALUES ('EMP008', 'ID_PUE008', 'ID_USU008');
INSERT INTO FIDE_EMPLEADO_TB (ID_EMPLEADO, ID_PUESTO, ID_USUARIO) VALUES ('EMP009', 'ID_PUE009', 'ID_USU009');
INSERT INTO FIDE_EMPLEADO_TB (ID_EMPLEADO, ID_PUESTO, ID_USUARIO) VALUES ('EMP010', 'ID_PUE010', 'ID_USU010');
INSERT INTO FIDE_EMPLEADO_TB (ID_EMPLEADO, ID_PUESTO, ID_USUARIO) VALUES ('EMP011', 'ID_PUE011', 'ID_USU011');
INSERT INTO FIDE_EMPLEADO_TB (ID_EMPLEADO, ID_PUESTO, ID_USUARIO) VALUES ('EMP012', 'ID_PUE012', 'ID_USU012');
INSERT INTO FIDE_EMPLEADO_TB (ID_EMPLEADO, ID_PUESTO, ID_USUARIO) VALUES ('EMP013', 'ID_PUE013', 'ID_USU013');
INSERT INTO FIDE_EMPLEADO_TB (ID_EMPLEADO, ID_PUESTO, ID_USUARIO) VALUES ('EMP014', 'ID_PUE014', 'ID_USU014');
INSERT INTO FIDE_EMPLEADO_TB (ID_EMPLEADO, ID_PUESTO, ID_USUARIO) VALUES ('EMP015', 'ID_PUE015', 'ID_USU015');
INSERT INTO FIDE_EMPLEADO_TB (ID_EMPLEADO, ID_PUESTO, ID_USUARIO) VALUES ('EMP016', 'ID_PUE016', 'ID_USU016');
INSERT INTO FIDE_EMPLEADO_TB (ID_EMPLEADO, ID_PUESTO, ID_USUARIO) VALUES ('EMP017', 'ID_PUE017', 'ID_USU017');
INSERT INTO FIDE_EMPLEADO_TB (ID_EMPLEADO, ID_PUESTO, ID_USUARIO) VALUES ('EMP018', 'ID_PUE018', 'ID_USU018');
INSERT INTO FIDE_EMPLEADO_TB (ID_EMPLEADO, ID_PUESTO, ID_USUARIO) VALUES ('EMP019', 'ID_PUE019', 'ID_USU019');
INSERT INTO FIDE_EMPLEADO_TB (ID_EMPLEADO, ID_PUESTO, ID_USUARIO) VALUES ('EMP020', 'ID_PUE020', 'ID_USU020');
INSERT INTO FIDE_EMPLEADO_TB (ID_EMPLEADO, ID_PUESTO, ID_USUARIO) VALUES ('EMP021', 'ID_PUE021', 'ID_USU021');
INSERT INTO FIDE_EMPLEADO_TB (ID_EMPLEADO, ID_PUESTO, ID_USUARIO) VALUES ('EMP022', 'ID_PUE022', 'ID_USU022');
INSERT INTO FIDE_EMPLEADO_TB (ID_EMPLEADO, ID_PUESTO, ID_USUARIO) VALUES ('EMP023', 'ID_PUE023', 'ID_USU023');
INSERT INTO FIDE_EMPLEADO_TB (ID_EMPLEADO, ID_PUESTO, ID_USUARIO) VALUES ('EMP024', 'ID_PUE024', 'ID_USU024');
INSERT INTO FIDE_EMPLEADO_TB (ID_EMPLEADO, ID_PUESTO, ID_USUARIO) VALUES ('EMP025', 'ID_PUE025', 'ID_USU025');
INSERT INTO FIDE_EMPLEADO_TB (ID_EMPLEADO, ID_PUESTO, ID_USUARIO) VALUES ('EMP026', 'ID_PUE026', 'ID_USU026');
INSERT INTO FIDE_EMPLEADO_TB (ID_EMPLEADO, ID_PUESTO, ID_USUARIO) VALUES ('EMP027', 'ID_PUE027', 'ID_USU027');
INSERT INTO FIDE_EMPLEADO_TB (ID_EMPLEADO, ID_PUESTO, ID_USUARIO) VALUES ('EMP028', 'ID_PUE028', 'ID_USU028');
INSERT INTO FIDE_EMPLEADO_TB (ID_EMPLEADO, ID_PUESTO, ID_USUARIO) VALUES ('EMP029', 'ID_PUE029', 'ID_USU029');
INSERT INTO FIDE_EMPLEADO_TB (ID_EMPLEADO, ID_PUESTO, ID_USUARIO) VALUES ('EMP030', 'ID_PUE030', 'ID_USU030');
INSERT INTO FIDE_EMPLEADO_TB (ID_EMPLEADO, ID_PUESTO, ID_USUARIO) VALUES ('EMP031', 'ID_PUE031', 'ID_USU031');
INSERT INTO FIDE_EMPLEADO_TB (ID_EMPLEADO, ID_PUESTO, ID_USUARIO) VALUES ('EMP032', 'ID_PUE032', 'ID_USU032');
INSERT INTO FIDE_EMPLEADO_TB (ID_EMPLEADO, ID_PUESTO, ID_USUARIO) VALUES ('EMP033', 'ID_PUE033', 'ID_USU033');
INSERT INTO FIDE_EMPLEADO_TB (ID_EMPLEADO, ID_PUESTO, ID_USUARIO) VALUES ('EMP034', 'ID_PUE034', 'ID_USU034');
INSERT INTO FIDE_EMPLEADO_TB (ID_EMPLEADO, ID_PUESTO, ID_USUARIO) VALUES ('EMP035', 'ID_PUE035', 'ID_USU035');
INSERT INTO FIDE_EMPLEADO_TB (ID_EMPLEADO, ID_PUESTO, ID_USUARIO) VALUES ('EMP036', 'ID_PUE036', 'ID_USU036');
INSERT INTO FIDE_EMPLEADO_TB (ID_EMPLEADO, ID_PUESTO, ID_USUARIO) VALUES ('EMP037', 'ID_PUE037', 'ID_USU037');
INSERT INTO FIDE_EMPLEADO_TB (ID_EMPLEADO, ID_PUESTO, ID_USUARIO) VALUES ('EMP038', 'ID_PUE038', 'ID_USU038');
INSERT INTO FIDE_EMPLEADO_TB (ID_EMPLEADO, ID_PUESTO, ID_USUARIO) VALUES ('EMP039', 'ID_PUE039', 'ID_USU039');
INSERT INTO FIDE_EMPLEADO_TB (ID_EMPLEADO, ID_PUESTO, ID_USUARIO) VALUES ('EMP040', 'ID_PUE040', 'ID_USU040');
INSERT INTO FIDE_EMPLEADO_TB (ID_EMPLEADO, ID_PUESTO, ID_USUARIO) VALUES ('EMP041', 'ID_PUE041', 'ID_USU041');
INSERT INTO FIDE_EMPLEADO_TB (ID_EMPLEADO, ID_PUESTO, ID_USUARIO) VALUES ('EMP042', 'ID_PUE042', 'ID_USU042');
INSERT INTO FIDE_EMPLEADO_TB (ID_EMPLEADO, ID_PUESTO, ID_USUARIO) VALUES ('EMP043', 'ID_PUE043', 'ID_USU043');
INSERT INTO FIDE_EMPLEADO_TB (ID_EMPLEADO, ID_PUESTO, ID_USUARIO) VALUES ('EMP044', 'ID_PUE044', 'ID_USU044');
INSERT INTO FIDE_EMPLEADO_TB (ID_EMPLEADO, ID_PUESTO, ID_USUARIO) VALUES ('EMP045', 'ID_PUE045', 'ID_USU045');
INSERT INTO FIDE_EMPLEADO_TB (ID_EMPLEADO, ID_PUESTO, ID_USUARIO) VALUES ('EMP046', 'ID_PUE046', 'ID_USU046');
INSERT INTO FIDE_EMPLEADO_TB (ID_EMPLEADO, ID_PUESTO, ID_USUARIO) VALUES ('EMP047', 'ID_PUE047', 'ID_USU047');
INSERT INTO FIDE_EMPLEADO_TB (ID_EMPLEADO, ID_PUESTO, ID_USUARIO) VALUES ('EMP048', 'ID_PUE048', 'ID_USU048');
INSERT INTO FIDE_EMPLEADO_TB (ID_EMPLEADO, ID_PUESTO, ID_USUARIO) VALUES ('EMP049', 'ID_PUE049', 'ID_USU049');
INSERT INTO FIDE_EMPLEADO_TB (ID_EMPLEADO, ID_PUESTO, ID_USUARIO) VALUES ('EMP050', 'ID_PUE050', 'ID_USU050');
INSERT INTO FIDE_EMPLEADO_TB (ID_EMPLEADO, ID_PUESTO, ID_USUARIO) VALUES ('EMP051', 'ID_PUE051', 'ID_USU051');
INSERT INTO FIDE_EMPLEADO_TB (ID_EMPLEADO, ID_PUESTO, ID_USUARIO) VALUES ('EMP052', 'ID_PUE052', 'ID_USU052');
INSERT INTO FIDE_EMPLEADO_TB (ID_EMPLEADO, ID_PUESTO, ID_USUARIO) VALUES ('EMP053', 'ID_PUE053', 'ID_USU053');
INSERT INTO FIDE_EMPLEADO_TB (ID_EMPLEADO, ID_PUESTO, ID_USUARIO) VALUES ('EMP054', 'ID_PUE054', 'ID_USU054');
INSERT INTO FIDE_EMPLEADO_TB (ID_EMPLEADO, ID_PUESTO, ID_USUARIO) VALUES ('EMP055', 'ID_PUE055', 'ID_USU055');
INSERT INTO FIDE_EMPLEADO_TB (ID_EMPLEADO, ID_PUESTO, ID_USUARIO) VALUES ('EMP056', 'ID_PUE056', 'ID_USU056');
INSERT INTO FIDE_EMPLEADO_TB (ID_EMPLEADO, ID_PUESTO, ID_USUARIO) VALUES ('EMP057', 'ID_PUE057', 'ID_USU057');
INSERT INTO FIDE_EMPLEADO_TB (ID_EMPLEADO, ID_PUESTO, ID_USUARIO) VALUES ('EMP058', 'ID_PUE058', 'ID_USU058');
INSERT INTO FIDE_EMPLEADO_TB (ID_EMPLEADO, ID_PUESTO, ID_USUARIO) VALUES ('EMP059', 'ID_PUE059', 'ID_USU059');
INSERT INTO FIDE_EMPLEADO_TB (ID_EMPLEADO, ID_PUESTO, ID_USUARIO) VALUES ('EMP060', 'ID_PUE060', 'ID_USU060');
INSERT INTO FIDE_EMPLEADO_TB (ID_EMPLEADO, ID_PUESTO, ID_USUARIO) VALUES ('EMP061', 'ID_PUE061', 'ID_USU061');
INSERT INTO FIDE_EMPLEADO_TB (ID_EMPLEADO, ID_PUESTO, ID_USUARIO) VALUES ('EMP062', 'ID_PUE062', 'ID_USU062');
INSERT INTO FIDE_EMPLEADO_TB (ID_EMPLEADO, ID_PUESTO, ID_USUARIO) VALUES ('EMP063', 'ID_PUE063', 'ID_USU063');
INSERT INTO FIDE_EMPLEADO_TB (ID_EMPLEADO, ID_PUESTO, ID_USUARIO) VALUES ('EMP064', 'ID_PUE064', 'ID_USU064');
INSERT INTO FIDE_EMPLEADO_TB (ID_EMPLEADO, ID_PUESTO, ID_USUARIO) VALUES ('EMP065', 'ID_PUE065', 'ID_USU065');
INSERT INTO FIDE_EMPLEADO_TB (ID_EMPLEADO, ID_PUESTO, ID_USUARIO) VALUES ('EMP066', 'ID_PUE066', 'ID_USU066');
INSERT INTO FIDE_EMPLEADO_TB (ID_EMPLEADO, ID_PUESTO, ID_USUARIO) VALUES ('EMP067', 'ID_PUE067', 'ID_USU067');
INSERT INTO FIDE_EMPLEADO_TB (ID_EMPLEADO, ID_PUESTO, ID_USUARIO) VALUES ('EMP068', 'ID_PUE068', 'ID_USU068');
INSERT INTO FIDE_EMPLEADO_TB (ID_EMPLEADO, ID_PUESTO, ID_USUARIO) VALUES ('EMP069', 'ID_PUE069', 'ID_USU069');
INSERT INTO FIDE_EMPLEADO_TB (ID_EMPLEADO, ID_PUESTO, ID_USUARIO) VALUES ('EMP070', 'ID_PUE070', 'ID_USU070');
INSERT INTO FIDE_EMPLEADO_TB (ID_EMPLEADO, ID_PUESTO, ID_USUARIO) VALUES ('EMP071', 'ID_PUE071', 'ID_USU071');
INSERT INTO FIDE_EMPLEADO_TB (ID_EMPLEADO, ID_PUESTO, ID_USUARIO) VALUES ('EMP072', 'ID_PUE072', 'ID_USU072');
INSERT INTO FIDE_EMPLEADO_TB (ID_EMPLEADO, ID_PUESTO, ID_USUARIO) VALUES ('EMP073', 'ID_PUE073', 'ID_USU073');
INSERT INTO FIDE_EMPLEADO_TB (ID_EMPLEADO, ID_PUESTO, ID_USUARIO) VALUES ('EMP074', 'ID_PUE074', 'ID_USU074');
INSERT INTO FIDE_EMPLEADO_TB (ID_EMPLEADO, ID_PUESTO, ID_USUARIO) VALUES ('EMP075', 'ID_PUE075', 'ID_USU075');
INSERT INTO FIDE_EMPLEADO_TB (ID_EMPLEADO, ID_PUESTO, ID_USUARIO) VALUES ('EMP076', 'ID_PUE076', 'ID_USU076');
INSERT INTO FIDE_EMPLEADO_TB (ID_EMPLEADO, ID_PUESTO, ID_USUARIO) VALUES ('EMP077', 'ID_PUE077', 'ID_USU077');
INSERT INTO FIDE_EMPLEADO_TB (ID_EMPLEADO, ID_PUESTO, ID_USUARIO) VALUES ('EMP078', 'ID_PUE078', 'ID_USU078');
INSERT INTO FIDE_EMPLEADO_TB (ID_EMPLEADO, ID_PUESTO, ID_USUARIO) VALUES ('EMP079', 'ID_PUE079', 'ID_USU079');
INSERT INTO FIDE_EMPLEADO_TB (ID_EMPLEADO, ID_PUESTO, ID_USUARIO) VALUES ('EMP080', 'ID_PUE080', 'ID_USU080');
INSERT INTO FIDE_EMPLEADO_TB (ID_EMPLEADO, ID_PUESTO, ID_USUARIO) VALUES ('EMP081', 'ID_PUE081', 'ID_USU081');
INSERT INTO FIDE_EMPLEADO_TB (ID_EMPLEADO, ID_PUESTO, ID_USUARIO) VALUES ('EMP082', 'ID_PUE082', 'ID_USU082');
INSERT INTO FIDE_EMPLEADO_TB (ID_EMPLEADO, ID_PUESTO, ID_USUARIO) VALUES ('EMP083', 'ID_PUE083', 'ID_USU083');
INSERT INTO FIDE_EMPLEADO_TB (ID_EMPLEADO, ID_PUESTO, ID_USUARIO) VALUES ('EMP084', 'ID_PUE084', 'ID_USU084');
INSERT INTO FIDE_EMPLEADO_TB (ID_EMPLEADO, ID_PUESTO, ID_USUARIO) VALUES ('EMP085', 'ID_PUE085', 'ID_USU085');
INSERT INTO FIDE_EMPLEADO_TB (ID_EMPLEADO, ID_PUESTO, ID_USUARIO) VALUES ('EMP086', 'ID_PUE086', 'ID_USU086');
INSERT INTO FIDE_EMPLEADO_TB (ID_EMPLEADO, ID_PUESTO, ID_USUARIO) VALUES ('EMP087', 'ID_PUE087', 'ID_USU087');
INSERT INTO FIDE_EMPLEADO_TB (ID_EMPLEADO, ID_PUESTO, ID_USUARIO) VALUES ('EMP088', 'ID_PUE088', 'ID_USU088');
INSERT INTO FIDE_EMPLEADO_TB (ID_EMPLEADO, ID_PUESTO, ID_USUARIO) VALUES ('EMP089', 'ID_PUE089', 'ID_USU089');
INSERT INTO FIDE_EMPLEADO_TB (ID_EMPLEADO, ID_PUESTO, ID_USUARIO) VALUES ('EMP090', 'ID_PUE090', 'ID_USU090');
INSERT INTO FIDE_EMPLEADO_TB (ID_EMPLEADO, ID_PUESTO, ID_USUARIO) VALUES ('EMP091', 'ID_PUE091', 'ID_USU091');
INSERT INTO FIDE_EMPLEADO_TB (ID_EMPLEADO, ID_PUESTO, ID_USUARIO) VALUES ('EMP092', 'ID_PUE092', 'ID_USU092');
INSERT INTO FIDE_EMPLEADO_TB (ID_EMPLEADO, ID_PUESTO, ID_USUARIO) VALUES ('EMP093', 'ID_PUE093', 'ID_USU093');
INSERT INTO FIDE_EMPLEADO_TB (ID_EMPLEADO, ID_PUESTO, ID_USUARIO) VALUES ('EMP094', 'ID_PUE094', 'ID_USU094');
INSERT INTO FIDE_EMPLEADO_TB (ID_EMPLEADO, ID_PUESTO, ID_USUARIO) VALUES ('EMP095', 'ID_PUE095', 'ID_USU095');
INSERT INTO FIDE_EMPLEADO_TB (ID_EMPLEADO, ID_PUESTO, ID_USUARIO) VALUES ('EMP096', 'ID_PUE096', 'ID_USU096');
INSERT INTO FIDE_EMPLEADO_TB (ID_EMPLEADO, ID_PUESTO, ID_USUARIO) VALUES ('EMP097', 'ID_PUE097', 'ID_USU097');
INSERT INTO FIDE_EMPLEADO_TB (ID_EMPLEADO, ID_PUESTO, ID_USUARIO) VALUES ('EMP098', 'ID_PUE098', 'ID_USU098');
INSERT INTO FIDE_EMPLEADO_TB (ID_EMPLEADO, ID_PUESTO, ID_USUARIO) VALUES ('EMP099', 'ID_PUE099', 'ID_USU099');

-- Inserciones para FIDE_SALARIOS_TB
INSERT INTO FIDE_SALARIOS_TB (ID_SALARIO, ID_EMPLEADO, MONTO, FECHA) VALUES ('SAL000', 'EMP000', '1068891', TO_DATE('2024-02-01', 'YYYY-MM-DD'));
INSERT INTO FIDE_SALARIOS_TB (ID_SALARIO, ID_EMPLEADO, MONTO, FECHA) VALUES ('SAL001', 'EMP001', '1432151', TO_DATE('2024-02-02', 'YYYY-MM-DD'));
INSERT INTO FIDE_SALARIOS_TB (ID_SALARIO, ID_EMPLEADO, MONTO, FECHA) VALUES ('SAL002', 'EMP002', '803280', TO_DATE('2024-02-03', 'YYYY-MM-DD'));
INSERT INTO FIDE_SALARIOS_TB (ID_SALARIO, ID_EMPLEADO, MONTO, FECHA) VALUES ('SAL003', 'EMP003', '850996', TO_DATE('2024-02-04', 'YYYY-MM-DD'));
INSERT INTO FIDE_SALARIOS_TB (ID_SALARIO, ID_EMPLEADO, MONTO, FECHA) VALUES ('SAL004', 'EMP004', '1012398', TO_DATE('2024-02-05', 'YYYY-MM-DD'));
INSERT INTO FIDE_SALARIOS_TB (ID_SALARIO, ID_EMPLEADO, MONTO, FECHA) VALUES ('SAL005', 'EMP005', '750974', TO_DATE('2024-02-06', 'YYYY-MM-DD'));
INSERT INTO FIDE_SALARIOS_TB (ID_SALARIO, ID_EMPLEADO, MONTO, FECHA) VALUES ('SAL006', 'EMP006', '381744', TO_DATE('2024-02-07', 'YYYY-MM-DD'));
INSERT INTO FIDE_SALARIOS_TB (ID_SALARIO, ID_EMPLEADO, MONTO, FECHA) VALUES ('SAL007', 'EMP007', '1302331', TO_DATE('2024-02-08', 'YYYY-MM-DD'));
INSERT INTO FIDE_SALARIOS_TB (ID_SALARIO, ID_EMPLEADO, MONTO, FECHA) VALUES ('SAL008', 'EMP008', '949572', TO_DATE('2024-02-09', 'YYYY-MM-DD'));
INSERT INTO FIDE_SALARIOS_TB (ID_SALARIO, ID_EMPLEADO, MONTO, FECHA) VALUES ('SAL009', 'EMP009', '754735', TO_DATE('2024-02-10', 'YYYY-MM-DD'));
INSERT INTO FIDE_SALARIOS_TB (ID_SALARIO, ID_EMPLEADO, MONTO, FECHA) VALUES ('SAL010', 'EMP010', '1234567', TO_DATE('2024-02-11', 'YYYY-MM-DD'));
INSERT INTO FIDE_SALARIOS_TB (ID_SALARIO, ID_EMPLEADO, MONTO, FECHA) VALUES ('SAL011', 'EMP011', '993605', TO_DATE('2024-02-12', 'YYYY-MM-DD'));
INSERT INTO FIDE_SALARIOS_TB (ID_SALARIO, ID_EMPLEADO, MONTO, FECHA) VALUES ('SAL012', 'EMP012', '906652', TO_DATE('2024-02-13', 'YYYY-MM-DD'));
INSERT INTO FIDE_SALARIOS_TB (ID_SALARIO, ID_EMPLEADO, MONTO, FECHA) VALUES ('SAL013', 'EMP013', '995599', TO_DATE('2024-02-14', 'YYYY-MM-DD'));
INSERT INTO FIDE_SALARIOS_TB (ID_SALARIO, ID_EMPLEADO, MONTO, FECHA) VALUES ('SAL014', 'EMP014', '616062', TO_DATE('2024-02-15', 'YYYY-MM-DD'));
INSERT INTO FIDE_SALARIOS_TB (ID_SALARIO, ID_EMPLEADO, MONTO, FECHA) VALUES ('SAL015', 'EMP015', '834950', TO_DATE('2024-02-16', 'YYYY-MM-DD'));
INSERT INTO FIDE_SALARIOS_TB (ID_SALARIO, ID_EMPLEADO, MONTO, FECHA) VALUES ('SAL016', 'EMP016', '1024884', TO_DATE('2024-02-17', 'YYYY-MM-DD'));
INSERT INTO FIDE_SALARIOS_TB (ID_SALARIO, ID_EMPLEADO, MONTO, FECHA) VALUES ('SAL017', 'EMP017', '850142', TO_DATE('2024-02-18', 'YYYY-MM-DD'));
INSERT INTO FIDE_SALARIOS_TB (ID_SALARIO, ID_EMPLEADO, MONTO, FECHA) VALUES ('SAL018', 'EMP018', '870455', TO_DATE('2024-02-19', 'YYYY-MM-DD'));
INSERT INTO FIDE_SALARIOS_TB (ID_SALARIO, ID_EMPLEADO, MONTO, FECHA) VALUES ('SAL019', 'EMP019', '731834', TO_DATE('2024-02-20', 'YYYY-MM-DD'));
INSERT INTO FIDE_SALARIOS_TB (ID_SALARIO, ID_EMPLEADO, MONTO, FECHA) VALUES ('SAL020', 'EMP020', '1430239', TO_DATE('2024-02-21', 'YYYY-MM-DD'));
INSERT INTO FIDE_SALARIOS_TB (ID_SALARIO, ID_EMPLEADO, MONTO, FECHA) VALUES ('SAL021', 'EMP021', '1368912', TO_DATE('2024-02-22', 'YYYY-MM-DD'));
INSERT INTO FIDE_SALARIOS_TB (ID_SALARIO, ID_EMPLEADO, MONTO, FECHA) VALUES ('SAL022', 'EMP022', '686648', TO_DATE('2024-02-23', 'YYYY-MM-DD'));
INSERT INTO FIDE_SALARIOS_TB (ID_SALARIO, ID_EMPLEADO, MONTO, FECHA) VALUES ('SAL023', 'EMP023', '1057565', TO_DATE('2024-02-24', 'YYYY-MM-DD'));
INSERT INTO FIDE_SALARIOS_TB (ID_SALARIO, ID_EMPLEADO, MONTO, FECHA) VALUES ('SAL024', 'EMP024', '1125169', TO_DATE('2024-02-25', 'YYYY-MM-DD'));
INSERT INTO FIDE_SALARIOS_TB (ID_SALARIO, ID_EMPLEADO, MONTO, FECHA) VALUES ('SAL025', 'EMP025', '1345135', TO_DATE('2024-02-26', 'YYYY-MM-DD'));
INSERT INTO FIDE_SALARIOS_TB (ID_SALARIO, ID_EMPLEADO, MONTO, FECHA) VALUES ('SAL026', 'EMP026', '998352', TO_DATE('2024-02-27', 'YYYY-MM-DD'));
INSERT INTO FIDE_SALARIOS_TB (ID_SALARIO, ID_EMPLEADO, MONTO, FECHA) VALUES ('SAL027', 'EMP027', '869436', TO_DATE('2024-02-28', 'YYYY-MM-DD'));
INSERT INTO FIDE_SALARIOS_TB (ID_SALARIO, ID_EMPLEADO, MONTO, FECHA) VALUES ('SAL028', 'EMP028', '1285626', TO_DATE('2024-02-29', 'YYYY-MM-DD'));
INSERT INTO FIDE_SALARIOS_TB (ID_SALARIO, ID_EMPLEADO, MONTO, FECHA) VALUES ('SAL029', 'EMP029', '1399901', TO_DATE('2024-03-01', 'YYYY-MM-DD'));
INSERT INTO FIDE_SALARIOS_TB (ID_SALARIO, ID_EMPLEADO, MONTO, FECHA) VALUES ('SAL030', 'EMP030', '536272', TO_DATE('2024-03-02', 'YYYY-MM-DD'));
INSERT INTO FIDE_SALARIOS_TB (ID_SALARIO, ID_EMPLEADO, MONTO, FECHA) VALUES ('SAL031', 'EMP031', '1448450', TO_DATE('2024-03-03', 'YYYY-MM-DD'));
INSERT INTO FIDE_SALARIOS_TB (ID_SALARIO, ID_EMPLEADO, MONTO, FECHA) VALUES ('SAL032', 'EMP032', '423456', TO_DATE('2024-03-04', 'YYYY-MM-DD'));
INSERT INTO FIDE_SALARIOS_TB (ID_SALARIO, ID_EMPLEADO, MONTO, FECHA) VALUES ('SAL033', 'EMP033', '1382398', TO_DATE('2024-03-05', 'YYYY-MM-DD'));
INSERT INTO FIDE_SALARIOS_TB (ID_SALARIO, ID_EMPLEADO, MONTO, FECHA) VALUES ('SAL034', 'EMP034', '947141', TO_DATE('2024-03-06', 'YYYY-MM-DD'));
INSERT INTO FIDE_SALARIOS_TB (ID_SALARIO, ID_EMPLEADO, MONTO, FECHA) VALUES ('SAL035', 'EMP035', '739456', TO_DATE('2024-03-07', 'YYYY-MM-DD'));
INSERT INTO FIDE_SALARIOS_TB (ID_SALARIO, ID_EMPLEADO, MONTO, FECHA) VALUES ('SAL036', 'EMP036', '1028931', TO_DATE('2024-03-08', 'YYYY-MM-DD'));
INSERT INTO FIDE_SALARIOS_TB (ID_SALARIO, ID_EMPLEADO, MONTO, FECHA) VALUES ('SAL037', 'EMP037', '1091728', TO_DATE('2024-03-09', 'YYYY-MM-DD'));
INSERT INTO FIDE_SALARIOS_TB (ID_SALARIO, ID_EMPLEADO, MONTO, FECHA) VALUES ('SAL038', 'EMP038', '426935', TO_DATE('2024-03-10', 'YYYY-MM-DD'));
INSERT INTO FIDE_SALARIOS_TB (ID_SALARIO, ID_EMPLEADO, MONTO, FECHA) VALUES ('SAL039', 'EMP039', '477542', TO_DATE('2024-03-11', 'YYYY-MM-DD'));
INSERT INTO FIDE_SALARIOS_TB (ID_SALARIO, ID_EMPLEADO, MONTO, FECHA) VALUES ('SAL040', 'EMP040', '1258592', TO_DATE('2024-03-12', 'YYYY-MM-DD'));
INSERT INTO FIDE_SALARIOS_TB (ID_SALARIO, ID_EMPLEADO, MONTO, FECHA) VALUES ('SAL041', 'EMP041', '1494742', TO_DATE('2024-03-13', 'YYYY-MM-DD'));
INSERT INTO FIDE_SALARIOS_TB (ID_SALARIO, ID_EMPLEADO, MONTO, FECHA) VALUES ('SAL042', 'EMP042', '633035', TO_DATE('2024-03-14', 'YYYY-MM-DD'));
INSERT INTO FIDE_SALARIOS_TB (ID_SALARIO, ID_EMPLEADO, MONTO, FECHA) VALUES ('SAL043', 'EMP043', '594284', TO_DATE('2024-03-15', 'YYYY-MM-DD'));
INSERT INTO FIDE_SALARIOS_TB (ID_SALARIO, ID_EMPLEADO, MONTO, FECHA) VALUES ('SAL044', 'EMP044', '1021542', TO_DATE('2024-03-16', 'YYYY-MM-DD'));
INSERT INTO FIDE_SALARIOS_TB (ID_SALARIO, ID_EMPLEADO, MONTO, FECHA) VALUES ('SAL045', 'EMP045', '1065804', TO_DATE('2024-03-17', 'YYYY-MM-DD'));
INSERT INTO FIDE_SALARIOS_TB (ID_SALARIO, ID_EMPLEADO, MONTO, FECHA) VALUES ('SAL046', 'EMP046', '1177401', TO_DATE('2024-03-18', 'YYYY-MM-DD'));
INSERT INTO FIDE_SALARIOS_TB (ID_SALARIO, ID_EMPLEADO, MONTO, FECHA) VALUES ('SAL047', 'EMP047', '1120066', TO_DATE('2024-03-19', 'YYYY-MM-DD'));
INSERT INTO FIDE_SALARIOS_TB (ID_SALARIO, ID_EMPLEADO, MONTO, FECHA) VALUES ('SAL048', 'EMP048', '1287138', TO_DATE('2024-03-20', 'YYYY-MM-DD'));
INSERT INTO FIDE_SALARIOS_TB (ID_SALARIO, ID_EMPLEADO, MONTO, FECHA) VALUES ('SAL049', 'EMP049', '1030235', TO_DATE('2024-03-21', 'YYYY-MM-DD'));
INSERT INTO FIDE_SALARIOS_TB (ID_SALARIO, ID_EMPLEADO, MONTO, FECHA) VALUES ('SAL050', 'EMP050', '515953', TO_DATE('2024-03-22', 'YYYY-MM-DD'));
INSERT INTO FIDE_SALARIOS_TB (ID_SALARIO, ID_EMPLEADO, MONTO, FECHA) VALUES ('SAL051', 'EMP051', '1154010', TO_DATE('2024-03-23', 'YYYY-MM-DD'));
INSERT INTO FIDE_SALARIOS_TB (ID_SALARIO, ID_EMPLEADO, MONTO, FECHA) VALUES ('SAL052', 'EMP052', '651361', TO_DATE('2024-03-24', 'YYYY-MM-DD'));
INSERT INTO FIDE_SALARIOS_TB (ID_SALARIO, ID_EMPLEADO, MONTO, FECHA) VALUES ('SAL053', 'EMP053', '1244750', TO_DATE('2024-03-25', 'YYYY-MM-DD'));
INSERT INTO FIDE_SALARIOS_TB (ID_SALARIO, ID_EMPLEADO, MONTO, FECHA) VALUES ('SAL054', 'EMP054', '909907', TO_DATE('2024-03-26', 'YYYY-MM-DD'));
INSERT INTO FIDE_SALARIOS_TB (ID_SALARIO, ID_EMPLEADO, MONTO, FECHA) VALUES ('SAL055', 'EMP055', '342804', TO_DATE('2024-03-27', 'YYYY-MM-DD'));
INSERT INTO FIDE_SALARIOS_TB (ID_SALARIO, ID_EMPLEADO, MONTO, FECHA) VALUES ('SAL056', 'EMP056', '1030151', TO_DATE('2024-03-28', 'YYYY-MM-DD'));
INSERT INTO FIDE_SALARIOS_TB (ID_SALARIO, ID_EMPLEADO, MONTO, FECHA) VALUES ('SAL057', 'EMP057', '864591', TO_DATE('2024-03-29', 'YYYY-MM-DD'));
INSERT INTO FIDE_SALARIOS_TB (ID_SALARIO, ID_EMPLEADO, MONTO, FECHA) VALUES ('SAL058', 'EMP058', '1038689', TO_DATE('2024-03-30', 'YYYY-MM-DD'));
INSERT INTO FIDE_SALARIOS_TB (ID_SALARIO, ID_EMPLEADO, MONTO, FECHA) VALUES ('SAL059', 'EMP059', '646106', TO_DATE('2024-03-31', 'YYYY-MM-DD'));
INSERT INTO FIDE_SALARIOS_TB (ID_SALARIO, ID_EMPLEADO, MONTO, FECHA) VALUES ('SAL060', 'EMP060', '426528', TO_DATE('2024-04-01', 'YYYY-MM-DD'));
INSERT INTO FIDE_SALARIOS_TB (ID_SALARIO, ID_EMPLEADO, MONTO, FECHA) VALUES ('SAL061', 'EMP061', '1423744', TO_DATE('2024-04-02', 'YYYY-MM-DD'));
INSERT INTO FIDE_SALARIOS_TB (ID_SALARIO, ID_EMPLEADO, MONTO, FECHA) VALUES ('SAL062', 'EMP062', '1433668', TO_DATE('2024-04-03', 'YYYY-MM-DD'));
INSERT INTO FIDE_SALARIOS_TB (ID_SALARIO, ID_EMPLEADO, MONTO, FECHA) VALUES ('SAL063', 'EMP063', '395467', TO_DATE('2024-04-04', 'YYYY-MM-DD'));
INSERT INTO FIDE_SALARIOS_TB (ID_SALARIO, ID_EMPLEADO, MONTO, FECHA) VALUES ('SAL064', 'EMP064', '1323342', TO_DATE('2024-04-05', 'YYYY-MM-DD'));
INSERT INTO FIDE_SALARIOS_TB (ID_SALARIO, ID_EMPLEADO, MONTO, FECHA) VALUES ('SAL065', 'EMP065', '719931', TO_DATE('2024-04-06', 'YYYY-MM-DD'));
INSERT INTO FIDE_SALARIOS_TB (ID_SALARIO, ID_EMPLEADO, MONTO, FECHA) VALUES ('SAL066', 'EMP066', '946797', TO_DATE('2024-04-07', 'YYYY-MM-DD'));
INSERT INTO FIDE_SALARIOS_TB (ID_SALARIO, ID_EMPLEADO, MONTO, FECHA) VALUES ('SAL067', 'EMP067', '631337', TO_DATE('2024-04-08', 'YYYY-MM-DD'));
INSERT INTO FIDE_SALARIOS_TB (ID_SALARIO, ID_EMPLEADO, MONTO, FECHA) VALUES ('SAL068', 'EMP068', '1214387', TO_DATE('2024-04-09', 'YYYY-MM-DD'));
INSERT INTO FIDE_SALARIOS_TB (ID_SALARIO, ID_EMPLEADO, MONTO, FECHA) VALUES ('SAL069', 'EMP069', '882386', TO_DATE('2024-04-10', 'YYYY-MM-DD'));
INSERT INTO FIDE_SALARIOS_TB (ID_SALARIO, ID_EMPLEADO, MONTO, FECHA) VALUES ('SAL070', 'EMP070', '499881', TO_DATE('2024-04-11', 'YYYY-MM-DD'));
INSERT INTO FIDE_SALARIOS_TB (ID_SALARIO, ID_EMPLEADO, MONTO, FECHA) VALUES ('SAL071', 'EMP071', '346739', TO_DATE('2024-04-12', 'YYYY-MM-DD'));
INSERT INTO FIDE_SALARIOS_TB (ID_SALARIO, ID_EMPLEADO, MONTO, FECHA) VALUES ('SAL072', 'EMP072', '1257168', TO_DATE('2024-04-13', 'YYYY-MM-DD'));
INSERT INTO FIDE_SALARIOS_TB (ID_SALARIO, ID_EMPLEADO, MONTO, FECHA) VALUES ('SAL073', 'EMP073', '981400', TO_DATE('2024-04-14', 'YYYY-MM-DD'));
INSERT INTO FIDE_SALARIOS_TB (ID_SALARIO, ID_EMPLEADO, MONTO, FECHA) VALUES ('SAL074', 'EMP074', '928013', TO_DATE('2024-04-15', 'YYYY-MM-DD'));
INSERT INTO FIDE_SALARIOS_TB (ID_SALARIO, ID_EMPLEADO, MONTO, FECHA) VALUES ('SAL075', 'EMP075', '646474', TO_DATE('2024-04-16', 'YYYY-MM-DD'));
INSERT INTO FIDE_SALARIOS_TB (ID_SALARIO, ID_EMPLEADO, MONTO, FECHA) VALUES ('SAL076', 'EMP076', '427994', TO_DATE('2024-04-17', 'YYYY-MM-DD'));
INSERT INTO FIDE_SALARIOS_TB (ID_SALARIO, ID_EMPLEADO, MONTO, FECHA) VALUES ('SAL077', 'EMP077', '595884', TO_DATE('2024-04-18', 'YYYY-MM-DD'));
INSERT INTO FIDE_SALARIOS_TB (ID_SALARIO, ID_EMPLEADO, MONTO, FECHA) VALUES ('SAL078', 'EMP078', '1451186', TO_DATE('2024-04-19', 'YYYY-MM-DD'));
INSERT INTO FIDE_SALARIOS_TB (ID_SALARIO, ID_EMPLEADO, MONTO, FECHA) VALUES ('SAL079', 'EMP079', '766964', TO_DATE('2024-04-20', 'YYYY-MM-DD'));
INSERT INTO FIDE_SALARIOS_TB (ID_SALARIO, ID_EMPLEADO, MONTO, FECHA) VALUES ('SAL080', 'EMP080', '985835', TO_DATE('2024-04-21', 'YYYY-MM-DD'));
INSERT INTO FIDE_SALARIOS_TB (ID_SALARIO, ID_EMPLEADO, MONTO, FECHA) VALUES ('SAL081', 'EMP081', '1274224', TO_DATE('2024-04-22', 'YYYY-MM-DD'));
INSERT INTO FIDE_SALARIOS_TB (ID_SALARIO, ID_EMPLEADO, MONTO, FECHA) VALUES ('SAL082', 'EMP082', '1488824', TO_DATE('2024-04-23', 'YYYY-MM-DD'));
INSERT INTO FIDE_SALARIOS_TB (ID_SALARIO, ID_EMPLEADO, MONTO, FECHA) VALUES ('SAL083', 'EMP083', '1071305', TO_DATE('2024-04-24', 'YYYY-MM-DD'));
INSERT INTO FIDE_SALARIOS_TB (ID_SALARIO, ID_EMPLEADO, MONTO, FECHA) VALUES ('SAL084', 'EMP084', '854444', TO_DATE('2024-04-25', 'YYYY-MM-DD'));
INSERT INTO FIDE_SALARIOS_TB (ID_SALARIO, ID_EMPLEADO, MONTO, FECHA) VALUES ('SAL085', 'EMP085', '335159', TO_DATE('2024-04-26', 'YYYY-MM-DD'));
INSERT INTO FIDE_SALARIOS_TB (ID_SALARIO, ID_EMPLEADO, MONTO, FECHA) VALUES ('SAL086', 'EMP086', '429047', TO_DATE('2024-04-27', 'YYYY-MM-DD'));
INSERT INTO FIDE_SALARIOS_TB (ID_SALARIO, ID_EMPLEADO, MONTO, FECHA) VALUES ('SAL087', 'EMP087', '745917', TO_DATE('2024-04-28', 'YYYY-MM-DD'));
INSERT INTO FIDE_SALARIOS_TB (ID_SALARIO, ID_EMPLEADO, MONTO, FECHA) VALUES ('SAL088', 'EMP088', '578424', TO_DATE('2024-04-29', 'YYYY-MM-DD'));
INSERT INTO FIDE_SALARIOS_TB (ID_SALARIO, ID_EMPLEADO, MONTO, FECHA) VALUES ('SAL089', 'EMP089', '785184', TO_DATE('2024-04-30', 'YYYY-MM-DD'));
INSERT INTO FIDE_SALARIOS_TB (ID_SALARIO, ID_EMPLEADO, MONTO, FECHA) VALUES ('SAL090', 'EMP090', '704692', TO_DATE('2024-05-01', 'YYYY-MM-DD'));
INSERT INTO FIDE_SALARIOS_TB (ID_SALARIO, ID_EMPLEADO, MONTO, FECHA) VALUES ('SAL091', 'EMP091', '348699', TO_DATE('2024-05-02', 'YYYY-MM-DD'));
INSERT INTO FIDE_SALARIOS_TB (ID_SALARIO, ID_EMPLEADO, MONTO, FECHA) VALUES ('SAL092', 'EMP092', '1075251', TO_DATE('2024-05-03', 'YYYY-MM-DD'));
INSERT INTO FIDE_SALARIOS_TB (ID_SALARIO, ID_EMPLEADO, MONTO, FECHA) VALUES ('SAL093', 'EMP093', '742941', TO_DATE('2024-05-04', 'YYYY-MM-DD'));
INSERT INTO FIDE_SALARIOS_TB (ID_SALARIO, ID_EMPLEADO, MONTO, FECHA) VALUES ('SAL094', 'EMP094', '976261', TO_DATE('2024-05-05', 'YYYY-MM-DD'));
INSERT INTO FIDE_SALARIOS_TB (ID_SALARIO, ID_EMPLEADO, MONTO, FECHA) VALUES ('SAL095', 'EMP095', '1016092', TO_DATE('2024-05-06', 'YYYY-MM-DD'));
INSERT INTO FIDE_SALARIOS_TB (ID_SALARIO, ID_EMPLEADO, MONTO, FECHA) VALUES ('SAL096', 'EMP096', '497621', TO_DATE('2024-05-07', 'YYYY-MM-DD'));
INSERT INTO FIDE_SALARIOS_TB (ID_SALARIO, ID_EMPLEADO, MONTO, FECHA) VALUES ('SAL097', 'EMP097', '1264044', TO_DATE('2024-05-08', 'YYYY-MM-DD'));
INSERT INTO FIDE_SALARIOS_TB (ID_SALARIO, ID_EMPLEADO, MONTO, FECHA) VALUES ('SAL098', 'EMP098', '731585', TO_DATE('2024-05-09', 'YYYY-MM-DD'));
INSERT INTO FIDE_SALARIOS_TB (ID_SALARIO, ID_EMPLEADO, MONTO, FECHA) VALUES ('SAL099', 'EMP099', '702042', TO_DATE('2024-05-10', 'YYYY-MM-DD'));

-- Inserciones para FIDE_REABASTECIMIENTO_TB
INSERT INTO FIDE_REABASTECIMIENTO_TB (ID_REABASTECIMIENTO, ID_PRODUCTO, FECHA, CANTIDAD) VALUES ('REA000', 'PROD000', TO_DATE('2024-03-01', 'YYYY-MM-DD'), '284');
INSERT INTO FIDE_REABASTECIMIENTO_TB (ID_REABASTECIMIENTO, ID_PRODUCTO, FECHA, CANTIDAD) VALUES ('REA001', 'PROD001', TO_DATE('2024-03-02', 'YYYY-MM-DD'), '50');
INSERT INTO FIDE_REABASTECIMIENTO_TB (ID_REABASTECIMIENTO, ID_PRODUCTO, FECHA, CANTIDAD) VALUES ('REA002', 'PROD002', TO_DATE('2024-03-03', 'YYYY-MM-DD'), '343');
INSERT INTO FIDE_REABASTECIMIENTO_TB (ID_REABASTECIMIENTO, ID_PRODUCTO, FECHA, CANTIDAD) VALUES ('REA003', 'PROD003', TO_DATE('2024-03-04', 'YYYY-MM-DD'), '126');
INSERT INTO FIDE_REABASTECIMIENTO_TB (ID_REABASTECIMIENTO, ID_PRODUCTO, FECHA, CANTIDAD) VALUES ('REA004', 'PROD004', TO_DATE('2024-03-05', 'YYYY-MM-DD'), '441');
INSERT INTO FIDE_REABASTECIMIENTO_TB (ID_REABASTECIMIENTO, ID_PRODUCTO, FECHA, CANTIDAD) VALUES ('REA005', 'PROD005', TO_DATE('2024-03-06', 'YYYY-MM-DD'), '490');
INSERT INTO FIDE_REABASTECIMIENTO_TB (ID_REABASTECIMIENTO, ID_PRODUCTO, FECHA, CANTIDAD) VALUES ('REA006', 'PROD006', TO_DATE('2024-03-07', 'YYYY-MM-DD'), '290');
INSERT INTO FIDE_REABASTECIMIENTO_TB (ID_REABASTECIMIENTO, ID_PRODUCTO, FECHA, CANTIDAD) VALUES ('REA007', 'PROD007', TO_DATE('2024-03-08', 'YYYY-MM-DD'), '178');
INSERT INTO FIDE_REABASTECIMIENTO_TB (ID_REABASTECIMIENTO, ID_PRODUCTO, FECHA, CANTIDAD) VALUES ('REA008', 'PROD008', TO_DATE('2024-03-09', 'YYYY-MM-DD'), '374');
INSERT INTO FIDE_REABASTECIMIENTO_TB (ID_REABASTECIMIENTO, ID_PRODUCTO, FECHA, CANTIDAD) VALUES ('REA009', 'PROD009', TO_DATE('2024-03-10', 'YYYY-MM-DD'), '343');
INSERT INTO FIDE_REABASTECIMIENTO_TB (ID_REABASTECIMIENTO, ID_PRODUCTO, FECHA, CANTIDAD) VALUES ('REA010', 'PROD010', TO_DATE('2024-03-11', 'YYYY-MM-DD'), '469');
INSERT INTO FIDE_REABASTECIMIENTO_TB (ID_REABASTECIMIENTO, ID_PRODUCTO, FECHA, CANTIDAD) VALUES ('REA011', 'PROD011', TO_DATE('2024-03-12', 'YYYY-MM-DD'), '143');
INSERT INTO FIDE_REABASTECIMIENTO_TB (ID_REABASTECIMIENTO, ID_PRODUCTO, FECHA, CANTIDAD) VALUES ('REA012', 'PROD012', TO_DATE('2024-03-13', 'YYYY-MM-DD'), '72');
INSERT INTO FIDE_REABASTECIMIENTO_TB (ID_REABASTECIMIENTO, ID_PRODUCTO, FECHA, CANTIDAD) VALUES ('REA013', 'PROD013', TO_DATE('2024-03-14', 'YYYY-MM-DD'), '430');
INSERT INTO FIDE_REABASTECIMIENTO_TB (ID_REABASTECIMIENTO, ID_PRODUCTO, FECHA, CANTIDAD) VALUES ('REA014', 'PROD014', TO_DATE('2024-03-15', 'YYYY-MM-DD'), '471');
INSERT INTO FIDE_REABASTECIMIENTO_TB (ID_REABASTECIMIENTO, ID_PRODUCTO, FECHA, CANTIDAD) VALUES ('REA015', 'PROD015', TO_DATE('2024-03-16', 'YYYY-MM-DD'), '372');
INSERT INTO FIDE_REABASTECIMIENTO_TB (ID_REABASTECIMIENTO, ID_PRODUCTO, FECHA, CANTIDAD) VALUES ('REA016', 'PROD016', TO_DATE('2024-03-17', 'YYYY-MM-DD'), '96');
INSERT INTO FIDE_REABASTECIMIENTO_TB (ID_REABASTECIMIENTO, ID_PRODUCTO, FECHA, CANTIDAD) VALUES ('REA017', 'PROD017', TO_DATE('2024-03-18', 'YYYY-MM-DD'), '462');
INSERT INTO FIDE_REABASTECIMIENTO_TB (ID_REABASTECIMIENTO, ID_PRODUCTO, FECHA, CANTIDAD) VALUES ('REA018', 'PROD018', TO_DATE('2024-03-19', 'YYYY-MM-DD'), '245');
INSERT INTO FIDE_REABASTECIMIENTO_TB (ID_REABASTECIMIENTO, ID_PRODUCTO, FECHA, CANTIDAD) VALUES ('REA019', 'PROD019', TO_DATE('2024-03-20', 'YYYY-MM-DD'), '341');
INSERT INTO FIDE_REABASTECIMIENTO_TB (ID_REABASTECIMIENTO, ID_PRODUCTO, FECHA, CANTIDAD) VALUES ('REA020', 'PROD020', TO_DATE('2024-03-21', 'YYYY-MM-DD'), '412');
INSERT INTO FIDE_REABASTECIMIENTO_TB (ID_REABASTECIMIENTO, ID_PRODUCTO, FECHA, CANTIDAD) VALUES ('REA021', 'PROD021', TO_DATE('2024-03-22', 'YYYY-MM-DD'), '227');
INSERT INTO FIDE_REABASTECIMIENTO_TB (ID_REABASTECIMIENTO, ID_PRODUCTO, FECHA, CANTIDAD) VALUES ('REA022', 'PROD022', TO_DATE('2024-03-23', 'YYYY-MM-DD'), '472');
INSERT INTO FIDE_REABASTECIMIENTO_TB (ID_REABASTECIMIENTO, ID_PRODUCTO, FECHA, CANTIDAD) VALUES ('REA023', 'PROD023', TO_DATE('2024-03-24', 'YYYY-MM-DD'), '472');
INSERT INTO FIDE_REABASTECIMIENTO_TB (ID_REABASTECIMIENTO, ID_PRODUCTO, FECHA, CANTIDAD) VALUES ('REA024', 'PROD024', TO_DATE('2024-03-25', 'YYYY-MM-DD'), '161');
INSERT INTO FIDE_REABASTECIMIENTO_TB (ID_REABASTECIMIENTO, ID_PRODUCTO, FECHA, CANTIDAD) VALUES ('REA025', 'PROD025', TO_DATE('2024-03-26', 'YYYY-MM-DD'), '240');
INSERT INTO FIDE_REABASTECIMIENTO_TB (ID_REABASTECIMIENTO, ID_PRODUCTO, FECHA, CANTIDAD) VALUES ('REA026', 'PROD026', TO_DATE('2024-03-27', 'YYYY-MM-DD'), '213');
INSERT INTO FIDE_REABASTECIMIENTO_TB (ID_REABASTECIMIENTO, ID_PRODUCTO, FECHA, CANTIDAD) VALUES ('REA027', 'PROD027', TO_DATE('2024-03-28', 'YYYY-MM-DD'), '321');
INSERT INTO FIDE_REABASTECIMIENTO_TB (ID_REABASTECIMIENTO, ID_PRODUCTO, FECHA, CANTIDAD) VALUES ('REA028', 'PROD028', TO_DATE('2024-03-29', 'YYYY-MM-DD'), '176');
INSERT INTO FIDE_REABASTECIMIENTO_TB (ID_REABASTECIMIENTO, ID_PRODUCTO, FECHA, CANTIDAD) VALUES ('REA029', 'PROD029', TO_DATE('2024-03-30', 'YYYY-MM-DD'), '404');
INSERT INTO FIDE_REABASTECIMIENTO_TB (ID_REABASTECIMIENTO, ID_PRODUCTO, FECHA, CANTIDAD) VALUES ('REA030', 'PROD030', TO_DATE('2024-03-31', 'YYYY-MM-DD'), '158');
INSERT INTO FIDE_REABASTECIMIENTO_TB (ID_REABASTECIMIENTO, ID_PRODUCTO, FECHA, CANTIDAD) VALUES ('REA031', 'PROD031', TO_DATE('2024-04-01', 'YYYY-MM-DD'), '48');
INSERT INTO FIDE_REABASTECIMIENTO_TB (ID_REABASTECIMIENTO, ID_PRODUCTO, FECHA, CANTIDAD) VALUES ('REA032', 'PROD032', TO_DATE('2024-04-02', 'YYYY-MM-DD'), '251');
INSERT INTO FIDE_REABASTECIMIENTO_TB (ID_REABASTECIMIENTO, ID_PRODUCTO, FECHA, CANTIDAD) VALUES ('REA033', 'PROD033', TO_DATE('2024-04-03', 'YYYY-MM-DD'), '340');
INSERT INTO FIDE_REABASTECIMIENTO_TB (ID_REABASTECIMIENTO, ID_PRODUCTO, FECHA, CANTIDAD) VALUES ('REA034', 'PROD034', TO_DATE('2024-04-04', 'YYYY-MM-DD'), '427');
INSERT INTO FIDE_REABASTECIMIENTO_TB (ID_REABASTECIMIENTO, ID_PRODUCTO, FECHA, CANTIDAD) VALUES ('REA035', 'PROD035', TO_DATE('2024-04-05', 'YYYY-MM-DD'), '63');
INSERT INTO FIDE_REABASTECIMIENTO_TB (ID_REABASTECIMIENTO, ID_PRODUCTO, FECHA, CANTIDAD) VALUES ('REA036', 'PROD036', TO_DATE('2024-04-06', 'YYYY-MM-DD'), '122');
INSERT INTO FIDE_REABASTECIMIENTO_TB (ID_REABASTECIMIENTO, ID_PRODUCTO, FECHA, CANTIDAD) VALUES ('REA037', 'PROD037', TO_DATE('2024-04-07', 'YYYY-MM-DD'), '92');
INSERT INTO FIDE_REABASTECIMIENTO_TB (ID_REABASTECIMIENTO, ID_PRODUCTO, FECHA, CANTIDAD) VALUES ('REA038', 'PROD038', TO_DATE('2024-04-08', 'YYYY-MM-DD'), '194');
INSERT INTO FIDE_REABASTECIMIENTO_TB (ID_REABASTECIMIENTO, ID_PRODUCTO, FECHA, CANTIDAD) VALUES ('REA039', 'PROD039', TO_DATE('2024-04-09', 'YYYY-MM-DD'), '354');
INSERT INTO FIDE_REABASTECIMIENTO_TB (ID_REABASTECIMIENTO, ID_PRODUCTO, FECHA, CANTIDAD) VALUES ('REA040', 'PROD040', TO_DATE('2024-04-10', 'YYYY-MM-DD'), '351');
INSERT INTO FIDE_REABASTECIMIENTO_TB (ID_REABASTECIMIENTO, ID_PRODUCTO, FECHA, CANTIDAD) VALUES ('REA041', 'PROD041', TO_DATE('2024-04-11', 'YYYY-MM-DD'), '263');
INSERT INTO FIDE_REABASTECIMIENTO_TB (ID_REABASTECIMIENTO, ID_PRODUCTO, FECHA, CANTIDAD) VALUES ('REA042', 'PROD042', TO_DATE('2024-04-12', 'YYYY-MM-DD'), '369');
INSERT INTO FIDE_REABASTECIMIENTO_TB (ID_REABASTECIMIENTO, ID_PRODUCTO, FECHA, CANTIDAD) VALUES ('REA043', 'PROD043', TO_DATE('2024-04-13', 'YYYY-MM-DD'), '307');
INSERT INTO FIDE_REABASTECIMIENTO_TB (ID_REABASTECIMIENTO, ID_PRODUCTO, FECHA, CANTIDAD) VALUES ('REA044', 'PROD044', TO_DATE('2024-04-14', 'YYYY-MM-DD'), '281');
INSERT INTO FIDE_REABASTECIMIENTO_TB (ID_REABASTECIMIENTO, ID_PRODUCTO, FECHA, CANTIDAD) VALUES ('REA045', 'PROD045', TO_DATE('2024-04-15', 'YYYY-MM-DD'), '185');
INSERT INTO FIDE_REABASTECIMIENTO_TB (ID_REABASTECIMIENTO, ID_PRODUCTO, FECHA, CANTIDAD) VALUES ('REA046', 'PROD046', TO_DATE('2024-04-16', 'YYYY-MM-DD'), '178');
INSERT INTO FIDE_REABASTECIMIENTO_TB (ID_REABASTECIMIENTO, ID_PRODUCTO, FECHA, CANTIDAD) VALUES ('REA047', 'PROD047', TO_DATE('2024-04-17', 'YYYY-MM-DD'), '245');
INSERT INTO FIDE_REABASTECIMIENTO_TB (ID_REABASTECIMIENTO, ID_PRODUCTO, FECHA, CANTIDAD) VALUES ('REA048', 'PROD048', TO_DATE('2024-04-18', 'YYYY-MM-DD'), '279');
INSERT INTO FIDE_REABASTECIMIENTO_TB (ID_REABASTECIMIENTO, ID_PRODUCTO, FECHA, CANTIDAD) VALUES ('REA049', 'PROD049', TO_DATE('2024-04-19', 'YYYY-MM-DD'), '115');
INSERT INTO FIDE_REABASTECIMIENTO_TB (ID_REABASTECIMIENTO, ID_PRODUCTO, FECHA, CANTIDAD) VALUES ('REA050', 'PROD050', TO_DATE('2024-04-20', 'YYYY-MM-DD'), '335');
INSERT INTO FIDE_REABASTECIMIENTO_TB (ID_REABASTECIMIENTO, ID_PRODUCTO, FECHA, CANTIDAD) VALUES ('REA051', 'PROD051', TO_DATE('2024-04-21', 'YYYY-MM-DD'), '431');
INSERT INTO FIDE_REABASTECIMIENTO_TB (ID_REABASTECIMIENTO, ID_PRODUCTO, FECHA, CANTIDAD) VALUES ('REA052', 'PROD052', TO_DATE('2024-04-22', 'YYYY-MM-DD'), '227');
INSERT INTO FIDE_REABASTECIMIENTO_TB (ID_REABASTECIMIENTO, ID_PRODUCTO, FECHA, CANTIDAD) VALUES ('REA053', 'PROD053', TO_DATE('2024-04-23', 'YYYY-MM-DD'), '470');
INSERT INTO FIDE_REABASTECIMIENTO_TB (ID_REABASTECIMIENTO, ID_PRODUCTO, FECHA, CANTIDAD) VALUES ('REA054', 'PROD054', TO_DATE('2024-04-24', 'YYYY-MM-DD'), '298');
INSERT INTO FIDE_REABASTECIMIENTO_TB (ID_REABASTECIMIENTO, ID_PRODUCTO, FECHA, CANTIDAD) VALUES ('REA055', 'PROD055', TO_DATE('2024-04-25', 'YYYY-MM-DD'), '491');
INSERT INTO FIDE_REABASTECIMIENTO_TB (ID_REABASTECIMIENTO, ID_PRODUCTO, FECHA, CANTIDAD) VALUES ('REA056', 'PROD056', TO_DATE('2024-04-26', 'YYYY-MM-DD'), '151');
INSERT INTO FIDE_REABASTECIMIENTO_TB (ID_REABASTECIMIENTO, ID_PRODUCTO, FECHA, CANTIDAD) VALUES ('REA057', 'PROD057', TO_DATE('2024-04-27', 'YYYY-MM-DD'), '463');
INSERT INTO FIDE_REABASTECIMIENTO_TB (ID_REABASTECIMIENTO, ID_PRODUCTO, FECHA, CANTIDAD) VALUES ('REA058', 'PROD058', TO_DATE('2024-04-28', 'YYYY-MM-DD'), '76');
INSERT INTO FIDE_REABASTECIMIENTO_TB (ID_REABASTECIMIENTO, ID_PRODUCTO, FECHA, CANTIDAD) VALUES ('REA059', 'PROD059', TO_DATE('2024-04-29', 'YYYY-MM-DD'), '258');
INSERT INTO FIDE_REABASTECIMIENTO_TB (ID_REABASTECIMIENTO, ID_PRODUCTO, FECHA, CANTIDAD) VALUES ('REA060', 'PROD060', TO_DATE('2024-04-30', 'YYYY-MM-DD'), '424');
INSERT INTO FIDE_REABASTECIMIENTO_TB (ID_REABASTECIMIENTO, ID_PRODUCTO, FECHA, CANTIDAD) VALUES ('REA061', 'PROD061', TO_DATE('2024-05-01', 'YYYY-MM-DD'), '246');
INSERT INTO FIDE_REABASTECIMIENTO_TB (ID_REABASTECIMIENTO, ID_PRODUCTO, FECHA, CANTIDAD) VALUES ('REA062', 'PROD062', TO_DATE('2024-05-02', 'YYYY-MM-DD'), '147');
INSERT INTO FIDE_REABASTECIMIENTO_TB (ID_REABASTECIMIENTO, ID_PRODUCTO, FECHA, CANTIDAD) VALUES ('REA063', 'PROD063', TO_DATE('2024-05-03', 'YYYY-MM-DD'), '62');
INSERT INTO FIDE_REABASTECIMIENTO_TB (ID_REABASTECIMIENTO, ID_PRODUCTO, FECHA, CANTIDAD) VALUES ('REA064', 'PROD064', TO_DATE('2024-05-04', 'YYYY-MM-DD'), '29');
INSERT INTO FIDE_REABASTECIMIENTO_TB (ID_REABASTECIMIENTO, ID_PRODUCTO, FECHA, CANTIDAD) VALUES ('REA065', 'PROD065', TO_DATE('2024-05-05', 'YYYY-MM-DD'), '271');
INSERT INTO FIDE_REABASTECIMIENTO_TB (ID_REABASTECIMIENTO, ID_PRODUCTO, FECHA, CANTIDAD) VALUES ('REA066', 'PROD066', TO_DATE('2024-05-06', 'YYYY-MM-DD'), '417');
INSERT INTO FIDE_REABASTECIMIENTO_TB (ID_REABASTECIMIENTO, ID_PRODUCTO, FECHA, CANTIDAD) VALUES ('REA067', 'PROD067', TO_DATE('2024-05-07', 'YYYY-MM-DD'), '344');
INSERT INTO FIDE_REABASTECIMIENTO_TB (ID_REABASTECIMIENTO, ID_PRODUCTO, FECHA, CANTIDAD) VALUES ('REA068', 'PROD068', TO_DATE('2024-05-08', 'YYYY-MM-DD'), '311');
INSERT INTO FIDE_REABASTECIMIENTO_TB (ID_REABASTECIMIENTO, ID_PRODUCTO, FECHA, CANTIDAD) VALUES ('REA069', 'PROD069', TO_DATE('2024-05-09', 'YYYY-MM-DD'), '154');
INSERT INTO FIDE_REABASTECIMIENTO_TB (ID_REABASTECIMIENTO, ID_PRODUCTO, FECHA, CANTIDAD) VALUES ('REA070', 'PROD070', TO_DATE('2024-05-10', 'YYYY-MM-DD'), '312');
INSERT INTO FIDE_REABASTECIMIENTO_TB (ID_REABASTECIMIENTO, ID_PRODUCTO, FECHA, CANTIDAD) VALUES ('REA071', 'PROD071', TO_DATE('2024-05-11', 'YYYY-MM-DD'), '493');
INSERT INTO FIDE_REABASTECIMIENTO_TB (ID_REABASTECIMIENTO, ID_PRODUCTO, FECHA, CANTIDAD) VALUES ('REA072', 'PROD072', TO_DATE('2024-05-12', 'YYYY-MM-DD'), '422');
INSERT INTO FIDE_REABASTECIMIENTO_TB (ID_REABASTECIMIENTO, ID_PRODUCTO, FECHA, CANTIDAD) VALUES ('REA073', 'PROD073', TO_DATE('2024-05-13', 'YYYY-MM-DD'), '263');
INSERT INTO FIDE_REABASTECIMIENTO_TB (ID_REABASTECIMIENTO, ID_PRODUCTO, FECHA, CANTIDAD) VALUES ('REA074', 'PROD074', TO_DATE('2024-05-14', 'YYYY-MM-DD'), '31');
INSERT INTO FIDE_REABASTECIMIENTO_TB (ID_REABASTECIMIENTO, ID_PRODUCTO, FECHA, CANTIDAD) VALUES ('REA075', 'PROD075', TO_DATE('2024-05-15', 'YYYY-MM-DD'), '423');
INSERT INTO FIDE_REABASTECIMIENTO_TB (ID_REABASTECIMIENTO, ID_PRODUCTO, FECHA, CANTIDAD) VALUES ('REA076', 'PROD076', TO_DATE('2024-05-16', 'YYYY-MM-DD'), '109');
INSERT INTO FIDE_REABASTECIMIENTO_TB (ID_REABASTECIMIENTO, ID_PRODUCTO, FECHA, CANTIDAD) VALUES ('REA077', 'PROD077', TO_DATE('2024-05-17', 'YYYY-MM-DD'), '391');
INSERT INTO FIDE_REABASTECIMIENTO_TB (ID_REABASTECIMIENTO, ID_PRODUCTO, FECHA, CANTIDAD) VALUES ('REA078', 'PROD078', TO_DATE('2024-05-18', 'YYYY-MM-DD'), '47');
INSERT INTO FIDE_REABASTECIMIENTO_TB (ID_REABASTECIMIENTO, ID_PRODUCTO, FECHA, CANTIDAD) VALUES ('REA079', 'PROD079', TO_DATE('2024-05-19', 'YYYY-MM-DD'), '319');
INSERT INTO FIDE_REABASTECIMIENTO_TB (ID_REABASTECIMIENTO, ID_PRODUCTO, FECHA, CANTIDAD) VALUES ('REA080', 'PROD080', TO_DATE('2024-05-20', 'YYYY-MM-DD'), '277');
INSERT INTO FIDE_REABASTECIMIENTO_TB (ID_REABASTECIMIENTO, ID_PRODUCTO, FECHA, CANTIDAD) VALUES ('REA081', 'PROD081', TO_DATE('2024-05-21', 'YYYY-MM-DD'), '430');
INSERT INTO FIDE_REABASTECIMIENTO_TB (ID_REABASTECIMIENTO, ID_PRODUCTO, FECHA, CANTIDAD) VALUES ('REA082', 'PROD082', TO_DATE('2024-05-22', 'YYYY-MM-DD'), '486');
INSERT INTO FIDE_REABASTECIMIENTO_TB (ID_REABASTECIMIENTO, ID_PRODUCTO, FECHA, CANTIDAD) VALUES ('REA083', 'PROD083', TO_DATE('2024-05-23', 'YYYY-MM-DD'), '500');
INSERT INTO FIDE_REABASTECIMIENTO_TB (ID_REABASTECIMIENTO, ID_PRODUCTO, FECHA, CANTIDAD) VALUES ('REA084', 'PROD084', TO_DATE('2024-05-24', 'YYYY-MM-DD'), '458');
INSERT INTO FIDE_REABASTECIMIENTO_TB (ID_REABASTECIMIENTO, ID_PRODUCTO, FECHA, CANTIDAD) VALUES ('REA085', 'PROD085', TO_DATE('2024-05-25', 'YYYY-MM-DD'), '155');
INSERT INTO FIDE_REABASTECIMIENTO_TB (ID_REABASTECIMIENTO, ID_PRODUCTO, FECHA, CANTIDAD) VALUES ('REA086', 'PROD086', TO_DATE('2024-05-26', 'YYYY-MM-DD'), '212');
INSERT INTO FIDE_REABASTECIMIENTO_TB (ID_REABASTECIMIENTO, ID_PRODUCTO, FECHA, CANTIDAD) VALUES ('REA087', 'PROD087', TO_DATE('2024-05-27', 'YYYY-MM-DD'), '413');
INSERT INTO FIDE_REABASTECIMIENTO_TB (ID_REABASTECIMIENTO, ID_PRODUCTO, FECHA, CANTIDAD) VALUES ('REA088', 'PROD088', TO_DATE('2024-05-28', 'YYYY-MM-DD'), '228');
INSERT INTO FIDE_REABASTECIMIENTO_TB (ID_REABASTECIMIENTO, ID_PRODUCTO, FECHA, CANTIDAD) VALUES ('REA089', 'PROD089', TO_DATE('2024-05-29', 'YYYY-MM-DD'), '132');
INSERT INTO FIDE_REABASTECIMIENTO_TB (ID_REABASTECIMIENTO, ID_PRODUCTO, FECHA, CANTIDAD) VALUES ('REA090', 'PROD090', TO_DATE('2024-05-30', 'YYYY-MM-DD'), '467');
INSERT INTO FIDE_REABASTECIMIENTO_TB (ID_REABASTECIMIENTO, ID_PRODUCTO, FECHA, CANTIDAD) VALUES ('REA091', 'PROD091', TO_DATE('2024-05-31', 'YYYY-MM-DD'), '98');
INSERT INTO FIDE_REABASTECIMIENTO_TB (ID_REABASTECIMIENTO, ID_PRODUCTO, FECHA, CANTIDAD) VALUES ('REA092', 'PROD092', TO_DATE('2024-06-01', 'YYYY-MM-DD'), '377');
INSERT INTO FIDE_REABASTECIMIENTO_TB (ID_REABASTECIMIENTO, ID_PRODUCTO, FECHA, CANTIDAD) VALUES ('REA093', 'PROD093', TO_DATE('2024-06-02', 'YYYY-MM-DD'), '428');
INSERT INTO FIDE_REABASTECIMIENTO_TB (ID_REABASTECIMIENTO, ID_PRODUCTO, FECHA, CANTIDAD) VALUES ('REA094', 'PROD094', TO_DATE('2024-06-03', 'YYYY-MM-DD'), '325');
INSERT INTO FIDE_REABASTECIMIENTO_TB (ID_REABASTECIMIENTO, ID_PRODUCTO, FECHA, CANTIDAD) VALUES ('REA095', 'PROD095', TO_DATE('2024-06-04', 'YYYY-MM-DD'), '381');
INSERT INTO FIDE_REABASTECIMIENTO_TB (ID_REABASTECIMIENTO, ID_PRODUCTO, FECHA, CANTIDAD) VALUES ('REA096', 'PROD096', TO_DATE('2024-06-05', 'YYYY-MM-DD'), '363');
INSERT INTO FIDE_REABASTECIMIENTO_TB (ID_REABASTECIMIENTO, ID_PRODUCTO, FECHA, CANTIDAD) VALUES ('REA097', 'PROD097', TO_DATE('2024-06-06', 'YYYY-MM-DD'), '124');
INSERT INTO FIDE_REABASTECIMIENTO_TB (ID_REABASTECIMIENTO, ID_PRODUCTO, FECHA, CANTIDAD) VALUES ('REA098', 'PROD098', TO_DATE('2024-06-07', 'YYYY-MM-DD'), '157');
INSERT INTO FIDE_REABASTECIMIENTO_TB (ID_REABASTECIMIENTO, ID_PRODUCTO, FECHA, CANTIDAD) VALUES ('REA099', 'PROD099', TO_DATE('2024-06-08', 'YYYY-MM-DD'), '310');

-- INSERTS CORREGIDOS PARA FIDE_INVENTARIO_TB (ahora con ID_TIENDA)
INSERT INTO FIDE_INVENTARIO_TB (ID_INVENTARIO, ID_PRODUCTO, ID_TIENDA, CANTIDAD, FECHA_ACTUALIZACION) VALUES ('INV000', 'PROD000', 'TIE000', 100, TO_DATE('2024-04-01', 'YYYY-MM-DD'));
INSERT INTO FIDE_INVENTARIO_TB (ID_INVENTARIO, ID_PRODUCTO, ID_TIENDA, CANTIDAD, FECHA_ACTUALIZACION) VALUES ('INV001', 'PROD001', 'TIE001', 107, TO_DATE('2024-04-02', 'YYYY-MM-DD'));
INSERT INTO FIDE_INVENTARIO_TB (ID_INVENTARIO, ID_PRODUCTO, ID_TIENDA, CANTIDAD, FECHA_ACTUALIZACION) VALUES ('INV002', 'PROD002', 'TIE002', 114, TO_DATE('2024-04-03', 'YYYY-MM-DD'));
INSERT INTO FIDE_INVENTARIO_TB (ID_INVENTARIO, ID_PRODUCTO, ID_TIENDA, CANTIDAD, FECHA_ACTUALIZACION) VALUES ('INV003', 'PROD003', 'TIE003', 121, TO_DATE('2024-04-04', 'YYYY-MM-DD'));
INSERT INTO FIDE_INVENTARIO_TB (ID_INVENTARIO, ID_PRODUCTO, ID_TIENDA, CANTIDAD, FECHA_ACTUALIZACION) VALUES ('INV004', 'PROD004', 'TIE004', 128, TO_DATE('2024-04-05', 'YYYY-MM-DD'));
INSERT INTO FIDE_INVENTARIO_TB (ID_INVENTARIO, ID_PRODUCTO, ID_TIENDA, CANTIDAD, FECHA_ACTUALIZACION) VALUES ('INV005', 'PROD005', 'TIE005', 135, TO_DATE('2024-04-06', 'YYYY-MM-DD'));
INSERT INTO FIDE_INVENTARIO_TB (ID_INVENTARIO, ID_PRODUCTO, ID_TIENDA, CANTIDAD, FECHA_ACTUALIZACION) VALUES ('INV006', 'PROD006', 'TIE006', 142, TO_DATE('2024-04-07', 'YYYY-MM-DD'));
INSERT INTO FIDE_INVENTARIO_TB (ID_INVENTARIO, ID_PRODUCTO, ID_TIENDA, CANTIDAD, FECHA_ACTUALIZACION) VALUES ('INV007', 'PROD007', 'TIE007', 149, TO_DATE('2024-04-08', 'YYYY-MM-DD'));
INSERT INTO FIDE_INVENTARIO_TB (ID_INVENTARIO, ID_PRODUCTO, ID_TIENDA, CANTIDAD, FECHA_ACTUALIZACION) VALUES ('INV008', 'PROD008', 'TIE008', 156, TO_DATE('2024-04-09', 'YYYY-MM-DD'));
INSERT INTO FIDE_INVENTARIO_TB (ID_INVENTARIO, ID_PRODUCTO, ID_TIENDA, CANTIDAD, FECHA_ACTUALIZACION) VALUES ('INV009', 'PROD009', 'TIE009', 163, TO_DATE('2024-04-10', 'YYYY-MM-DD'));
INSERT INTO FIDE_INVENTARIO_TB (ID_INVENTARIO, ID_PRODUCTO, ID_TIENDA, CANTIDAD, FECHA_ACTUALIZACION) VALUES ('INV010', 'PROD010', 'TIE010', 170, TO_DATE('2024-04-11', 'YYYY-MM-DD'));
INSERT INTO FIDE_INVENTARIO_TB (ID_INVENTARIO, ID_PRODUCTO, ID_TIENDA, CANTIDAD, FECHA_ACTUALIZACION) VALUES ('INV011', 'PROD011', 'TIE011', 177, TO_DATE('2024-04-12', 'YYYY-MM-DD'));
INSERT INTO FIDE_INVENTARIO_TB (ID_INVENTARIO, ID_PRODUCTO, ID_TIENDA, CANTIDAD, FECHA_ACTUALIZACION) VALUES ('INV012', 'PROD012', 'TIE012', 184, TO_DATE('2024-04-13', 'YYYY-MM-DD'));
INSERT INTO FIDE_INVENTARIO_TB (ID_INVENTARIO, ID_PRODUCTO, ID_TIENDA, CANTIDAD, FECHA_ACTUALIZACION) VALUES ('INV013', 'PROD013', 'TIE013', 191, TO_DATE('2024-04-14', 'YYYY-MM-DD'));
INSERT INTO FIDE_INVENTARIO_TB (ID_INVENTARIO, ID_PRODUCTO, ID_TIENDA, CANTIDAD, FECHA_ACTUALIZACION) VALUES ('INV014', 'PROD014', 'TIE014', 198, TO_DATE('2024-04-15', 'YYYY-MM-DD'));
INSERT INTO FIDE_INVENTARIO_TB (ID_INVENTARIO, ID_PRODUCTO, ID_TIENDA, CANTIDAD, FECHA_ACTUALIZACION) VALUES ('INV015', 'PROD015', 'TIE015', 205, TO_DATE('2024-04-16', 'YYYY-MM-DD'));
INSERT INTO FIDE_INVENTARIO_TB (ID_INVENTARIO, ID_PRODUCTO, ID_TIENDA, CANTIDAD, FECHA_ACTUALIZACION) VALUES ('INV016', 'PROD016', 'TIE016', 212, TO_DATE('2024-04-17', 'YYYY-MM-DD'));
INSERT INTO FIDE_INVENTARIO_TB (ID_INVENTARIO, ID_PRODUCTO, ID_TIENDA, CANTIDAD, FECHA_ACTUALIZACION) VALUES ('INV017', 'PROD017', 'TIE017', 219, TO_DATE('2024-04-18', 'YYYY-MM-DD'));
INSERT INTO FIDE_INVENTARIO_TB (ID_INVENTARIO, ID_PRODUCTO, ID_TIENDA, CANTIDAD, FECHA_ACTUALIZACION) VALUES ('INV018', 'PROD018', 'TIE018', 226, TO_DATE('2024-04-19', 'YYYY-MM-DD'));
INSERT INTO FIDE_INVENTARIO_TB (ID_INVENTARIO, ID_PRODUCTO, ID_TIENDA, CANTIDAD, FECHA_ACTUALIZACION) VALUES ('INV019', 'PROD019', 'TIE019', 233, TO_DATE('2024-04-20', 'YYYY-MM-DD'));
INSERT INTO FIDE_INVENTARIO_TB (ID_INVENTARIO, ID_PRODUCTO, ID_TIENDA, CANTIDAD, FECHA_ACTUALIZACION) VALUES ('INV020', 'PROD020', 'TIE020', 240, TO_DATE('2024-04-21', 'YYYY-MM-DD'));
INSERT INTO FIDE_INVENTARIO_TB (ID_INVENTARIO, ID_PRODUCTO, ID_TIENDA, CANTIDAD, FECHA_ACTUALIZACION) VALUES ('INV021', 'PROD021', 'TIE021', 247, TO_DATE('2024-04-22', 'YYYY-MM-DD'));
INSERT INTO FIDE_INVENTARIO_TB (ID_INVENTARIO, ID_PRODUCTO, ID_TIENDA, CANTIDAD, FECHA_ACTUALIZACION) VALUES ('INV022', 'PROD022', 'TIE022', 254, TO_DATE('2024-04-23', 'YYYY-MM-DD'));
INSERT INTO FIDE_INVENTARIO_TB (ID_INVENTARIO, ID_PRODUCTO, ID_TIENDA, CANTIDAD, FECHA_ACTUALIZACION) VALUES ('INV023', 'PROD023', 'TIE023', 261, TO_DATE('2024-04-24', 'YYYY-MM-DD'));
INSERT INTO FIDE_INVENTARIO_TB (ID_INVENTARIO, ID_PRODUCTO, ID_TIENDA, CANTIDAD, FECHA_ACTUALIZACION) VALUES ('INV024', 'PROD024', 'TIE024', 268, TO_DATE('2024-04-25', 'YYYY-MM-DD'));
INSERT INTO FIDE_INVENTARIO_TB (ID_INVENTARIO, ID_PRODUCTO, ID_TIENDA, CANTIDAD, FECHA_ACTUALIZACION) VALUES ('INV025', 'PROD025', 'TIE025', 275, TO_DATE('2024-04-26', 'YYYY-MM-DD'));
INSERT INTO FIDE_INVENTARIO_TB (ID_INVENTARIO, ID_PRODUCTO, ID_TIENDA, CANTIDAD, FECHA_ACTUALIZACION) VALUES ('INV026', 'PROD026', 'TIE026', 282, TO_DATE('2024-04-27', 'YYYY-MM-DD'));
INSERT INTO FIDE_INVENTARIO_TB (ID_INVENTARIO, ID_PRODUCTO, ID_TIENDA, CANTIDAD, FECHA_ACTUALIZACION) VALUES ('INV027', 'PROD027', 'TIE027', 289, TO_DATE('2024-04-28', 'YYYY-MM-DD'));
INSERT INTO FIDE_INVENTARIO_TB (ID_INVENTARIO, ID_PRODUCTO, ID_TIENDA, CANTIDAD, FECHA_ACTUALIZACION) VALUES ('INV028', 'PROD028', 'TIE028', 296, TO_DATE('2024-04-29', 'YYYY-MM-DD'));
INSERT INTO FIDE_INVENTARIO_TB (ID_INVENTARIO, ID_PRODUCTO, ID_TIENDA, CANTIDAD, FECHA_ACTUALIZACION) VALUES ('INV029', 'PROD029', 'TIE029', 303, TO_DATE('2024-04-30', 'YYYY-MM-DD'));
INSERT INTO FIDE_INVENTARIO_TB (ID_INVENTARIO, ID_PRODUCTO, ID_TIENDA, CANTIDAD, FECHA_ACTUALIZACION) VALUES ('INV030', 'PROD030', 'TIE030', 310, TO_DATE('2024-05-01', 'YYYY-MM-DD'));
INSERT INTO FIDE_INVENTARIO_TB (ID_INVENTARIO, ID_PRODUCTO, ID_TIENDA, CANTIDAD, FECHA_ACTUALIZACION) VALUES ('INV031', 'PROD031', 'TIE031', 317, TO_DATE('2024-05-02', 'YYYY-MM-DD'));
INSERT INTO FIDE_INVENTARIO_TB (ID_INVENTARIO, ID_PRODUCTO, ID_TIENDA, CANTIDAD, FECHA_ACTUALIZACION) VALUES ('INV032', 'PROD032', 'TIE032', 324, TO_DATE('2024-05-03', 'YYYY-MM-DD'));
INSERT INTO FIDE_INVENTARIO_TB (ID_INVENTARIO, ID_PRODUCTO, ID_TIENDA, CANTIDAD, FECHA_ACTUALIZACION) VALUES ('INV033', 'PROD033', 'TIE033', 331, TO_DATE('2024-05-04', 'YYYY-MM-DD'));
INSERT INTO FIDE_INVENTARIO_TB (ID_INVENTARIO, ID_PRODUCTO, ID_TIENDA, CANTIDAD, FECHA_ACTUALIZACION) VALUES ('INV034', 'PROD034', 'TIE034', 338, TO_DATE('2024-05-05', 'YYYY-MM-DD'));
INSERT INTO FIDE_INVENTARIO_TB (ID_INVENTARIO, ID_PRODUCTO, ID_TIENDA, CANTIDAD, FECHA_ACTUALIZACION) VALUES ('INV035', 'PROD035', 'TIE035', 345, TO_DATE('2024-05-06', 'YYYY-MM-DD'));
INSERT INTO FIDE_INVENTARIO_TB (ID_INVENTARIO, ID_PRODUCTO, ID_TIENDA, CANTIDAD, FECHA_ACTUALIZACION) VALUES ('INV036', 'PROD036', 'TIE036', 352, TO_DATE('2024-05-07', 'YYYY-MM-DD'));
INSERT INTO FIDE_INVENTARIO_TB (ID_INVENTARIO, ID_PRODUCTO, ID_TIENDA, CANTIDAD, FECHA_ACTUALIZACION) VALUES ('INV037', 'PROD037', 'TIE037', 359, TO_DATE('2024-05-08', 'YYYY-MM-DD'));
INSERT INTO FIDE_INVENTARIO_TB (ID_INVENTARIO, ID_PRODUCTO, ID_TIENDA, CANTIDAD, FECHA_ACTUALIZACION) VALUES ('INV038', 'PROD038', 'TIE038', 366, TO_DATE('2024-05-09', 'YYYY-MM-DD'));
INSERT INTO FIDE_INVENTARIO_TB (ID_INVENTARIO, ID_PRODUCTO, ID_TIENDA, CANTIDAD, FECHA_ACTUALIZACION) VALUES ('INV039', 'PROD039', 'TIE039', 373, TO_DATE('2024-05-10', 'YYYY-MM-DD'));
INSERT INTO FIDE_INVENTARIO_TB (ID_INVENTARIO, ID_PRODUCTO, ID_TIENDA, CANTIDAD, FECHA_ACTUALIZACION) VALUES ('INV040', 'PROD040', 'TIE040', 380, TO_DATE('2024-05-11', 'YYYY-MM-DD'));
INSERT INTO FIDE_INVENTARIO_TB (ID_INVENTARIO, ID_PRODUCTO, ID_TIENDA, CANTIDAD, FECHA_ACTUALIZACION) VALUES ('INV041', 'PROD041', 'TIE041', 387, TO_DATE('2024-05-12', 'YYYY-MM-DD'));
INSERT INTO FIDE_INVENTARIO_TB (ID_INVENTARIO, ID_PRODUCTO, ID_TIENDA, CANTIDAD, FECHA_ACTUALIZACION) VALUES ('INV042', 'PROD042', 'TIE042', 394, TO_DATE('2024-05-13', 'YYYY-MM-DD'));
INSERT INTO FIDE_INVENTARIO_TB (ID_INVENTARIO, ID_PRODUCTO, ID_TIENDA, CANTIDAD, FECHA_ACTUALIZACION) VALUES ('INV043', 'PROD043', 'TIE043', 401, TO_DATE('2024-05-14', 'YYYY-MM-DD'));
INSERT INTO FIDE_INVENTARIO_TB (ID_INVENTARIO, ID_PRODUCTO, ID_TIENDA, CANTIDAD, FECHA_ACTUALIZACION) VALUES ('INV044', 'PROD044', 'TIE044', 408, TO_DATE('2024-05-15', 'YYYY-MM-DD'));
INSERT INTO FIDE_INVENTARIO_TB (ID_INVENTARIO, ID_PRODUCTO, ID_TIENDA, CANTIDAD, FECHA_ACTUALIZACION) VALUES ('INV045', 'PROD045', 'TIE045', 415, TO_DATE('2024-05-16', 'YYYY-MM-DD'));
INSERT INTO FIDE_INVENTARIO_TB (ID_INVENTARIO, ID_PRODUCTO, ID_TIENDA, CANTIDAD, FECHA_ACTUALIZACION) VALUES ('INV046', 'PROD046', 'TIE046', 422, TO_DATE('2024-05-17', 'YYYY-MM-DD'));
INSERT INTO FIDE_INVENTARIO_TB (ID_INVENTARIO, ID_PRODUCTO, ID_TIENDA, CANTIDAD, FECHA_ACTUALIZACION) VALUES ('INV047', 'PROD047', 'TIE047', 429, TO_DATE('2024-05-18', 'YYYY-MM-DD'));
INSERT INTO FIDE_INVENTARIO_TB (ID_INVENTARIO, ID_PRODUCTO, ID_TIENDA, CANTIDAD, FECHA_ACTUALIZACION) VALUES ('INV048', 'PROD048', 'TIE048', 436, TO_DATE('2024-05-19', 'YYYY-MM-DD'));
INSERT INTO FIDE_INVENTARIO_TB (ID_INVENTARIO, ID_PRODUCTO, ID_TIENDA, CANTIDAD, FECHA_ACTUALIZACION) VALUES ('INV049', 'PROD049', 'TIE049', 443, TO_DATE('2024-05-20', 'YYYY-MM-DD'));
INSERT INTO FIDE_INVENTARIO_TB (ID_INVENTARIO, ID_PRODUCTO, ID_TIENDA, CANTIDAD, FECHA_ACTUALIZACION) VALUES ('INV050', 'PROD050', 'TIE050', 450, TO_DATE('2024-05-21', 'YYYY-MM-DD'));
INSERT INTO FIDE_INVENTARIO_TB (ID_INVENTARIO, ID_PRODUCTO, ID_TIENDA, CANTIDAD, FECHA_ACTUALIZACION) VALUES ('INV051', 'PROD051', 'TIE051', 457, TO_DATE('2024-05-22', 'YYYY-MM-DD'));
INSERT INTO FIDE_INVENTARIO_TB (ID_INVENTARIO, ID_PRODUCTO, ID_TIENDA, CANTIDAD, FECHA_ACTUALIZACION) VALUES ('INV052', 'PROD052', 'TIE052', 464, TO_DATE('2024-05-23', 'YYYY-MM-DD'));
INSERT INTO FIDE_INVENTARIO_TB (ID_INVENTARIO, ID_PRODUCTO, ID_TIENDA, CANTIDAD, FECHA_ACTUALIZACION) VALUES ('INV053', 'PROD053', 'TIE053', 471, TO_DATE('2024-05-24', 'YYYY-MM-DD'));
INSERT INTO FIDE_INVENTARIO_TB (ID_INVENTARIO, ID_PRODUCTO, ID_TIENDA, CANTIDAD, FECHA_ACTUALIZACION) VALUES ('INV054', 'PROD054', 'TIE054', 478, TO_DATE('2024-05-25', 'YYYY-MM-DD'));
INSERT INTO FIDE_INVENTARIO_TB (ID_INVENTARIO, ID_PRODUCTO, ID_TIENDA, CANTIDAD, FECHA_ACTUALIZACION) VALUES ('INV055', 'PROD055', 'TIE055', 485, TO_DATE('2024-05-26', 'YYYY-MM-DD'));
INSERT INTO FIDE_INVENTARIO_TB (ID_INVENTARIO, ID_PRODUCTO, ID_TIENDA, CANTIDAD, FECHA_ACTUALIZACION) VALUES ('INV056', 'PROD056', 'TIE056', 492, TO_DATE('2024-05-27', 'YYYY-MM-DD'));
INSERT INTO FIDE_INVENTARIO_TB (ID_INVENTARIO, ID_PRODUCTO, ID_TIENDA, CANTIDAD, FECHA_ACTUALIZACION) VALUES ('INV057', 'PROD057', 'TIE057', 499, TO_DATE('2024-05-28', 'YYYY-MM-DD'));
INSERT INTO FIDE_INVENTARIO_TB (ID_INVENTARIO, ID_PRODUCTO, ID_TIENDA, CANTIDAD, FECHA_ACTUALIZACION) VALUES ('INV058', 'PROD058', 'TIE058', 506, TO_DATE('2024-05-29', 'YYYY-MM-DD'));
INSERT INTO FIDE_INVENTARIO_TB (ID_INVENTARIO, ID_PRODUCTO, ID_TIENDA, CANTIDAD, FECHA_ACTUALIZACION) VALUES ('INV059', 'PROD059', 'TIE059', 513, TO_DATE('2024-05-30', 'YYYY-MM-DD'));
INSERT INTO FIDE_INVENTARIO_TB (ID_INVENTARIO, ID_PRODUCTO, ID_TIENDA, CANTIDAD, FECHA_ACTUALIZACION) VALUES ('INV060', 'PROD060', 'TIE060', 520, TO_DATE('2024-05-31', 'YYYY-MM-DD'));
INSERT INTO FIDE_INVENTARIO_TB (ID_INVENTARIO, ID_PRODUCTO, ID_TIENDA, CANTIDAD, FECHA_ACTUALIZACION) VALUES ('INV061', 'PROD061', 'TIE061', 527, TO_DATE('2024-06-01', 'YYYY-MM-DD'));
INSERT INTO FIDE_INVENTARIO_TB (ID_INVENTARIO, ID_PRODUCTO, ID_TIENDA, CANTIDAD, FECHA_ACTUALIZACION) VALUES ('INV062', 'PROD062', 'TIE062', 534, TO_DATE('2024-06-02', 'YYYY-MM-DD'));
INSERT INTO FIDE_INVENTARIO_TB (ID_INVENTARIO, ID_PRODUCTO, ID_TIENDA, CANTIDAD, FECHA_ACTUALIZACION) VALUES ('INV063', 'PROD063', 'TIE063', 541, TO_DATE('2024-06-03', 'YYYY-MM-DD'));
INSERT INTO FIDE_INVENTARIO_TB (ID_INVENTARIO, ID_PRODUCTO, ID_TIENDA, CANTIDAD, FECHA_ACTUALIZACION) VALUES ('INV064', 'PROD064', 'TIE064', 548, TO_DATE('2024-06-04', 'YYYY-MM-DD'));
INSERT INTO FIDE_INVENTARIO_TB (ID_INVENTARIO, ID_PRODUCTO, ID_TIENDA, CANTIDAD, FECHA_ACTUALIZACION) VALUES ('INV065', 'PROD065', 'TIE065', 555, TO_DATE('2024-06-05', 'YYYY-MM-DD'));
INSERT INTO FIDE_INVENTARIO_TB (ID_INVENTARIO, ID_PRODUCTO, ID_TIENDA, CANTIDAD, FECHA_ACTUALIZACION) VALUES ('INV066', 'PROD066', 'TIE066', 562, TO_DATE('2024-06-06', 'YYYY-MM-DD'));
INSERT INTO FIDE_INVENTARIO_TB (ID_INVENTARIO, ID_PRODUCTO, ID_TIENDA, CANTIDAD, FECHA_ACTUALIZACION) VALUES ('INV067', 'PROD067', 'TIE067', 569, TO_DATE('2024-06-07', 'YYYY-MM-DD'));
INSERT INTO FIDE_INVENTARIO_TB (ID_INVENTARIO, ID_PRODUCTO, ID_TIENDA, CANTIDAD, FECHA_ACTUALIZACION) VALUES ('INV068', 'PROD068', 'TIE068', 576, TO_DATE('2024-06-08', 'YYYY-MM-DD'));
INSERT INTO FIDE_INVENTARIO_TB (ID_INVENTARIO, ID_PRODUCTO, ID_TIENDA, CANTIDAD, FECHA_ACTUALIZACION) VALUES ('INV069', 'PROD069', 'TIE069', 583, TO_DATE('2024-06-09', 'YYYY-MM-DD'));
INSERT INTO FIDE_INVENTARIO_TB (ID_INVENTARIO, ID_PRODUCTO, ID_TIENDA, CANTIDAD, FECHA_ACTUALIZACION) VALUES ('INV070', 'PROD070', 'TIE070', 590, TO_DATE('2024-06-10', 'YYYY-MM-DD'));
INSERT INTO FIDE_INVENTARIO_TB (ID_INVENTARIO, ID_PRODUCTO, ID_TIENDA, CANTIDAD, FECHA_ACTUALIZACION) VALUES ('INV071', 'PROD071', 'TIE071', 597, TO_DATE('2024-06-11', 'YYYY-MM-DD'));
INSERT INTO FIDE_INVENTARIO_TB (ID_INVENTARIO, ID_PRODUCTO, ID_TIENDA, CANTIDAD, FECHA_ACTUALIZACION) VALUES ('INV072', 'PROD072', 'TIE072', 604, TO_DATE('2024-06-12', 'YYYY-MM-DD'));
INSERT INTO FIDE_INVENTARIO_TB (ID_INVENTARIO, ID_PRODUCTO, ID_TIENDA, CANTIDAD, FECHA_ACTUALIZACION) VALUES ('INV073', 'PROD073', 'TIE073', 611, TO_DATE('2024-06-13', 'YYYY-MM-DD'));
INSERT INTO FIDE_INVENTARIO_TB (ID_INVENTARIO, ID_PRODUCTO, ID_TIENDA, CANTIDAD, FECHA_ACTUALIZACION) VALUES ('INV074', 'PROD074', 'TIE074', 618, TO_DATE('2024-06-14', 'YYYY-MM-DD'));
INSERT INTO FIDE_INVENTARIO_TB (ID_INVENTARIO, ID_PRODUCTO, ID_TIENDA, CANTIDAD, FECHA_ACTUALIZACION) VALUES ('INV075', 'PROD075', 'TIE075', 625, TO_DATE('2024-06-15', 'YYYY-MM-DD'));
INSERT INTO FIDE_INVENTARIO_TB (ID_INVENTARIO, ID_PRODUCTO, ID_TIENDA, CANTIDAD, FECHA_ACTUALIZACION) VALUES ('INV076', 'PROD076', 'TIE076', 632, TO_DATE('2024-06-16', 'YYYY-MM-DD'));
INSERT INTO FIDE_INVENTARIO_TB (ID_INVENTARIO, ID_PRODUCTO, ID_TIENDA, CANTIDAD, FECHA_ACTUALIZACION) VALUES ('INV077', 'PROD077', 'TIE077', 639, TO_DATE('2024-06-17', 'YYYY-MM-DD'));
INSERT INTO FIDE_INVENTARIO_TB (ID_INVENTARIO, ID_PRODUCTO, ID_TIENDA, CANTIDAD, FECHA_ACTUALIZACION) VALUES ('INV078', 'PROD078', 'TIE078', 646, TO_DATE('2024-06-18', 'YYYY-MM-DD'));
INSERT INTO FIDE_INVENTARIO_TB (ID_INVENTARIO, ID_PRODUCTO, ID_TIENDA, CANTIDAD, FECHA_ACTUALIZACION) VALUES ('INV079', 'PROD079', 'TIE079', 653, TO_DATE('2024-06-19', 'YYYY-MM-DD'));
INSERT INTO FIDE_INVENTARIO_TB (ID_INVENTARIO, ID_PRODUCTO, ID_TIENDA, CANTIDAD, FECHA_ACTUALIZACION) VALUES ('INV080', 'PROD080', 'TIE080', 660, TO_DATE('2024-06-20', 'YYYY-MM-DD'));
INSERT INTO FIDE_INVENTARIO_TB (ID_INVENTARIO, ID_PRODUCTO, ID_TIENDA, CANTIDAD, FECHA_ACTUALIZACION) VALUES ('INV081', 'PROD081', 'TIE081', 667, TO_DATE('2024-06-21', 'YYYY-MM-DD'));
INSERT INTO FIDE_INVENTARIO_TB (ID_INVENTARIO, ID_PRODUCTO, ID_TIENDA, CANTIDAD, FECHA_ACTUALIZACION) VALUES ('INV082', 'PROD082', 'TIE082', 674, TO_DATE('2024-06-22', 'YYYY-MM-DD'));
INSERT INTO FIDE_INVENTARIO_TB (ID_INVENTARIO, ID_PRODUCTO, ID_TIENDA, CANTIDAD, FECHA_ACTUALIZACION) VALUES ('INV083', 'PROD083', 'TIE083', 681, TO_DATE('2024-06-23', 'YYYY-MM-DD'));
INSERT INTO FIDE_INVENTARIO_TB (ID_INVENTARIO, ID_PRODUCTO, ID_TIENDA, CANTIDAD, FECHA_ACTUALIZACION) VALUES ('INV084', 'PROD084', 'TIE084', 688, TO_DATE('2024-06-24', 'YYYY-MM-DD'));
INSERT INTO FIDE_INVENTARIO_TB (ID_INVENTARIO, ID_PRODUCTO, ID_TIENDA, CANTIDAD, FECHA_ACTUALIZACION) VALUES ('INV085', 'PROD085', 'TIE085', 695, TO_DATE('2024-06-25', 'YYYY-MM-DD'));
INSERT INTO FIDE_INVENTARIO_TB (ID_INVENTARIO, ID_PRODUCTO, ID_TIENDA, CANTIDAD, FECHA_ACTUALIZACION) VALUES ('INV086', 'PROD086', 'TIE086', 702, TO_DATE('2024-06-26', 'YYYY-MM-DD'));
INSERT INTO FIDE_INVENTARIO_TB (ID_INVENTARIO, ID_PRODUCTO, ID_TIENDA, CANTIDAD, FECHA_ACTUALIZACION) VALUES ('INV087', 'PROD087', 'TIE087', 709, TO_DATE('2024-06-27', 'YYYY-MM-DD'));
INSERT INTO FIDE_INVENTARIO_TB (ID_INVENTARIO, ID_PRODUCTO, ID_TIENDA, CANTIDAD, FECHA_ACTUALIZACION) VALUES ('INV088', 'PROD088', 'TIE088', 716, TO_DATE('2024-06-28', 'YYYY-MM-DD'));
INSERT INTO FIDE_INVENTARIO_TB (ID_INVENTARIO, ID_PRODUCTO, ID_TIENDA, CANTIDAD, FECHA_ACTUALIZACION) VALUES ('INV089', 'PROD089', 'TIE089', 723, TO_DATE('2024-06-29', 'YYYY-MM-DD'));
INSERT INTO FIDE_INVENTARIO_TB (ID_INVENTARIO, ID_PRODUCTO, ID_TIENDA, CANTIDAD, FECHA_ACTUALIZACION) VALUES ('INV090', 'PROD090', 'TIE090', 730, TO_DATE('2024-06-30', 'YYYY-MM-DD'));
INSERT INTO FIDE_INVENTARIO_TB (ID_INVENTARIO, ID_PRODUCTO, ID_TIENDA, CANTIDAD, FECHA_ACTUALIZACION) VALUES ('INV091', 'PROD091', 'TIE091', 737, TO_DATE('2024-07-01', 'YYYY-MM-DD'));
INSERT INTO FIDE_INVENTARIO_TB (ID_INVENTARIO, ID_PRODUCTO, ID_TIENDA, CANTIDAD, FECHA_ACTUALIZACION) VALUES ('INV092', 'PROD092', 'TIE092', 744, TO_DATE('2024-07-02', 'YYYY-MM-DD'));
INSERT INTO FIDE_INVENTARIO_TB (ID_INVENTARIO, ID_PRODUCTO, ID_TIENDA, CANTIDAD, FECHA_ACTUALIZACION) VALUES ('INV093', 'PROD093', 'TIE093', 751, TO_DATE('2024-07-03', 'YYYY-MM-DD'));
INSERT INTO FIDE_INVENTARIO_TB (ID_INVENTARIO, ID_PRODUCTO, ID_TIENDA, CANTIDAD, FECHA_ACTUALIZACION) VALUES ('INV094', 'PROD094', 'TIE094', 758, TO_DATE('2024-07-04', 'YYYY-MM-DD'));
INSERT INTO FIDE_INVENTARIO_TB (ID_INVENTARIO, ID_PRODUCTO, ID_TIENDA, CANTIDAD, FECHA_ACTUALIZACION) VALUES ('INV095', 'PROD095', 'TIE095', 765, TO_DATE('2024-07-05', 'YYYY-MM-DD'));
INSERT INTO FIDE_INVENTARIO_TB (ID_INVENTARIO, ID_PRODUCTO, ID_TIENDA, CANTIDAD, FECHA_ACTUALIZACION) VALUES ('INV096', 'PROD096', 'TIE096', 772, TO_DATE('2024-07-06', 'YYYY-MM-DD'));
INSERT INTO FIDE_INVENTARIO_TB (ID_INVENTARIO, ID_PRODUCTO, ID_TIENDA, CANTIDAD, FECHA_ACTUALIZACION) VALUES ('INV097', 'PROD097', 'TIE097', 779, TO_DATE('2024-07-07', 'YYYY-MM-DD'));
INSERT INTO FIDE_INVENTARIO_TB (ID_INVENTARIO, ID_PRODUCTO, ID_TIENDA, CANTIDAD, FECHA_ACTUALIZACION) VALUES ('INV098', 'PROD098', 'TIE098', 786, TO_DATE('2024-07-08', 'YYYY-MM-DD'));
INSERT INTO FIDE_INVENTARIO_TB (ID_INVENTARIO, ID_PRODUCTO, ID_TIENDA, CANTIDAD, FECHA_ACTUALIZACION) VALUES ('INV099', 'PROD099', 'TIE099', 793, TO_DATE('2024-07-09', 'YYYY-MM-DD'));

-- Inserciones para FIDE_REPORTE_TB
INSERT INTO FIDE_REPORTE_TB (ID_REPORTE, ID_FACTURA, DETALLE) VALUES ('REP000', 'FACT000', 'Reporte generado para factura 0');
INSERT INTO FIDE_REPORTE_TB (ID_REPORTE, ID_FACTURA, DETALLE) VALUES ('REP001', 'FACT001', 'Reporte generado para factura 1');
INSERT INTO FIDE_REPORTE_TB (ID_REPORTE, ID_FACTURA, DETALLE) VALUES ('REP002', 'FACT002', 'Reporte generado para factura 2');
INSERT INTO FIDE_REPORTE_TB (ID_REPORTE, ID_FACTURA, DETALLE) VALUES ('REP003', 'FACT003', 'Reporte generado para factura 3');
INSERT INTO FIDE_REPORTE_TB (ID_REPORTE, ID_FACTURA, DETALLE) VALUES ('REP004', 'FACT004', 'Reporte generado para factura 4');
INSERT INTO FIDE_REPORTE_TB (ID_REPORTE, ID_FACTURA, DETALLE) VALUES ('REP005', 'FACT005', 'Reporte generado para factura 5');
INSERT INTO FIDE_REPORTE_TB (ID_REPORTE, ID_FACTURA, DETALLE) VALUES ('REP006', 'FACT006', 'Reporte generado para factura 6');
INSERT INTO FIDE_REPORTE_TB (ID_REPORTE, ID_FACTURA, DETALLE) VALUES ('REP007', 'FACT007', 'Reporte generado para factura 7');
INSERT INTO FIDE_REPORTE_TB (ID_REPORTE, ID_FACTURA, DETALLE) VALUES ('REP008', 'FACT008', 'Reporte generado para factura 8');
INSERT INTO FIDE_REPORTE_TB (ID_REPORTE, ID_FACTURA, DETALLE) VALUES ('REP009', 'FACT009', 'Reporte generado para factura 9');
INSERT INTO FIDE_REPORTE_TB (ID_REPORTE, ID_FACTURA, DETALLE) VALUES ('REP010', 'FACT010', 'Reporte generado para factura 10');
INSERT INTO FIDE_REPORTE_TB (ID_REPORTE, ID_FACTURA, DETALLE) VALUES ('REP011', 'FACT011', 'Reporte generado para factura 11');
INSERT INTO FIDE_REPORTE_TB (ID_REPORTE, ID_FACTURA, DETALLE) VALUES ('REP012', 'FACT012', 'Reporte generado para factura 12');
INSERT INTO FIDE_REPORTE_TB (ID_REPORTE, ID_FACTURA, DETALLE) VALUES ('REP013', 'FACT013', 'Reporte generado para factura 13');
INSERT INTO FIDE_REPORTE_TB (ID_REPORTE, ID_FACTURA, DETALLE) VALUES ('REP014', 'FACT014', 'Reporte generado para factura 14');
INSERT INTO FIDE_REPORTE_TB (ID_REPORTE, ID_FACTURA, DETALLE) VALUES ('REP015', 'FACT015', 'Reporte generado para factura 15');
INSERT INTO FIDE_REPORTE_TB (ID_REPORTE, ID_FACTURA, DETALLE) VALUES ('REP016', 'FACT016', 'Reporte generado para factura 16');
INSERT INTO FIDE_REPORTE_TB (ID_REPORTE, ID_FACTURA, DETALLE) VALUES ('REP017', 'FACT017', 'Reporte generado para factura 17');
INSERT INTO FIDE_REPORTE_TB (ID_REPORTE, ID_FACTURA, DETALLE) VALUES ('REP018', 'FACT018', 'Reporte generado para factura 18');
INSERT INTO FIDE_REPORTE_TB (ID_REPORTE, ID_FACTURA, DETALLE) VALUES ('REP019', 'FACT019', 'Reporte generado para factura 19');
INSERT INTO FIDE_REPORTE_TB (ID_REPORTE, ID_FACTURA, DETALLE) VALUES ('REP020', 'FACT020', 'Reporte generado para factura 20');
INSERT INTO FIDE_REPORTE_TB (ID_REPORTE, ID_FACTURA, DETALLE) VALUES ('REP021', 'FACT021', 'Reporte generado para factura 21');
INSERT INTO FIDE_REPORTE_TB (ID_REPORTE, ID_FACTURA, DETALLE) VALUES ('REP022', 'FACT022', 'Reporte generado para factura 22');
INSERT INTO FIDE_REPORTE_TB (ID_REPORTE, ID_FACTURA, DETALLE) VALUES ('REP023', 'FACT023', 'Reporte generado para factura 23');
INSERT INTO FIDE_REPORTE_TB (ID_REPORTE, ID_FACTURA, DETALLE) VALUES ('REP024', 'FACT024', 'Reporte generado para factura 24');
INSERT INTO FIDE_REPORTE_TB (ID_REPORTE, ID_FACTURA, DETALLE) VALUES ('REP025', 'FACT025', 'Reporte generado para factura 25');
INSERT INTO FIDE_REPORTE_TB (ID_REPORTE, ID_FACTURA, DETALLE) VALUES ('REP026', 'FACT026', 'Reporte generado para factura 26');
INSERT INTO FIDE_REPORTE_TB (ID_REPORTE, ID_FACTURA, DETALLE) VALUES ('REP027', 'FACT027', 'Reporte generado para factura 27');
INSERT INTO FIDE_REPORTE_TB (ID_REPORTE, ID_FACTURA, DETALLE) VALUES ('REP028', 'FACT028', 'Reporte generado para factura 28');
INSERT INTO FIDE_REPORTE_TB (ID_REPORTE, ID_FACTURA, DETALLE) VALUES ('REP029', 'FACT029', 'Reporte generado para factura 29');
INSERT INTO FIDE_REPORTE_TB (ID_REPORTE, ID_FACTURA, DETALLE) VALUES ('REP030', 'FACT030', 'Reporte generado para factura 30');
INSERT INTO FIDE_REPORTE_TB (ID_REPORTE, ID_FACTURA, DETALLE) VALUES ('REP031', 'FACT031', 'Reporte generado para factura 31');
INSERT INTO FIDE_REPORTE_TB (ID_REPORTE, ID_FACTURA, DETALLE) VALUES ('REP032', 'FACT032', 'Reporte generado para factura 32');
INSERT INTO FIDE_REPORTE_TB (ID_REPORTE, ID_FACTURA, DETALLE) VALUES ('REP033', 'FACT033', 'Reporte generado para factura 33');
INSERT INTO FIDE_REPORTE_TB (ID_REPORTE, ID_FACTURA, DETALLE) VALUES ('REP034', 'FACT034', 'Reporte generado para factura 34');
INSERT INTO FIDE_REPORTE_TB (ID_REPORTE, ID_FACTURA, DETALLE) VALUES ('REP035', 'FACT035', 'Reporte generado para factura 35');
INSERT INTO FIDE_REPORTE_TB (ID_REPORTE, ID_FACTURA, DETALLE) VALUES ('REP036', 'FACT036', 'Reporte generado para factura 36');
INSERT INTO FIDE_REPORTE_TB (ID_REPORTE, ID_FACTURA, DETALLE) VALUES ('REP037', 'FACT037', 'Reporte generado para factura 37');
INSERT INTO FIDE_REPORTE_TB (ID_REPORTE, ID_FACTURA, DETALLE) VALUES ('REP038', 'FACT038', 'Reporte generado para factura 38');
INSERT INTO FIDE_REPORTE_TB (ID_REPORTE, ID_FACTURA, DETALLE) VALUES ('REP039', 'FACT039', 'Reporte generado para factura 39');
INSERT INTO FIDE_REPORTE_TB (ID_REPORTE, ID_FACTURA, DETALLE) VALUES ('REP040', 'FACT040', 'Reporte generado para factura 40');
INSERT INTO FIDE_REPORTE_TB (ID_REPORTE, ID_FACTURA, DETALLE) VALUES ('REP041', 'FACT041', 'Reporte generado para factura 41');
INSERT INTO FIDE_REPORTE_TB (ID_REPORTE, ID_FACTURA, DETALLE) VALUES ('REP042', 'FACT042', 'Reporte generado para factura 42');
INSERT INTO FIDE_REPORTE_TB (ID_REPORTE, ID_FACTURA, DETALLE) VALUES ('REP043', 'FACT043', 'Reporte generado para factura 43');
INSERT INTO FIDE_REPORTE_TB (ID_REPORTE, ID_FACTURA, DETALLE) VALUES ('REP044', 'FACT044', 'Reporte generado para factura 44');
INSERT INTO FIDE_REPORTE_TB (ID_REPORTE, ID_FACTURA, DETALLE) VALUES ('REP045', 'FACT045', 'Reporte generado para factura 45');
INSERT INTO FIDE_REPORTE_TB (ID_REPORTE, ID_FACTURA, DETALLE) VALUES ('REP046', 'FACT046', 'Reporte generado para factura 46');
INSERT INTO FIDE_REPORTE_TB (ID_REPORTE, ID_FACTURA, DETALLE) VALUES ('REP047', 'FACT047', 'Reporte generado para factura 47');
INSERT INTO FIDE_REPORTE_TB (ID_REPORTE, ID_FACTURA, DETALLE) VALUES ('REP048', 'FACT048', 'Reporte generado para factura 48');
INSERT INTO FIDE_REPORTE_TB (ID_REPORTE, ID_FACTURA, DETALLE) VALUES ('REP049', 'FACT049', 'Reporte generado para factura 49');
INSERT INTO FIDE_REPORTE_TB (ID_REPORTE, ID_FACTURA, DETALLE) VALUES ('REP050', 'FACT050', 'Reporte generado para factura 50');
INSERT INTO FIDE_REPORTE_TB (ID_REPORTE, ID_FACTURA, DETALLE) VALUES ('REP051', 'FACT051', 'Reporte generado para factura 51');
INSERT INTO FIDE_REPORTE_TB (ID_REPORTE, ID_FACTURA, DETALLE) VALUES ('REP052', 'FACT052', 'Reporte generado para factura 52');
INSERT INTO FIDE_REPORTE_TB (ID_REPORTE, ID_FACTURA, DETALLE) VALUES ('REP053', 'FACT053', 'Reporte generado para factura 53');
INSERT INTO FIDE_REPORTE_TB (ID_REPORTE, ID_FACTURA, DETALLE) VALUES ('REP054', 'FACT054', 'Reporte generado para factura 54');
INSERT INTO FIDE_REPORTE_TB (ID_REPORTE, ID_FACTURA, DETALLE) VALUES ('REP055', 'FACT055', 'Reporte generado para factura 55');
INSERT INTO FIDE_REPORTE_TB (ID_REPORTE, ID_FACTURA, DETALLE) VALUES ('REP056', 'FACT056', 'Reporte generado para factura 56');
INSERT INTO FIDE_REPORTE_TB (ID_REPORTE, ID_FACTURA, DETALLE) VALUES ('REP057', 'FACT057', 'Reporte generado para factura 57');
INSERT INTO FIDE_REPORTE_TB (ID_REPORTE, ID_FACTURA, DETALLE) VALUES ('REP058', 'FACT058', 'Reporte generado para factura 58');
INSERT INTO FIDE_REPORTE_TB (ID_REPORTE, ID_FACTURA, DETALLE) VALUES ('REP059', 'FACT059', 'Reporte generado para factura 59');
INSERT INTO FIDE_REPORTE_TB (ID_REPORTE, ID_FACTURA, DETALLE) VALUES ('REP060', 'FACT060', 'Reporte generado para factura 60');
INSERT INTO FIDE_REPORTE_TB (ID_REPORTE, ID_FACTURA, DETALLE) VALUES ('REP061', 'FACT061', 'Reporte generado para factura 61');
INSERT INTO FIDE_REPORTE_TB (ID_REPORTE, ID_FACTURA, DETALLE) VALUES ('REP062', 'FACT062', 'Reporte generado para factura 62');
INSERT INTO FIDE_REPORTE_TB (ID_REPORTE, ID_FACTURA, DETALLE) VALUES ('REP063', 'FACT063', 'Reporte generado para factura 63');
INSERT INTO FIDE_REPORTE_TB (ID_REPORTE, ID_FACTURA, DETALLE) VALUES ('REP064', 'FACT064', 'Reporte generado para factura 64');
INSERT INTO FIDE_REPORTE_TB (ID_REPORTE, ID_FACTURA, DETALLE) VALUES ('REP065', 'FACT065', 'Reporte generado para factura 65');
INSERT INTO FIDE_REPORTE_TB (ID_REPORTE, ID_FACTURA, DETALLE) VALUES ('REP066', 'FACT066', 'Reporte generado para factura 66');
INSERT INTO FIDE_REPORTE_TB (ID_REPORTE, ID_FACTURA, DETALLE) VALUES ('REP067', 'FACT067', 'Reporte generado para factura 67');
INSERT INTO FIDE_REPORTE_TB (ID_REPORTE, ID_FACTURA, DETALLE) VALUES ('REP068', 'FACT068', 'Reporte generado para factura 68');
INSERT INTO FIDE_REPORTE_TB (ID_REPORTE, ID_FACTURA, DETALLE) VALUES ('REP069', 'FACT069', 'Reporte generado para factura 69');
INSERT INTO FIDE_REPORTE_TB (ID_REPORTE, ID_FACTURA, DETALLE) VALUES ('REP070', 'FACT070', 'Reporte generado para factura 70');
INSERT INTO FIDE_REPORTE_TB (ID_REPORTE, ID_FACTURA, DETALLE) VALUES ('REP071', 'FACT071', 'Reporte generado para factura 71');
INSERT INTO FIDE_REPORTE_TB (ID_REPORTE, ID_FACTURA, DETALLE) VALUES ('REP072', 'FACT072', 'Reporte generado para factura 72');
INSERT INTO FIDE_REPORTE_TB (ID_REPORTE, ID_FACTURA, DETALLE) VALUES ('REP073', 'FACT073', 'Reporte generado para factura 73');
INSERT INTO FIDE_REPORTE_TB (ID_REPORTE, ID_FACTURA, DETALLE) VALUES ('REP074', 'FACT074', 'Reporte generado para factura 74');
INSERT INTO FIDE_REPORTE_TB (ID_REPORTE, ID_FACTURA, DETALLE) VALUES ('REP075', 'FACT075', 'Reporte generado para factura 75');
INSERT INTO FIDE_REPORTE_TB (ID_REPORTE, ID_FACTURA, DETALLE) VALUES ('REP076', 'FACT076', 'Reporte generado para factura 76');
INSERT INTO FIDE_REPORTE_TB (ID_REPORTE, ID_FACTURA, DETALLE) VALUES ('REP077', 'FACT077', 'Reporte generado para factura 77');
INSERT INTO FIDE_REPORTE_TB (ID_REPORTE, ID_FACTURA, DETALLE) VALUES ('REP078', 'FACT078', 'Reporte generado para factura 78');
INSERT INTO FIDE_REPORTE_TB (ID_REPORTE, ID_FACTURA, DETALLE) VALUES ('REP079', 'FACT079', 'Reporte generado para factura 79');
INSERT INTO FIDE_REPORTE_TB (ID_REPORTE, ID_FACTURA, DETALLE) VALUES ('REP080', 'FACT080', 'Reporte generado para factura 80');
INSERT INTO FIDE_REPORTE_TB (ID_REPORTE, ID_FACTURA, DETALLE) VALUES ('REP081', 'FACT081', 'Reporte generado para factura 81');
INSERT INTO FIDE_REPORTE_TB (ID_REPORTE, ID_FACTURA, DETALLE) VALUES ('REP082', 'FACT082', 'Reporte generado para factura 82');
INSERT INTO FIDE_REPORTE_TB (ID_REPORTE, ID_FACTURA, DETALLE) VALUES ('REP083', 'FACT083', 'Reporte generado para factura 83');
INSERT INTO FIDE_REPORTE_TB (ID_REPORTE, ID_FACTURA, DETALLE) VALUES ('REP084', 'FACT084', 'Reporte generado para factura 84');
INSERT INTO FIDE_REPORTE_TB (ID_REPORTE, ID_FACTURA, DETALLE) VALUES ('REP085', 'FACT085', 'Reporte generado para factura 85');
INSERT INTO FIDE_REPORTE_TB (ID_REPORTE, ID_FACTURA, DETALLE) VALUES ('REP086', 'FACT086', 'Reporte generado para factura 86');
INSERT INTO FIDE_REPORTE_TB (ID_REPORTE, ID_FACTURA, DETALLE) VALUES ('REP087', 'FACT087', 'Reporte generado para factura 87');
INSERT INTO FIDE_REPORTE_TB (ID_REPORTE, ID_FACTURA, DETALLE) VALUES ('REP088', 'FACT088', 'Reporte generado para factura 88');
INSERT INTO FIDE_REPORTE_TB (ID_REPORTE, ID_FACTURA, DETALLE) VALUES ('REP089', 'FACT089', 'Reporte generado para factura 89');
INSERT INTO FIDE_REPORTE_TB (ID_REPORTE, ID_FACTURA, DETALLE) VALUES ('REP090', 'FACT090', 'Reporte generado para factura 90');
INSERT INTO FIDE_REPORTE_TB (ID_REPORTE, ID_FACTURA, DETALLE) VALUES ('REP091', 'FACT091', 'Reporte generado para factura 91');
INSERT INTO FIDE_REPORTE_TB (ID_REPORTE, ID_FACTURA, DETALLE) VALUES ('REP092', 'FACT092', 'Reporte generado para factura 92');
INSERT INTO FIDE_REPORTE_TB (ID_REPORTE, ID_FACTURA, DETALLE) VALUES ('REP093', 'FACT093', 'Reporte generado para factura 93');
INSERT INTO FIDE_REPORTE_TB (ID_REPORTE, ID_FACTURA, DETALLE) VALUES ('REP094', 'FACT094', 'Reporte generado para factura 94');
INSERT INTO FIDE_REPORTE_TB (ID_REPORTE, ID_FACTURA, DETALLE) VALUES ('REP095', 'FACT095', 'Reporte generado para factura 95');
INSERT INTO FIDE_REPORTE_TB (ID_REPORTE, ID_FACTURA, DETALLE) VALUES ('REP096', 'FACT096', 'Reporte generado para factura 96');
INSERT INTO FIDE_REPORTE_TB (ID_REPORTE, ID_FACTURA, DETALLE) VALUES ('REP097', 'FACT097', 'Reporte generado para factura 97');
INSERT INTO FIDE_REPORTE_TB (ID_REPORTE, ID_FACTURA, DETALLE) VALUES ('REP098', 'FACT098', 'Reporte generado para factura 98');
INSERT INTO FIDE_REPORTE_TB (ID_REPORTE, ID_FACTURA, DETALLE) VALUES ('REP099', 'FACT099', 'Reporte generado para factura 99');

-- Inserciones para FIDE_TIENDA_TB
INSERT INTO FIDE_TIENDA_TB (ID_TIENDA, NOMBRE_TIENDA, UBICACION) VALUES ('TIE000', 'Tienda 0', 'Dirección 306 Calle Principal');
INSERT INTO FIDE_TIENDA_TB (ID_TIENDA, NOMBRE_TIENDA, UBICACION) VALUES ('TIE001', 'Tienda 1', 'Dirección 682 Calle Principal');
INSERT INTO FIDE_TIENDA_TB (ID_TIENDA, NOMBRE_TIENDA, UBICACION) VALUES ('TIE002', 'Tienda 2', 'Dirección 344 Calle Principal');
INSERT INTO FIDE_TIENDA_TB (ID_TIENDA, NOMBRE_TIENDA, UBICACION) VALUES ('TIE003', 'Tienda 3', 'Dirección 548 Calle Principal');
INSERT INTO FIDE_TIENDA_TB (ID_TIENDA, NOMBRE_TIENDA, UBICACION) VALUES ('TIE004', 'Tienda 4', 'Dirección 658 Calle Principal');
INSERT INTO FIDE_TIENDA_TB (ID_TIENDA, NOMBRE_TIENDA, UBICACION) VALUES ('TIE005', 'Tienda 5', 'Dirección 408 Calle Principal');
INSERT INTO FIDE_TIENDA_TB (ID_TIENDA, NOMBRE_TIENDA, UBICACION) VALUES ('TIE006', 'Tienda 6', 'Dirección 623 Calle Principal');
INSERT INTO FIDE_TIENDA_TB (ID_TIENDA, NOMBRE_TIENDA, UBICACION) VALUES ('TIE007', 'Tienda 7', 'Dirección 721 Calle Principal');
INSERT INTO FIDE_TIENDA_TB (ID_TIENDA, NOMBRE_TIENDA, UBICACION) VALUES ('TIE008', 'Tienda 8', 'Dirección 476 Calle Principal');
INSERT INTO FIDE_TIENDA_TB (ID_TIENDA, NOMBRE_TIENDA, UBICACION) VALUES ('TIE009', 'Tienda 9', 'Dirección 213 Calle Principal');
INSERT INTO FIDE_TIENDA_TB (ID_TIENDA, NOMBRE_TIENDA, UBICACION) VALUES ('TIE010', 'Tienda 10', 'Dirección 415 Calle Principal');
INSERT INTO FIDE_TIENDA_TB (ID_TIENDA, NOMBRE_TIENDA, UBICACION) VALUES ('TIE011', 'Tienda 11', 'Dirección 542 Calle Principal');
INSERT INTO FIDE_TIENDA_TB (ID_TIENDA, NOMBRE_TIENDA, UBICACION) VALUES ('TIE012', 'Tienda 12', 'Dirección 662 Calle Principal');
INSERT INTO FIDE_TIENDA_TB (ID_TIENDA, NOMBRE_TIENDA, UBICACION) VALUES ('TIE013', 'Tienda 13', 'Dirección 540 Calle Principal');
INSERT INTO FIDE_TIENDA_TB (ID_TIENDA, NOMBRE_TIENDA, UBICACION) VALUES ('TIE014', 'Tienda 14', 'Dirección 117 Calle Principal');
INSERT INTO FIDE_TIENDA_TB (ID_TIENDA, NOMBRE_TIENDA, UBICACION) VALUES ('TIE015', 'Tienda 15', 'Dirección 494 Calle Principal');
INSERT INTO FIDE_TIENDA_TB (ID_TIENDA, NOMBRE_TIENDA, UBICACION) VALUES ('TIE016', 'Tienda 16', 'Dirección 376 Calle Principal');
INSERT INTO FIDE_TIENDA_TB (ID_TIENDA, NOMBRE_TIENDA, UBICACION) VALUES ('TIE017', 'Tienda 17', 'Dirección 403 Calle Principal');
INSERT INTO FIDE_TIENDA_TB (ID_TIENDA, NOMBRE_TIENDA, UBICACION) VALUES ('TIE018', 'Tienda 18', 'Dirección 441 Calle Principal');
INSERT INTO FIDE_TIENDA_TB (ID_TIENDA, NOMBRE_TIENDA, UBICACION) VALUES ('TIE019', 'Tienda 19', 'Dirección 578 Calle Principal');
INSERT INTO FIDE_TIENDA_TB (ID_TIENDA, NOMBRE_TIENDA, UBICACION) VALUES ('TIE020', 'Tienda 20', 'Dirección 646 Calle Principal');
INSERT INTO FIDE_TIENDA_TB (ID_TIENDA, NOMBRE_TIENDA, UBICACION) VALUES ('TIE021', 'Tienda 21', 'Dirección 260 Calle Principal');
INSERT INTO FIDE_TIENDA_TB (ID_TIENDA, NOMBRE_TIENDA, UBICACION) VALUES ('TIE022', 'Tienda 22', 'Dirección 182 Calle Principal');
INSERT INTO FIDE_TIENDA_TB (ID_TIENDA, NOMBRE_TIENDA, UBICACION) VALUES ('TIE023', 'Tienda 23', 'Dirección 852 Calle Principal');
INSERT INTO FIDE_TIENDA_TB (ID_TIENDA, NOMBRE_TIENDA, UBICACION) VALUES ('TIE024', 'Tienda 24', 'Dirección 673 Calle Principal');
INSERT INTO FIDE_TIENDA_TB (ID_TIENDA, NOMBRE_TIENDA, UBICACION) VALUES ('TIE025', 'Tienda 25', 'Dirección 396 Calle Principal');
INSERT INTO FIDE_TIENDA_TB (ID_TIENDA, NOMBRE_TIENDA, UBICACION) VALUES ('TIE026', 'Tienda 26', 'Dirección 284 Calle Principal');
INSERT INTO FIDE_TIENDA_TB (ID_TIENDA, NOMBRE_TIENDA, UBICACION) VALUES ('TIE027', 'Tienda 27', 'Dirección 294 Calle Principal');
INSERT INTO FIDE_TIENDA_TB (ID_TIENDA, NOMBRE_TIENDA, UBICACION) VALUES ('TIE028', 'Tienda 28', 'Dirección 239 Calle Principal');
INSERT INTO FIDE_TIENDA_TB (ID_TIENDA, NOMBRE_TIENDA, UBICACION) VALUES ('TIE029', 'Tienda 29', 'Dirección 311 Calle Principal');
INSERT INTO FIDE_TIENDA_TB (ID_TIENDA, NOMBRE_TIENDA, UBICACION) VALUES ('TIE030', 'Tienda 30', 'Dirección 793 Calle Principal');
INSERT INTO FIDE_TIENDA_TB (ID_TIENDA, NOMBRE_TIENDA, UBICACION) VALUES ('TIE031', 'Tienda 31', 'Dirección 840 Calle Principal');
INSERT INTO FIDE_TIENDA_TB (ID_TIENDA, NOMBRE_TIENDA, UBICACION) VALUES ('TIE032', 'Tienda 32', 'Dirección 426 Calle Principal');
INSERT INTO FIDE_TIENDA_TB (ID_TIENDA, NOMBRE_TIENDA, UBICACION) VALUES ('TIE033', 'Tienda 33', 'Dirección 598 Calle Principal');
INSERT INTO FIDE_TIENDA_TB (ID_TIENDA, NOMBRE_TIENDA, UBICACION) VALUES ('TIE034', 'Tienda 34', 'Dirección 155 Calle Principal');
INSERT INTO FIDE_TIENDA_TB (ID_TIENDA, NOMBRE_TIENDA, UBICACION) VALUES ('TIE035', 'Tienda 35', 'Dirección 694 Calle Principal');
INSERT INTO FIDE_TIENDA_TB (ID_TIENDA, NOMBRE_TIENDA, UBICACION) VALUES ('TIE036', 'Tienda 36', 'Dirección 471 Calle Principal');
INSERT INTO FIDE_TIENDA_TB (ID_TIENDA, NOMBRE_TIENDA, UBICACION) VALUES ('TIE037', 'Tienda 37', 'Dirección 872 Calle Principal');
INSERT INTO FIDE_TIENDA_TB (ID_TIENDA, NOMBRE_TIENDA, UBICACION) VALUES ('TIE038', 'Tienda 38', 'Dirección 941 Calle Principal');
INSERT INTO FIDE_TIENDA_TB (ID_TIENDA, NOMBRE_TIENDA, UBICACION) VALUES ('TIE039', 'Tienda 39', 'Dirección 547 Calle Principal');
INSERT INTO FIDE_TIENDA_TB (ID_TIENDA, NOMBRE_TIENDA, UBICACION) VALUES ('TIE040', 'Tienda 40', 'Dirección 192 Calle Principal');
INSERT INTO FIDE_TIENDA_TB (ID_TIENDA, NOMBRE_TIENDA, UBICACION) VALUES ('TIE041', 'Tienda 41', 'Dirección 647 Calle Principal');
INSERT INTO FIDE_TIENDA_TB (ID_TIENDA, NOMBRE_TIENDA, UBICACION) VALUES ('TIE042', 'Tienda 42', 'Dirección 617 Calle Principal');
INSERT INTO FIDE_TIENDA_TB (ID_TIENDA, NOMBRE_TIENDA, UBICACION) VALUES ('TIE043', 'Tienda 43', 'Dirección 312 Calle Principal');
INSERT INTO FIDE_TIENDA_TB (ID_TIENDA, NOMBRE_TIENDA, UBICACION) VALUES ('TIE044', 'Tienda 44', 'Dirección 925 Calle Principal');
INSERT INTO FIDE_TIENDA_TB (ID_TIENDA, NOMBRE_TIENDA, UBICACION) VALUES ('TIE045', 'Tienda 45', 'Dirección 119 Calle Principal');
INSERT INTO FIDE_TIENDA_TB (ID_TIENDA, NOMBRE_TIENDA, UBICACION) VALUES ('TIE046', 'Tienda 46', 'Dirección 756 Calle Principal');
INSERT INTO FIDE_TIENDA_TB (ID_TIENDA, NOMBRE_TIENDA, UBICACION) VALUES ('TIE047', 'Tienda 47', 'Dirección 983 Calle Principal');
INSERT INTO FIDE_TIENDA_TB (ID_TIENDA, NOMBRE_TIENDA, UBICACION) VALUES ('TIE048', 'Tienda 48', 'Dirección 983 Calle Principal');
INSERT INTO FIDE_TIENDA_TB (ID_TIENDA, NOMBRE_TIENDA, UBICACION) VALUES ('TIE049', 'Tienda 49', 'Dirección 983 Calle Principal');
INSERT INTO FIDE_TIENDA_TB (ID_TIENDA, NOMBRE_TIENDA, UBICACION) VALUES ('TIE050', 'Tienda 50', 'Dirección 299 Calle Principal');
INSERT INTO FIDE_TIENDA_TB (ID_TIENDA, NOMBRE_TIENDA, UBICACION) VALUES ('TIE051', 'Tienda 51', 'Dirección 963 Calle Principal');
INSERT INTO FIDE_TIENDA_TB (ID_TIENDA, NOMBRE_TIENDA, UBICACION) VALUES ('TIE052', 'Tienda 52', 'Dirección 556 Calle Principal');
INSERT INTO FIDE_TIENDA_TB (ID_TIENDA, NOMBRE_TIENDA, UBICACION) VALUES ('TIE053', 'Tienda 53', 'Dirección 660 Calle Principal');
INSERT INTO FIDE_TIENDA_TB (ID_TIENDA, NOMBRE_TIENDA, UBICACION) VALUES ('TIE054', 'Tienda 54', 'Dirección 798 Calle Principal');
INSERT INTO FIDE_TIENDA_TB (ID_TIENDA, NOMBRE_TIENDA, UBICACION) VALUES ('TIE055', 'Tienda 55', 'Dirección 662 Calle Principal');
INSERT INTO FIDE_TIENDA_TB (ID_TIENDA, NOMBRE_TIENDA, UBICACION) VALUES ('TIE056', 'Tienda 56', 'Dirección 320 Calle Principal');
INSERT INTO FIDE_TIENDA_TB (ID_TIENDA, NOMBRE_TIENDA, UBICACION) VALUES ('TIE057', 'Tienda 57', 'Dirección 687 Calle Principal');
INSERT INTO FIDE_TIENDA_TB (ID_TIENDA, NOMBRE_TIENDA, UBICACION) VALUES ('TIE058', 'Tienda 58', 'Dirección 583 Calle Principal');
INSERT INTO FIDE_TIENDA_TB (ID_TIENDA, NOMBRE_TIENDA, UBICACION) VALUES ('TIE059', 'Tienda 59', 'Dirección 385 Calle Principal');
INSERT INTO FIDE_TIENDA_TB (ID_TIENDA, NOMBRE_TIENDA, UBICACION) VALUES ('TIE060', 'Tienda 60', 'Dirección 841 Calle Principal');
INSERT INTO FIDE_TIENDA_TB (ID_TIENDA, NOMBRE_TIENDA, UBICACION) VALUES ('TIE061', 'Tienda 61', 'Dirección 520 Calle Principal');
INSERT INTO FIDE_TIENDA_TB (ID_TIENDA, NOMBRE_TIENDA, UBICACION) VALUES ('TIE062', 'Tienda 62', 'Dirección 280 Calle Principal');
INSERT INTO FIDE_TIENDA_TB (ID_TIENDA, NOMBRE_TIENDA, UBICACION) VALUES ('TIE063', 'Tienda 63', 'Dirección 983 Calle Principal');
INSERT INTO FIDE_TIENDA_TB (ID_TIENDA, NOMBRE_TIENDA, UBICACION) VALUES ('TIE064', 'Tienda 64', 'Dirección 896 Calle Principal');
INSERT INTO FIDE_TIENDA_TB (ID_TIENDA, NOMBRE_TIENDA, UBICACION) VALUES ('TIE065', 'Tienda 65', 'Dirección 617 Calle Principal');
INSERT INTO FIDE_TIENDA_TB (ID_TIENDA, NOMBRE_TIENDA, UBICACION) VALUES ('TIE066', 'Tienda 66', 'Dirección 990 Calle Principal');
INSERT INTO FIDE_TIENDA_TB (ID_TIENDA, NOMBRE_TIENDA, UBICACION) VALUES ('TIE067', 'Tienda 67', 'Dirección 243 Calle Principal');
INSERT INTO FIDE_TIENDA_TB (ID_TIENDA, NOMBRE_TIENDA, UBICACION) VALUES ('TIE068', 'Tienda 68', 'Dirección 919 Calle Principal');
INSERT INTO FIDE_TIENDA_TB (ID_TIENDA, NOMBRE_TIENDA, UBICACION) VALUES ('TIE069', 'Tienda 69', 'Dirección 175 Calle Principal');
INSERT INTO FIDE_TIENDA_TB (ID_TIENDA, NOMBRE_TIENDA, UBICACION) VALUES ('TIE070', 'Tienda 70', 'Dirección 895 Calle Principal');
INSERT INTO FIDE_TIENDA_TB (ID_TIENDA, NOMBRE_TIENDA, UBICACION) VALUES ('TIE071', 'Tienda 71', 'Dirección 756 Calle Principal');
INSERT INTO FIDE_TIENDA_TB (ID_TIENDA, NOMBRE_TIENDA, UBICACION) VALUES ('TIE072', 'Tienda 72', 'Dirección 550 Calle Principal');
INSERT INTO FIDE_TIENDA_TB (ID_TIENDA, NOMBRE_TIENDA, UBICACION) VALUES ('TIE073', 'Tienda 73', 'Dirección 457 Calle Principal');
INSERT INTO FIDE_TIENDA_TB (ID_TIENDA, NOMBRE_TIENDA, UBICACION) VALUES ('TIE074', 'Tienda 74', 'Dirección 896 Calle Principal');
INSERT INTO FIDE_TIENDA_TB (ID_TIENDA, NOMBRE_TIENDA, UBICACION) VALUES ('TIE075', 'Tienda 75', 'Dirección 115 Calle Principal');
INSERT INTO FIDE_TIENDA_TB (ID_TIENDA, NOMBRE_TIENDA, UBICACION) VALUES ('TIE076', 'Tienda 76', 'Dirección 626 Calle Principal');
INSERT INTO FIDE_TIENDA_TB (ID_TIENDA, NOMBRE_TIENDA, UBICACION) VALUES ('TIE077', 'Tienda 77', 'Dirección 975 Calle Principal');
INSERT INTO FIDE_TIENDA_TB (ID_TIENDA, NOMBRE_TIENDA, UBICACION) VALUES ('TIE078', 'Tienda 78', 'Dirección 427 Calle Principal');
INSERT INTO FIDE_TIENDA_TB (ID_TIENDA, NOMBRE_TIENDA, UBICACION) VALUES ('TIE079', 'Tienda 79', 'Dirección 657 Calle Principal');
INSERT INTO FIDE_TIENDA_TB (ID_TIENDA, NOMBRE_TIENDA, UBICACION) VALUES ('TIE080', 'Tienda 80', 'Dirección 807 Calle Principal');
INSERT INTO FIDE_TIENDA_TB (ID_TIENDA, NOMBRE_TIENDA, UBICACION) VALUES ('TIE081', 'Tienda 81', 'Dirección 905 Calle Principal');
INSERT INTO FIDE_TIENDA_TB (ID_TIENDA, NOMBRE_TIENDA, UBICACION) VALUES ('TIE082', 'Tienda 82', 'Dirección 900 Calle Principal');
INSERT INTO FIDE_TIENDA_TB (ID_TIENDA, NOMBRE_TIENDA, UBICACION) VALUES ('TIE083', 'Tienda 83', 'Dirección 118 Calle Principal');
INSERT INTO FIDE_TIENDA_TB (ID_TIENDA, NOMBRE_TIENDA, UBICACION) VALUES ('TIE084', 'Tienda 84', 'Dirección 195 Calle Principal');
INSERT INTO FIDE_TIENDA_TB (ID_TIENDA, NOMBRE_TIENDA, UBICACION) VALUES ('TIE085', 'Tienda 85', 'Dirección 385 Calle Principal');
INSERT INTO FIDE_TIENDA_TB (ID_TIENDA, NOMBRE_TIENDA, UBICACION) VALUES ('TIE086', 'Tienda 86', 'Dirección 679 Calle Principal');
INSERT INTO FIDE_TIENDA_TB (ID_TIENDA, NOMBRE_TIENDA, UBICACION) VALUES ('TIE087', 'Tienda 87', 'Dirección 659 Calle Principal');
INSERT INTO FIDE_TIENDA_TB (ID_TIENDA, NOMBRE_TIENDA, UBICACION) VALUES ('TIE088', 'Tienda 88', 'Dirección 587 Calle Principal');
INSERT INTO FIDE_TIENDA_TB (ID_TIENDA, NOMBRE_TIENDA, UBICACION) VALUES ('TIE089', 'Tienda 89', 'Dirección 243 Calle Principal');
INSERT INTO FIDE_TIENDA_TB (ID_TIENDA, NOMBRE_TIENDA, UBICACION) VALUES ('TIE090', 'Tienda 90', 'Dirección 922 Calle Principal');
INSERT INTO FIDE_TIENDA_TB (ID_TIENDA, NOMBRE_TIENDA, UBICACION) VALUES ('TIE091', 'Tienda 91', 'Dirección 633 Calle Principal');
INSERT INTO FIDE_TIENDA_TB (ID_TIENDA, NOMBRE_TIENDA, UBICACION) VALUES ('TIE092', 'Tienda 92', 'Dirección 670 Calle Principal');
INSERT INTO FIDE_TIENDA_TB (ID_TIENDA, NOMBRE_TIENDA, UBICACION) VALUES ('TIE093', 'Tienda 93', 'Dirección 141 Calle Principal');
INSERT INTO FIDE_TIENDA_TB (ID_TIENDA, NOMBRE_TIENDA, UBICACION) VALUES ('TIE094', 'Tienda 94', 'Dirección 651 Calle Principal');
INSERT INTO FIDE_TIENDA_TB (ID_TIENDA, NOMBRE_TIENDA, UBICACION) VALUES ('TIE095', 'Tienda 95', 'Dirección 859 Calle Principal');
INSERT INTO FIDE_TIENDA_TB (ID_TIENDA, NOMBRE_TIENDA, UBICACION) VALUES ('TIE096', 'Tienda 96', 'Dirección 584 Calle Principal');
INSERT INTO FIDE_TIENDA_TB (ID_TIENDA, NOMBRE_TIENDA, UBICACION) VALUES ('TIE097', 'Tienda 97', 'Dirección 530 Calle Principal');
INSERT INTO FIDE_TIENDA_TB (ID_TIENDA, NOMBRE_TIENDA, UBICACION) VALUES ('TIE098', 'Tienda 98', 'Dirección 166 Calle Principal');
INSERT INTO FIDE_TIENDA_TB (ID_TIENDA, NOMBRE_TIENDA, UBICACION) VALUES ('TIE099', 'Tienda 99', 'Dirección 893 Calle Principal');

-- Inserts para FIDE_PROVINCIA_TB
INSERT INTO FIDE_PROVINCIA_TB (ID_PROVINCIA, NOMBRE) VALUES ('ID_PRO049', 'San José');
INSERT INTO FIDE_PROVINCIA_TB (ID_PROVINCIA, NOMBRE) VALUES ('ID_PRO050', 'Alajuela');
INSERT INTO FIDE_PROVINCIA_TB (ID_PROVINCIA, NOMBRE) VALUES ('ID_PRO051', 'Cartago');
INSERT INTO FIDE_PROVINCIA_TB (ID_PROVINCIA, NOMBRE) VALUES ('ID_PRO052', 'Heredia');
INSERT INTO FIDE_PROVINCIA_TB (ID_PROVINCIA, NOMBRE) VALUES ('ID_PRO053', 'Guanacaste');
INSERT INTO FIDE_PROVINCIA_TB (ID_PROVINCIA, NOMBRE) VALUES ('ID_PRO054', 'Puntarenas');
INSERT INTO FIDE_PROVINCIA_TB (ID_PROVINCIA, NOMBRE) VALUES ('ID_PRO055', 'Limón');
select * from FIDE_CANTON_TB;
-- Inserts para FIDE_CANTON_TB
-- Inserts corregidos para FIDE_CANTON_TB
INSERT INTO FIDE_CANTON_TB (ID_CANTON, ID_PROVINCIA, NOMBRE) VALUES ('CAN001', 'ID_PRO049', 'Canton 1');
INSERT INTO FIDE_CANTON_TB (ID_CANTON, ID_PROVINCIA, NOMBRE) VALUES ('CAN002', 'ID_PRO050', 'Canton 2');
INSERT INTO FIDE_CANTON_TB (ID_CANTON, ID_PROVINCIA, NOMBRE) VALUES ('CAN003', 'ID_PRO051', 'Canton 3');
INSERT INTO FIDE_CANTON_TB (ID_CANTON, ID_PROVINCIA, NOMBRE) VALUES ('CAN004', 'ID_PRO052', 'Canton 4');
INSERT INTO FIDE_CANTON_TB (ID_CANTON, ID_PROVINCIA, NOMBRE) VALUES ('CAN005', 'ID_PRO053', 'Canton 5');
INSERT INTO FIDE_CANTON_TB (ID_CANTON, ID_PROVINCIA, NOMBRE) VALUES ('CAN006', 'ID_PRO054', 'Canton 6');
INSERT INTO FIDE_CANTON_TB (ID_CANTON, ID_PROVINCIA, NOMBRE) VALUES ('CAN007', 'ID_PRO055', 'Canton 7');
INSERT INTO FIDE_CANTON_TB (ID_CANTON, ID_PROVINCIA, NOMBRE) VALUES ('CAN008', 'ID_PRO049', 'Canton 8');
INSERT INTO FIDE_CANTON_TB (ID_CANTON, ID_PROVINCIA, NOMBRE) VALUES ('CAN009', 'ID_PRO050', 'Canton 9');
INSERT INTO FIDE_CANTON_TB (ID_CANTON, ID_PROVINCIA, NOMBRE) VALUES ('CAN010', 'ID_PRO051', 'Canton 10');
INSERT INTO FIDE_CANTON_TB (ID_CANTON, ID_PROVINCIA, NOMBRE) VALUES ('CAN011', 'ID_PRO052', 'Canton 11');
INSERT INTO FIDE_CANTON_TB (ID_CANTON, ID_PROVINCIA, NOMBRE) VALUES ('CAN012', 'ID_PRO053', 'Canton 12');
INSERT INTO FIDE_CANTON_TB (ID_CANTON, ID_PROVINCIA, NOMBRE) VALUES ('CAN013', 'ID_PRO054', 'Canton 13');
INSERT INTO FIDE_CANTON_TB (ID_CANTON, ID_PROVINCIA, NOMBRE) VALUES ('CAN014', 'ID_PRO055', 'Canton 14');
INSERT INTO FIDE_CANTON_TB (ID_CANTON, ID_PROVINCIA, NOMBRE) VALUES ('CAN015', 'ID_PRO049', 'Canton 15');
INSERT INTO FIDE_CANTON_TB (ID_CANTON, ID_PROVINCIA, NOMBRE) VALUES ('CAN016', 'ID_PRO050', 'Canton 16');
INSERT INTO FIDE_CANTON_TB (ID_CANTON, ID_PROVINCIA, NOMBRE) VALUES ('CAN017', 'ID_PRO051', 'Canton 17');
INSERT INTO FIDE_CANTON_TB (ID_CANTON, ID_PROVINCIA, NOMBRE) VALUES ('CAN018', 'ID_PRO052', 'Canton 18');
INSERT INTO FIDE_CANTON_TB (ID_CANTON, ID_PROVINCIA, NOMBRE) VALUES ('CAN019', 'ID_PRO053', 'Canton 19');
INSERT INTO FIDE_CANTON_TB (ID_CANTON, ID_PROVINCIA, NOMBRE) VALUES ('CAN020', 'ID_PRO054', 'Canton 20');
INSERT INTO FIDE_CANTON_TB (ID_CANTON, ID_PROVINCIA, NOMBRE) VALUES ('CAN021', 'ID_PRO055', 'Canton 21');
INSERT INTO FIDE_CANTON_TB (ID_CANTON, ID_PROVINCIA, NOMBRE) VALUES ('CAN022', 'ID_PRO049', 'Canton 22');
INSERT INTO FIDE_CANTON_TB (ID_CANTON, ID_PROVINCIA, NOMBRE) VALUES ('CAN023', 'ID_PRO050', 'Canton 23');
INSERT INTO FIDE_CANTON_TB (ID_CANTON, ID_PROVINCIA, NOMBRE) VALUES ('CAN024', 'ID_PRO051', 'Canton 24');
INSERT INTO FIDE_CANTON_TB (ID_CANTON, ID_PROVINCIA, NOMBRE) VALUES ('CAN025', 'ID_PRO052', 'Canton 25');
INSERT INTO FIDE_CANTON_TB (ID_CANTON, ID_PROVINCIA, NOMBRE) VALUES ('CAN026', 'ID_PRO053', 'Canton 26');
INSERT INTO FIDE_CANTON_TB (ID_CANTON, ID_PROVINCIA, NOMBRE) VALUES ('CAN027', 'ID_PRO054', 'Canton 27');
INSERT INTO FIDE_CANTON_TB (ID_CANTON, ID_PROVINCIA, NOMBRE) VALUES ('CAN028', 'ID_PRO055', 'Canton 28');
INSERT INTO FIDE_CANTON_TB (ID_CANTON, ID_PROVINCIA, NOMBRE) VALUES ('CAN029', 'ID_PRO049', 'Canton 29');
INSERT INTO FIDE_CANTON_TB (ID_CANTON, ID_PROVINCIA, NOMBRE) VALUES ('CAN030', 'ID_PRO050', 'Canton 30');
INSERT INTO FIDE_CANTON_TB (ID_CANTON, ID_PROVINCIA, NOMBRE) VALUES ('CAN031', 'ID_PRO051', 'Canton 31');
INSERT INTO FIDE_CANTON_TB (ID_CANTON, ID_PROVINCIA, NOMBRE) VALUES ('CAN032', 'ID_PRO052', 'Canton 32');
INSERT INTO FIDE_CANTON_TB (ID_CANTON, ID_PROVINCIA, NOMBRE) VALUES ('CAN033', 'ID_PRO053', 'Canton 33');
INSERT INTO FIDE_CANTON_TB (ID_CANTON, ID_PROVINCIA, NOMBRE) VALUES ('CAN034', 'ID_PRO054', 'Canton 34');
INSERT INTO FIDE_CANTON_TB (ID_CANTON, ID_PROVINCIA, NOMBRE) VALUES ('CAN035', 'ID_PRO055', 'Canton 35');
INSERT INTO FIDE_CANTON_TB (ID_CANTON, ID_PROVINCIA, NOMBRE) VALUES ('CAN036', 'ID_PRO049', 'Canton 36');
INSERT INTO FIDE_CANTON_TB (ID_CANTON, ID_PROVINCIA, NOMBRE) VALUES ('CAN037', 'ID_PRO050', 'Canton 37');
INSERT INTO FIDE_CANTON_TB (ID_CANTON, ID_PROVINCIA, NOMBRE) VALUES ('CAN038', 'ID_PRO051', 'Canton 38');
INSERT INTO FIDE_CANTON_TB (ID_CANTON, ID_PROVINCIA, NOMBRE) VALUES ('CAN039', 'ID_PRO052', 'Canton 39');
INSERT INTO FIDE_CANTON_TB (ID_CANTON, ID_PROVINCIA, NOMBRE) VALUES ('CAN040', 'ID_PRO053', 'Canton 40');
INSERT INTO FIDE_CANTON_TB (ID_CANTON, ID_PROVINCIA, NOMBRE) VALUES ('CAN041', 'ID_PRO054', 'Canton 41');
INSERT INTO FIDE_CANTON_TB (ID_CANTON, ID_PROVINCIA, NOMBRE) VALUES ('CAN042', 'ID_PRO055', 'Canton 42');
INSERT INTO FIDE_CANTON_TB (ID_CANTON, ID_PROVINCIA, NOMBRE) VALUES ('CAN043', 'ID_PRO049', 'Canton 43');
INSERT INTO FIDE_CANTON_TB (ID_CANTON, ID_PROVINCIA, NOMBRE) VALUES ('CAN044', 'ID_PRO050', 'Canton 44');
INSERT INTO FIDE_CANTON_TB (ID_CANTON, ID_PROVINCIA, NOMBRE) VALUES ('CAN045', 'ID_PRO051', 'Canton 45');
INSERT INTO FIDE_CANTON_TB (ID_CANTON, ID_PROVINCIA, NOMBRE) VALUES ('CAN046', 'ID_PRO052', 'Canton 46');
INSERT INTO FIDE_CANTON_TB (ID_CANTON, ID_PROVINCIA, NOMBRE) VALUES ('CAN047', 'ID_PRO053', 'Canton 47');
INSERT INTO FIDE_CANTON_TB (ID_CANTON, ID_PROVINCIA, NOMBRE) VALUES ('CAN048', 'ID_PRO054', 'Canton 48');
INSERT INTO FIDE_CANTON_TB (ID_CANTON, ID_PROVINCIA, NOMBRE) VALUES ('CAN049', 'ID_PRO055', 'Canton 49');
INSERT INTO FIDE_CANTON_TB (ID_CANTON, ID_PROVINCIA, NOMBRE) VALUES ('CAN050', 'ID_PRO049', 'Canton 50');
INSERT INTO FIDE_CANTON_TB (ID_CANTON, ID_PROVINCIA, NOMBRE) VALUES ('CAN051', 'ID_PRO050', 'Canton 51');
INSERT INTO FIDE_CANTON_TB (ID_CANTON, ID_PROVINCIA, NOMBRE) VALUES ('CAN052', 'ID_PRO051', 'Canton 52');
INSERT INTO FIDE_CANTON_TB (ID_CANTON, ID_PROVINCIA, NOMBRE) VALUES ('CAN053', 'ID_PRO052', 'Canton 53');
INSERT INTO FIDE_CANTON_TB (ID_CANTON, ID_PROVINCIA, NOMBRE) VALUES ('CAN054', 'ID_PRO053', 'Canton 54');
INSERT INTO FIDE_CANTON_TB (ID_CANTON, ID_PROVINCIA, NOMBRE) VALUES ('CAN055', 'ID_PRO054', 'Canton 55');
INSERT INTO FIDE_CANTON_TB (ID_CANTON, ID_PROVINCIA, NOMBRE) VALUES ('CAN056', 'ID_PRO055', 'Canton 56');
INSERT INTO FIDE_CANTON_TB (ID_CANTON, ID_PROVINCIA, NOMBRE) VALUES ('CAN057', 'ID_PRO049', 'Canton 57');
INSERT INTO FIDE_CANTON_TB (ID_CANTON, ID_PROVINCIA, NOMBRE) VALUES ('CAN058', 'ID_PRO050', 'Canton 58');
INSERT INTO FIDE_CANTON_TB (ID_CANTON, ID_PROVINCIA, NOMBRE) VALUES ('CAN059', 'ID_PRO051', 'Canton 59');
INSERT INTO FIDE_CANTON_TB (ID_CANTON, ID_PROVINCIA, NOMBRE) VALUES ('CAN060', 'ID_PRO052', 'Canton 60');
INSERT INTO FIDE_CANTON_TB (ID_CANTON, ID_PROVINCIA, NOMBRE) VALUES ('CAN061', 'ID_PRO053', 'Canton 61');
INSERT INTO FIDE_CANTON_TB (ID_CANTON, ID_PROVINCIA, NOMBRE) VALUES ('CAN062', 'ID_PRO054', 'Canton 62');
INSERT INTO FIDE_CANTON_TB (ID_CANTON, ID_PROVINCIA, NOMBRE) VALUES ('CAN063', 'ID_PRO055', 'Canton 63');
INSERT INTO FIDE_CANTON_TB (ID_CANTON, ID_PROVINCIA, NOMBRE) VALUES ('CAN064', 'ID_PRO049', 'Canton 64');
INSERT INTO FIDE_CANTON_TB (ID_CANTON, ID_PROVINCIA, NOMBRE) VALUES ('CAN065', 'ID_PRO050', 'Canton 65');
INSERT INTO FIDE_CANTON_TB (ID_CANTON, ID_PROVINCIA, NOMBRE) VALUES ('CAN066', 'ID_PRO051', 'Canton 66');
INSERT INTO FIDE_CANTON_TB (ID_CANTON, ID_PROVINCIA, NOMBRE) VALUES ('CAN067', 'ID_PRO052', 'Canton 67');
INSERT INTO FIDE_CANTON_TB (ID_CANTON, ID_PROVINCIA, NOMBRE) VALUES ('CAN068', 'ID_PRO053', 'Canton 68');
INSERT INTO FIDE_CANTON_TB (ID_CANTON, ID_PROVINCIA, NOMBRE) VALUES ('CAN069', 'ID_PRO054', 'Canton 69');
INSERT INTO FIDE_CANTON_TB (ID_CANTON, ID_PROVINCIA, NOMBRE) VALUES ('CAN070', 'ID_PRO055', 'Canton 70');
INSERT INTO FIDE_CANTON_TB (ID_CANTON, ID_PROVINCIA, NOMBRE) VALUES ('CAN071', 'ID_PRO049', 'Canton 71');
INSERT INTO FIDE_CANTON_TB (ID_CANTON, ID_PROVINCIA, NOMBRE) VALUES ('CAN072', 'ID_PRO050', 'Canton 72');
INSERT INTO FIDE_CANTON_TB (ID_CANTON, ID_PROVINCIA, NOMBRE) VALUES ('CAN073', 'ID_PRO051', 'Canton 73');
INSERT INTO FIDE_CANTON_TB (ID_CANTON, ID_PROVINCIA, NOMBRE) VALUES ('CAN074', 'ID_PRO052', 'Canton 74');
INSERT INTO FIDE_CANTON_TB (ID_CANTON, ID_PROVINCIA, NOMBRE) VALUES ('CAN075', 'ID_PRO053', 'Canton 75');
INSERT INTO FIDE_CANTON_TB (ID_CANTON, ID_PROVINCIA, NOMBRE) VALUES ('CAN076', 'ID_PRO054', 'Canton 76');
INSERT INTO FIDE_CANTON_TB (ID_CANTON, ID_PROVINCIA, NOMBRE) VALUES ('CAN077', 'ID_PRO055', 'Canton 77');
INSERT INTO FIDE_CANTON_TB (ID_CANTON, ID_PROVINCIA, NOMBRE) VALUES ('CAN078', 'ID_PRO049', 'Canton 78');
INSERT INTO FIDE_CANTON_TB (ID_CANTON, ID_PROVINCIA, NOMBRE) VALUES ('CAN079', 'ID_PRO050', 'Canton 79');
INSERT INTO FIDE_CANTON_TB (ID_CANTON, ID_PROVINCIA, NOMBRE) VALUES ('CAN080', 'ID_PRO051', 'Canton 80');
INSERT INTO FIDE_CANTON_TB (ID_CANTON, ID_PROVINCIA, NOMBRE) VALUES ('CAN081', 'ID_PRO052', 'Canton 81');
INSERT INTO FIDE_CANTON_TB (ID_CANTON, ID_PROVINCIA, NOMBRE) VALUES ('CAN082', 'ID_PRO053', 'Canton 82');
INSERT INTO FIDE_CANTON_TB (ID_CANTON, ID_PROVINCIA, NOMBRE) VALUES ('CAN083', 'ID_PRO054', 'Canton 83');
INSERT INTO FIDE_CANTON_TB (ID_CANTON, ID_PROVINCIA, NOMBRE) VALUES ('CAN084', 'ID_PRO055', 'Canton 84');

-- Inserts para FIDE_DISTRITO_TB
INSERT INTO FIDE_DISTRITO_TB (ID_DISTRITO, ID_CANTON, NOMBRE) VALUES ('DIS001', 'CAN002', 'Distrito 1');
INSERT INTO FIDE_DISTRITO_TB (ID_DISTRITO, ID_CANTON, NOMBRE) VALUES ('DIS002', 'CAN003', 'Distrito 2');
INSERT INTO FIDE_DISTRITO_TB (ID_DISTRITO, ID_CANTON, NOMBRE) VALUES ('DIS003', 'CAN004', 'Distrito 3');
INSERT INTO FIDE_DISTRITO_TB (ID_DISTRITO, ID_CANTON, NOMBRE) VALUES ('DIS004', 'CAN005', 'Distrito 4');
INSERT INTO FIDE_DISTRITO_TB (ID_DISTRITO, ID_CANTON, NOMBRE) VALUES ('DIS005', 'CAN006', 'Distrito 5');
INSERT INTO FIDE_DISTRITO_TB (ID_DISTRITO, ID_CANTON, NOMBRE) VALUES ('DIS006', 'CAN007', 'Distrito 6');
INSERT INTO FIDE_DISTRITO_TB (ID_DISTRITO, ID_CANTON, NOMBRE) VALUES ('DIS007', 'CAN008', 'Distrito 7');
INSERT INTO FIDE_DISTRITO_TB (ID_DISTRITO, ID_CANTON, NOMBRE) VALUES ('DIS008', 'CAN009', 'Distrito 8');
INSERT INTO FIDE_DISTRITO_TB (ID_DISTRITO, ID_CANTON, NOMBRE) VALUES ('DIS009', 'CAN010', 'Distrito 9');
INSERT INTO FIDE_DISTRITO_TB (ID_DISTRITO, ID_CANTON, NOMBRE) VALUES ('DIS010', 'CAN011', 'Distrito 10');
INSERT INTO FIDE_DISTRITO_TB (ID_DISTRITO, ID_CANTON, NOMBRE) VALUES ('DIS011', 'CAN012', 'Distrito 11');
INSERT INTO FIDE_DISTRITO_TB (ID_DISTRITO, ID_CANTON, NOMBRE) VALUES ('DIS012', 'CAN013', 'Distrito 12');
INSERT INTO FIDE_DISTRITO_TB (ID_DISTRITO, ID_CANTON, NOMBRE) VALUES ('DIS013', 'CAN014', 'Distrito 13');
INSERT INTO FIDE_DISTRITO_TB (ID_DISTRITO, ID_CANTON, NOMBRE) VALUES ('DIS014', 'CAN015', 'Distrito 14');
INSERT INTO FIDE_DISTRITO_TB (ID_DISTRITO, ID_CANTON, NOMBRE) VALUES ('DIS015', 'CAN016', 'Distrito 15');
INSERT INTO FIDE_DISTRITO_TB (ID_DISTRITO, ID_CANTON, NOMBRE) VALUES ('DIS016', 'CAN017', 'Distrito 16');
INSERT INTO FIDE_DISTRITO_TB (ID_DISTRITO, ID_CANTON, NOMBRE) VALUES ('DIS017', 'CAN018', 'Distrito 17');
INSERT INTO FIDE_DISTRITO_TB (ID_DISTRITO, ID_CANTON, NOMBRE) VALUES ('DIS018', 'CAN019', 'Distrito 18');
INSERT INTO FIDE_DISTRITO_TB (ID_DISTRITO, ID_CANTON, NOMBRE) VALUES ('DIS019', 'CAN020', 'Distrito 19');
INSERT INTO FIDE_DISTRITO_TB (ID_DISTRITO, ID_CANTON, NOMBRE) VALUES ('DIS020', 'CAN021', 'Distrito 20');
INSERT INTO FIDE_DISTRITO_TB (ID_DISTRITO, ID_CANTON, NOMBRE) VALUES ('DIS021', 'CAN022', 'Distrito 21');
INSERT INTO FIDE_DISTRITO_TB (ID_DISTRITO, ID_CANTON, NOMBRE) VALUES ('DIS022', 'CAN023', 'Distrito 22');
INSERT INTO FIDE_DISTRITO_TB (ID_DISTRITO, ID_CANTON, NOMBRE) VALUES ('DIS023', 'CAN024', 'Distrito 23');
INSERT INTO FIDE_DISTRITO_TB (ID_DISTRITO, ID_CANTON, NOMBRE) VALUES ('DIS024', 'CAN025', 'Distrito 24');
INSERT INTO FIDE_DISTRITO_TB (ID_DISTRITO, ID_CANTON, NOMBRE) VALUES ('DIS025', 'CAN026', 'Distrito 25');
INSERT INTO FIDE_DISTRITO_TB (ID_DISTRITO, ID_CANTON, NOMBRE) VALUES ('DIS026', 'CAN027', 'Distrito 26');
INSERT INTO FIDE_DISTRITO_TB (ID_DISTRITO, ID_CANTON, NOMBRE) VALUES ('DIS027', 'CAN028', 'Distrito 27');
INSERT INTO FIDE_DISTRITO_TB (ID_DISTRITO, ID_CANTON, NOMBRE) VALUES ('DIS028', 'CAN029', 'Distrito 28');
INSERT INTO FIDE_DISTRITO_TB (ID_DISTRITO, ID_CANTON, NOMBRE) VALUES ('DIS029', 'CAN030', 'Distrito 29');
INSERT INTO FIDE_DISTRITO_TB (ID_DISTRITO, ID_CANTON, NOMBRE) VALUES ('DIS030', 'CAN031', 'Distrito 30');
INSERT INTO FIDE_DISTRITO_TB (ID_DISTRITO, ID_CANTON, NOMBRE) VALUES ('DIS031', 'CAN032', 'Distrito 31');
INSERT INTO FIDE_DISTRITO_TB (ID_DISTRITO, ID_CANTON, NOMBRE) VALUES ('DIS032', 'CAN033', 'Distrito 32');
INSERT INTO FIDE_DISTRITO_TB (ID_DISTRITO, ID_CANTON, NOMBRE) VALUES ('DIS033', 'CAN034', 'Distrito 33');
INSERT INTO FIDE_DISTRITO_TB (ID_DISTRITO, ID_CANTON, NOMBRE) VALUES ('DIS034', 'CAN035', 'Distrito 34');
INSERT INTO FIDE_DISTRITO_TB (ID_DISTRITO, ID_CANTON, NOMBRE) VALUES ('DIS035', 'CAN036', 'Distrito 35');
INSERT INTO FIDE_DISTRITO_TB (ID_DISTRITO, ID_CANTON, NOMBRE) VALUES ('DIS036', 'CAN037', 'Distrito 36');
INSERT INTO FIDE_DISTRITO_TB (ID_DISTRITO, ID_CANTON, NOMBRE) VALUES ('DIS037', 'CAN038', 'Distrito 37');
INSERT INTO FIDE_DISTRITO_TB (ID_DISTRITO, ID_CANTON, NOMBRE) VALUES ('DIS038', 'CAN039', 'Distrito 38');
INSERT INTO FIDE_DISTRITO_TB (ID_DISTRITO, ID_CANTON, NOMBRE) VALUES ('DIS039', 'CAN040', 'Distrito 39');
INSERT INTO FIDE_DISTRITO_TB (ID_DISTRITO, ID_CANTON, NOMBRE) VALUES ('DIS040', 'CAN041', 'Distrito 40');
INSERT INTO FIDE_DISTRITO_TB (ID_DISTRITO, ID_CANTON, NOMBRE) VALUES ('DIS041', 'CAN042', 'Distrito 41');
INSERT INTO FIDE_DISTRITO_TB (ID_DISTRITO, ID_CANTON, NOMBRE) VALUES ('DIS042', 'CAN043', 'Distrito 42');
INSERT INTO FIDE_DISTRITO_TB (ID_DISTRITO, ID_CANTON, NOMBRE) VALUES ('DIS043', 'CAN044', 'Distrito 43');
INSERT INTO FIDE_DISTRITO_TB (ID_DISTRITO, ID_CANTON, NOMBRE) VALUES ('DIS044', 'CAN045', 'Distrito 44');
INSERT INTO FIDE_DISTRITO_TB (ID_DISTRITO, ID_CANTON, NOMBRE) VALUES ('DIS045', 'CAN046', 'Distrito 45');
INSERT INTO FIDE_DISTRITO_TB (ID_DISTRITO, ID_CANTON, NOMBRE) VALUES ('DIS046', 'CAN047', 'Distrito 46');
INSERT INTO FIDE_DISTRITO_TB (ID_DISTRITO, ID_CANTON, NOMBRE) VALUES ('DIS047', 'CAN048', 'Distrito 47');
INSERT INTO FIDE_DISTRITO_TB (ID_DISTRITO, ID_CANTON, NOMBRE) VALUES ('DIS048', 'CAN049', 'Distrito 48');
INSERT INTO FIDE_DISTRITO_TB (ID_DISTRITO, ID_CANTON, NOMBRE) VALUES ('DIS049', 'CAN050', 'Distrito 49');
INSERT INTO FIDE_DISTRITO_TB (ID_DISTRITO, ID_CANTON, NOMBRE) VALUES ('DIS050', 'CAN051', 'Distrito 50');
INSERT INTO FIDE_DISTRITO_TB (ID_DISTRITO, ID_CANTON, NOMBRE) VALUES ('DIS051', 'CAN052', 'Distrito 51');
INSERT INTO FIDE_DISTRITO_TB (ID_DISTRITO, ID_CANTON, NOMBRE) VALUES ('DIS052', 'CAN053', 'Distrito 52');
INSERT INTO FIDE_DISTRITO_TB (ID_DISTRITO, ID_CANTON, NOMBRE) VALUES ('DIS053', 'CAN054', 'Distrito 53');
INSERT INTO FIDE_DISTRITO_TB (ID_DISTRITO, ID_CANTON, NOMBRE) VALUES ('DIS054', 'CAN055', 'Distrito 54');
INSERT INTO FIDE_DISTRITO_TB (ID_DISTRITO, ID_CANTON, NOMBRE) VALUES ('DIS055', 'CAN056', 'Distrito 55');
INSERT INTO FIDE_DISTRITO_TB (ID_DISTRITO, ID_CANTON, NOMBRE) VALUES ('DIS056', 'CAN057', 'Distrito 56');
INSERT INTO FIDE_DISTRITO_TB (ID_DISTRITO, ID_CANTON, NOMBRE) VALUES ('DIS057', 'CAN058', 'Distrito 57');
INSERT INTO FIDE_DISTRITO_TB (ID_DISTRITO, ID_CANTON, NOMBRE) VALUES ('DIS058', 'CAN059', 'Distrito 58');
INSERT INTO FIDE_DISTRITO_TB (ID_DISTRITO, ID_CANTON, NOMBRE) VALUES ('DIS059', 'CAN060', 'Distrito 59');
INSERT INTO FIDE_DISTRITO_TB (ID_DISTRITO, ID_CANTON, NOMBRE) VALUES ('DIS060', 'CAN061', 'Distrito 60');
INSERT INTO FIDE_DISTRITO_TB (ID_DISTRITO, ID_CANTON, NOMBRE) VALUES ('DIS061', 'CAN062', 'Distrito 61');
INSERT INTO FIDE_DISTRITO_TB (ID_DISTRITO, ID_CANTON, NOMBRE) VALUES ('DIS062', 'CAN063', 'Distrito 62');
INSERT INTO FIDE_DISTRITO_TB (ID_DISTRITO, ID_CANTON, NOMBRE) VALUES ('DIS063', 'CAN064', 'Distrito 63');
INSERT INTO FIDE_DISTRITO_TB (ID_DISTRITO, ID_CANTON, NOMBRE) VALUES ('DIS064', 'CAN065', 'Distrito 64');
INSERT INTO FIDE_DISTRITO_TB (ID_DISTRITO, ID_CANTON, NOMBRE) VALUES ('DIS065', 'CAN066', 'Distrito 65');
INSERT INTO FIDE_DISTRITO_TB (ID_DISTRITO, ID_CANTON, NOMBRE) VALUES ('DIS066', 'CAN067', 'Distrito 66');
INSERT INTO FIDE_DISTRITO_TB (ID_DISTRITO, ID_CANTON, NOMBRE) VALUES ('DIS067', 'CAN068', 'Distrito 67');
INSERT INTO FIDE_DISTRITO_TB (ID_DISTRITO, ID_CANTON, NOMBRE) VALUES ('DIS068', 'CAN069', 'Distrito 68');
INSERT INTO FIDE_DISTRITO_TB (ID_DISTRITO, ID_CANTON, NOMBRE) VALUES ('DIS069', 'CAN070', 'Distrito 69');
INSERT INTO FIDE_DISTRITO_TB (ID_DISTRITO, ID_CANTON, NOMBRE) VALUES ('DIS070', 'CAN071', 'Distrito 70');
INSERT INTO FIDE_DISTRITO_TB (ID_DISTRITO, ID_CANTON, NOMBRE) VALUES ('DIS071', 'CAN072', 'Distrito 71');
INSERT INTO FIDE_DISTRITO_TB (ID_DISTRITO, ID_CANTON, NOMBRE) VALUES ('DIS072', 'CAN073', 'Distrito 72');
INSERT INTO FIDE_DISTRITO_TB (ID_DISTRITO, ID_CANTON, NOMBRE) VALUES ('DIS073', 'CAN074', 'Distrito 73');
INSERT INTO FIDE_DISTRITO_TB (ID_DISTRITO, ID_CANTON, NOMBRE) VALUES ('DIS074', 'CAN075', 'Distrito 74');
INSERT INTO FIDE_DISTRITO_TB (ID_DISTRITO, ID_CANTON, NOMBRE) VALUES ('DIS075', 'CAN076', 'Distrito 75');
INSERT INTO FIDE_DISTRITO_TB (ID_DISTRITO, ID_CANTON, NOMBRE) VALUES ('DIS076', 'CAN077', 'Distrito 76');
INSERT INTO FIDE_DISTRITO_TB (ID_DISTRITO, ID_CANTON, NOMBRE) VALUES ('DIS077', 'CAN078', 'Distrito 77');
INSERT INTO FIDE_DISTRITO_TB (ID_DISTRITO, ID_CANTON, NOMBRE) VALUES ('DIS078', 'CAN079', 'Distrito 78');
INSERT INTO FIDE_DISTRITO_TB (ID_DISTRITO, ID_CANTON, NOMBRE) VALUES ('DIS079', 'CAN080', 'Distrito 79');
INSERT INTO FIDE_DISTRITO_TB (ID_DISTRITO, ID_CANTON, NOMBRE) VALUES ('DIS080', 'CAN081', 'Distrito 80');
INSERT INTO FIDE_DISTRITO_TB (ID_DISTRITO, ID_CANTON, NOMBRE) VALUES ('DIS081', 'CAN082', 'Distrito 81');
INSERT INTO FIDE_DISTRITO_TB (ID_DISTRITO, ID_CANTON, NOMBRE) VALUES ('DIS082', 'CAN083', 'Distrito 82');
INSERT INTO FIDE_DISTRITO_TB (ID_DISTRITO, ID_CANTON, NOMBRE) VALUES ('DIS083', 'CAN084', 'Distrito 83');
INSERT INTO FIDE_DISTRITO_TB (ID_DISTRITO, ID_CANTON, NOMBRE) VALUES ('DIS084', 'CAN001', 'Distrito 84');
INSERT INTO FIDE_DISTRITO_TB (ID_DISTRITO, ID_CANTON, NOMBRE) VALUES ('DIS085', 'CAN002', 'Distrito 85');
INSERT INTO FIDE_DISTRITO_TB (ID_DISTRITO, ID_CANTON, NOMBRE) VALUES ('DIS086', 'CAN003', 'Distrito 86');
INSERT INTO FIDE_DISTRITO_TB (ID_DISTRITO, ID_CANTON, NOMBRE) VALUES ('DIS087', 'CAN004', 'Distrito 87');
INSERT INTO FIDE_DISTRITO_TB (ID_DISTRITO, ID_CANTON, NOMBRE) VALUES ('DIS088', 'CAN005', 'Distrito 88');
INSERT INTO FIDE_DISTRITO_TB (ID_DISTRITO, ID_CANTON, NOMBRE) VALUES ('DIS089', 'CAN006', 'Distrito 89');
INSERT INTO FIDE_DISTRITO_TB (ID_DISTRITO, ID_CANTON, NOMBRE) VALUES ('DIS090', 'CAN007', 'Distrito 90');
INSERT INTO FIDE_DISTRITO_TB (ID_DISTRITO, ID_CANTON, NOMBRE) VALUES ('DIS091', 'CAN008', 'Distrito 91');
INSERT INTO FIDE_DISTRITO_TB (ID_DISTRITO, ID_CANTON, NOMBRE) VALUES ('DIS092', 'CAN009', 'Distrito 92');
INSERT INTO FIDE_DISTRITO_TB (ID_DISTRITO, ID_CANTON, NOMBRE) VALUES ('DIS093', 'CAN010', 'Distrito 93');
INSERT INTO FIDE_DISTRITO_TB (ID_DISTRITO, ID_CANTON, NOMBRE) VALUES ('DIS094', 'CAN011', 'Distrito 94');
INSERT INTO FIDE_DISTRITO_TB (ID_DISTRITO, ID_CANTON, NOMBRE) VALUES ('DIS095', 'CAN012', 'Distrito 95');
INSERT INTO FIDE_DISTRITO_TB (ID_DISTRITO, ID_CANTON, NOMBRE) VALUES ('DIS096', 'CAN013', 'Distrito 96');
INSERT INTO FIDE_DISTRITO_TB (ID_DISTRITO, ID_CANTON, NOMBRE) VALUES ('DIS097', 'CAN014', 'Distrito 97');
INSERT INTO FIDE_DISTRITO_TB (ID_DISTRITO, ID_CANTON, NOMBRE) VALUES ('DIS098', 'CAN015', 'Distrito 98');
INSERT INTO FIDE_DISTRITO_TB (ID_DISTRITO, ID_CANTON, NOMBRE) VALUES ('DIS099', 'CAN016', 'Distrito 99');
INSERT INTO FIDE_DISTRITO_TB (ID_DISTRITO, ID_CANTON, NOMBRE) VALUES ('DIS100', 'CAN017', 'Distrito 100');
INSERT INTO FIDE_DISTRITO_TB (ID_DISTRITO, ID_CANTON, NOMBRE) VALUES ('DIS101', 'CAN018', 'Distrito 101');
INSERT INTO FIDE_DISTRITO_TB (ID_DISTRITO, ID_CANTON, NOMBRE) VALUES ('DIS102', 'CAN019', 'Distrito 102');
INSERT INTO FIDE_DISTRITO_TB (ID_DISTRITO, ID_CANTON, NOMBRE) VALUES ('DIS103', 'CAN020', 'Distrito 103');
INSERT INTO FIDE_DISTRITO_TB (ID_DISTRITO, ID_CANTON, NOMBRE) VALUES ('DIS104', 'CAN021', 'Distrito 104');
INSERT INTO FIDE_DISTRITO_TB (ID_DISTRITO, ID_CANTON, NOMBRE) VALUES ('DIS105', 'CAN022', 'Distrito 105');
INSERT INTO FIDE_DISTRITO_TB (ID_DISTRITO, ID_CANTON, NOMBRE) VALUES ('DIS106', 'CAN023', 'Distrito 106');
INSERT INTO FIDE_DISTRITO_TB (ID_DISTRITO, ID_CANTON, NOMBRE) VALUES ('DIS107', 'CAN024', 'Distrito 107');
INSERT INTO FIDE_DISTRITO_TB (ID_DISTRITO, ID_CANTON, NOMBRE) VALUES ('DIS108', 'CAN025', 'Distrito 108');
INSERT INTO FIDE_DISTRITO_TB (ID_DISTRITO, ID_CANTON, NOMBRE) VALUES ('DIS109', 'CAN026', 'Distrito 109');
INSERT INTO FIDE_DISTRITO_TB (ID_DISTRITO, ID_CANTON, NOMBRE) VALUES ('DIS110', 'CAN027', 'Distrito 110');
INSERT INTO FIDE_DISTRITO_TB (ID_DISTRITO, ID_CANTON, NOMBRE) VALUES ('DIS111', 'CAN028', 'Distrito 111');
INSERT INTO FIDE_DISTRITO_TB (ID_DISTRITO, ID_CANTON, NOMBRE) VALUES ('DIS112', 'CAN029', 'Distrito 112');
INSERT INTO FIDE_DISTRITO_TB (ID_DISTRITO, ID_CANTON, NOMBRE) VALUES ('DIS113', 'CAN030', 'Distrito 113');
INSERT INTO FIDE_DISTRITO_TB (ID_DISTRITO, ID_CANTON, NOMBRE) VALUES ('DIS114', 'CAN031', 'Distrito 114');
INSERT INTO FIDE_DISTRITO_TB (ID_DISTRITO, ID_CANTON, NOMBRE) VALUES ('DIS115', 'CAN032', 'Distrito 115');
INSERT INTO FIDE_DISTRITO_TB (ID_DISTRITO, ID_CANTON, NOMBRE) VALUES ('DIS116', 'CAN033', 'Distrito 116');
INSERT INTO FIDE_DISTRITO_TB (ID_DISTRITO, ID_CANTON, NOMBRE) VALUES ('DIS117', 'CAN034', 'Distrito 117');
INSERT INTO FIDE_DISTRITO_TB (ID_DISTRITO, ID_CANTON, NOMBRE) VALUES ('DIS118', 'CAN035', 'Distrito 118');
INSERT INTO FIDE_DISTRITO_TB (ID_DISTRITO, ID_CANTON, NOMBRE) VALUES ('DIS119', 'CAN036', 'Distrito 119');
INSERT INTO FIDE_DISTRITO_TB (ID_DISTRITO, ID_CANTON, NOMBRE) VALUES ('DIS120', 'CAN037', 'Distrito 120');
INSERT INTO FIDE_DISTRITO_TB (ID_DISTRITO, ID_CANTON, NOMBRE) VALUES ('DIS121', 'CAN038', 'Distrito 121');
INSERT INTO FIDE_DISTRITO_TB (ID_DISTRITO, ID_CANTON, NOMBRE) VALUES ('DIS122', 'CAN039', 'Distrito 122');
INSERT INTO FIDE_DISTRITO_TB (ID_DISTRITO, ID_CANTON, NOMBRE) VALUES ('DIS123', 'CAN040', 'Distrito 123');
INSERT INTO FIDE_DISTRITO_TB (ID_DISTRITO, ID_CANTON, NOMBRE) VALUES ('DIS124', 'CAN041', 'Distrito 124');
INSERT INTO FIDE_DISTRITO_TB (ID_DISTRITO, ID_CANTON, NOMBRE) VALUES ('DIS125', 'CAN042', 'Distrito 125');
INSERT INTO FIDE_DISTRITO_TB (ID_DISTRITO, ID_CANTON, NOMBRE) VALUES ('DIS126', 'CAN043', 'Distrito 126');
INSERT INTO FIDE_DISTRITO_TB (ID_DISTRITO, ID_CANTON, NOMBRE) VALUES ('DIS127', 'CAN044', 'Distrito 127');
INSERT INTO FIDE_DISTRITO_TB (ID_DISTRITO, ID_CANTON, NOMBRE) VALUES ('DIS128', 'CAN045', 'Distrito 128');
INSERT INTO FIDE_DISTRITO_TB (ID_DISTRITO, ID_CANTON, NOMBRE) VALUES ('DIS129', 'CAN046', 'Distrito 129');
INSERT INTO FIDE_DISTRITO_TB (ID_DISTRITO, ID_CANTON, NOMBRE) VALUES ('DIS130', 'CAN047', 'Distrito 130');
INSERT INTO FIDE_DISTRITO_TB (ID_DISTRITO, ID_CANTON, NOMBRE) VALUES ('DIS131', 'CAN048', 'Distrito 131');
INSERT INTO FIDE_DISTRITO_TB (ID_DISTRITO, ID_CANTON, NOMBRE) VALUES ('DIS132', 'CAN049', 'Distrito 132');
INSERT INTO FIDE_DISTRITO_TB (ID_DISTRITO, ID_CANTON, NOMBRE) VALUES ('DIS133', 'CAN050', 'Distrito 133');
INSERT INTO FIDE_DISTRITO_TB (ID_DISTRITO, ID_CANTON, NOMBRE) VALUES ('DIS134', 'CAN051', 'Distrito 134');
INSERT INTO FIDE_DISTRITO_TB (ID_DISTRITO, ID_CANTON, NOMBRE) VALUES ('DIS135', 'CAN052', 'Distrito 135');
INSERT INTO FIDE_DISTRITO_TB (ID_DISTRITO, ID_CANTON, NOMBRE) VALUES ('DIS136', 'CAN053', 'Distrito 136');
INSERT INTO FIDE_DISTRITO_TB (ID_DISTRITO, ID_CANTON, NOMBRE) VALUES ('DIS137', 'CAN054', 'Distrito 137');
INSERT INTO FIDE_DISTRITO_TB (ID_DISTRITO, ID_CANTON, NOMBRE) VALUES ('DIS138', 'CAN055', 'Distrito 138');
INSERT INTO FIDE_DISTRITO_TB (ID_DISTRITO, ID_CANTON, NOMBRE) VALUES ('DIS139', 'CAN056', 'Distrito 139');
INSERT INTO FIDE_DISTRITO_TB (ID_DISTRITO, ID_CANTON, NOMBRE) VALUES ('DIS140', 'CAN057', 'Distrito 140');
INSERT INTO FIDE_DISTRITO_TB (ID_DISTRITO, ID_CANTON, NOMBRE) VALUES ('DIS141', 'CAN058', 'Distrito 141');
INSERT INTO FIDE_DISTRITO_TB (ID_DISTRITO, ID_CANTON, NOMBRE) VALUES ('DIS142', 'CAN059', 'Distrito 142');
INSERT INTO FIDE_DISTRITO_TB (ID_DISTRITO, ID_CANTON, NOMBRE) VALUES ('DIS143', 'CAN060', 'Distrito 143');
INSERT INTO FIDE_DISTRITO_TB (ID_DISTRITO, ID_CANTON, NOMBRE) VALUES ('DIS144', 'CAN061', 'Distrito 144');
INSERT INTO FIDE_DISTRITO_TB (ID_DISTRITO, ID_CANTON, NOMBRE) VALUES ('DIS145', 'CAN062', 'Distrito 145');
INSERT INTO FIDE_DISTRITO_TB (ID_DISTRITO, ID_CANTON, NOMBRE) VALUES ('DIS146', 'CAN063', 'Distrito 146');
INSERT INTO FIDE_DISTRITO_TB (ID_DISTRITO, ID_CANTON, NOMBRE) VALUES ('DIS147', 'CAN064', 'Distrito 147');
INSERT INTO FIDE_DISTRITO_TB (ID_DISTRITO, ID_CANTON, NOMBRE) VALUES ('DIS148', 'CAN065', 'Distrito 148');
INSERT INTO FIDE_DISTRITO_TB (ID_DISTRITO, ID_CANTON, NOMBRE) VALUES ('DIS149', 'CAN066', 'Distrito 149');
INSERT INTO FIDE_DISTRITO_TB (ID_DISTRITO, ID_CANTON, NOMBRE) VALUES ('DIS150', 'CAN067', 'Distrito 150');
INSERT INTO FIDE_DISTRITO_TB (ID_DISTRITO, ID_CANTON, NOMBRE) VALUES ('DIS151', 'CAN068', 'Distrito 151');
INSERT INTO FIDE_DISTRITO_TB (ID_DISTRITO, ID_CANTON, NOMBRE) VALUES ('DIS152', 'CAN069', 'Distrito 152');
INSERT INTO FIDE_DISTRITO_TB (ID_DISTRITO, ID_CANTON, NOMBRE) VALUES ('DIS153', 'CAN070', 'Distrito 153');
INSERT INTO FIDE_DISTRITO_TB (ID_DISTRITO, ID_CANTON, NOMBRE) VALUES ('DIS154', 'CAN071', 'Distrito 154');
INSERT INTO FIDE_DISTRITO_TB (ID_DISTRITO, ID_CANTON, NOMBRE) VALUES ('DIS155', 'CAN072', 'Distrito 155');
INSERT INTO FIDE_DISTRITO_TB (ID_DISTRITO, ID_CANTON, NOMBRE) VALUES ('DIS156', 'CAN073', 'Distrito 156');
INSERT INTO FIDE_DISTRITO_TB (ID_DISTRITO, ID_CANTON, NOMBRE) VALUES ('DIS157', 'CAN074', 'Distrito 157');
INSERT INTO FIDE_DISTRITO_TB (ID_DISTRITO, ID_CANTON, NOMBRE) VALUES ('DIS158', 'CAN075', 'Distrito 158');
INSERT INTO FIDE_DISTRITO_TB (ID_DISTRITO, ID_CANTON, NOMBRE) VALUES ('DIS159', 'CAN076', 'Distrito 159');
INSERT INTO FIDE_DISTRITO_TB (ID_DISTRITO, ID_CANTON, NOMBRE) VALUES ('DIS160', 'CAN077', 'Distrito 160');
INSERT INTO FIDE_DISTRITO_TB (ID_DISTRITO, ID_CANTON, NOMBRE) VALUES ('DIS161', 'CAN078', 'Distrito 161');
INSERT INTO FIDE_DISTRITO_TB (ID_DISTRITO, ID_CANTON, NOMBRE) VALUES ('DIS162', 'CAN079', 'Distrito 162');
INSERT INTO FIDE_DISTRITO_TB (ID_DISTRITO, ID_CANTON, NOMBRE) VALUES ('DIS163', 'CAN080', 'Distrito 163');
INSERT INTO FIDE_DISTRITO_TB (ID_DISTRITO, ID_CANTON, NOMBRE) VALUES ('DIS164', 'CAN081', 'Distrito 164');
INSERT INTO FIDE_DISTRITO_TB (ID_DISTRITO, ID_CANTON, NOMBRE) VALUES ('DIS165', 'CAN082', 'Distrito 165');
INSERT INTO FIDE_DISTRITO_TB (ID_DISTRITO, ID_CANTON, NOMBRE) VALUES ('DIS166', 'CAN083', 'Distrito 166');
INSERT INTO FIDE_DISTRITO_TB (ID_DISTRITO, ID_CANTON, NOMBRE) VALUES ('DIS167', 'CAN084', 'Distrito 167');
INSERT INTO FIDE_DISTRITO_TB (ID_DISTRITO, ID_CANTON, NOMBRE) VALUES ('DIS168', 'CAN001', 'Distrito 168');
INSERT INTO FIDE_DISTRITO_TB (ID_DISTRITO, ID_CANTON, NOMBRE) VALUES ('DIS169', 'CAN002', 'Distrito 169');
INSERT INTO FIDE_DISTRITO_TB (ID_DISTRITO, ID_CANTON, NOMBRE) VALUES ('DIS170', 'CAN003', 'Distrito 170');
INSERT INTO FIDE_DISTRITO_TB (ID_DISTRITO, ID_CANTON, NOMBRE) VALUES ('DIS171', 'CAN004', 'Distrito 171');
INSERT INTO FIDE_DISTRITO_TB (ID_DISTRITO, ID_CANTON, NOMBRE) VALUES ('DIS172', 'CAN005', 'Distrito 172');
INSERT INTO FIDE_DISTRITO_TB (ID_DISTRITO, ID_CANTON, NOMBRE) VALUES ('DIS173', 'CAN006', 'Distrito 173');
INSERT INTO FIDE_DISTRITO_TB (ID_DISTRITO, ID_CANTON, NOMBRE) VALUES ('DIS174', 'CAN007', 'Distrito 174');
INSERT INTO FIDE_DISTRITO_TB (ID_DISTRITO, ID_CANTON, NOMBRE) VALUES ('DIS175', 'CAN008', 'Distrito 175');
INSERT INTO FIDE_DISTRITO_TB (ID_DISTRITO, ID_CANTON, NOMBRE) VALUES ('DIS176', 'CAN009', 'Distrito 176');
INSERT INTO FIDE_DISTRITO_TB (ID_DISTRITO, ID_CANTON, NOMBRE) VALUES ('DIS177', 'CAN010', 'Distrito 177');
INSERT INTO FIDE_DISTRITO_TB (ID_DISTRITO, ID_CANTON, NOMBRE) VALUES ('DIS178', 'CAN011', 'Distrito 178');
INSERT INTO FIDE_DISTRITO_TB (ID_DISTRITO, ID_CANTON, NOMBRE) VALUES ('DIS179', 'CAN012', 'Distrito 179');
INSERT INTO FIDE_DISTRITO_TB (ID_DISTRITO, ID_CANTON, NOMBRE) VALUES ('DIS180', 'CAN013', 'Distrito 180');
INSERT INTO FIDE_DISTRITO_TB (ID_DISTRITO, ID_CANTON, NOMBRE) VALUES ('DIS181', 'CAN014', 'Distrito 181');
INSERT INTO FIDE_DISTRITO_TB (ID_DISTRITO, ID_CANTON, NOMBRE) VALUES ('DIS182', 'CAN015', 'Distrito 182');
INSERT INTO FIDE_DISTRITO_TB (ID_DISTRITO, ID_CANTON, NOMBRE) VALUES ('DIS183', 'CAN016', 'Distrito 183');
INSERT INTO FIDE_DISTRITO_TB (ID_DISTRITO, ID_CANTON, NOMBRE) VALUES ('DIS184', 'CAN017', 'Distrito 184');
INSERT INTO FIDE_DISTRITO_TB (ID_DISTRITO, ID_CANTON, NOMBRE) VALUES ('DIS185', 'CAN018', 'Distrito 185');
INSERT INTO FIDE_DISTRITO_TB (ID_DISTRITO, ID_CANTON, NOMBRE) VALUES ('DIS186', 'CAN019', 'Distrito 186');
INSERT INTO FIDE_DISTRITO_TB (ID_DISTRITO, ID_CANTON, NOMBRE) VALUES ('DIS187', 'CAN020', 'Distrito 187');
INSERT INTO FIDE_DISTRITO_TB (ID_DISTRITO, ID_CANTON, NOMBRE) VALUES ('DIS188', 'CAN021', 'Distrito 188');
INSERT INTO FIDE_DISTRITO_TB (ID_DISTRITO, ID_CANTON, NOMBRE) VALUES ('DIS189', 'CAN022', 'Distrito 189');
INSERT INTO FIDE_DISTRITO_TB (ID_DISTRITO, ID_CANTON, NOMBRE) VALUES ('DIS190', 'CAN023', 'Distrito 190');
INSERT INTO FIDE_DISTRITO_TB (ID_DISTRITO, ID_CANTON, NOMBRE) VALUES ('DIS191', 'CAN024', 'Distrito 191');
INSERT INTO FIDE_DISTRITO_TB (ID_DISTRITO, ID_CANTON, NOMBRE) VALUES ('DIS192', 'CAN025', 'Distrito 192');
INSERT INTO FIDE_DISTRITO_TB (ID_DISTRITO, ID_CANTON, NOMBRE) VALUES ('DIS193', 'CAN026', 'Distrito 193');
INSERT INTO FIDE_DISTRITO_TB (ID_DISTRITO, ID_CANTON, NOMBRE) VALUES ('DIS194', 'CAN027', 'Distrito 194');
INSERT INTO FIDE_DISTRITO_TB (ID_DISTRITO, ID_CANTON, NOMBRE) VALUES ('DIS195', 'CAN028', 'Distrito 195');
INSERT INTO FIDE_DISTRITO_TB (ID_DISTRITO, ID_CANTON, NOMBRE) VALUES ('DIS196', 'CAN029', 'Distrito 196');
INSERT INTO FIDE_DISTRITO_TB (ID_DISTRITO, ID_CANTON, NOMBRE) VALUES ('DIS197', 'CAN030', 'Distrito 197');
INSERT INTO FIDE_DISTRITO_TB (ID_DISTRITO, ID_CANTON, NOMBRE) VALUES ('DIS198', 'CAN031', 'Distrito 198');
INSERT INTO FIDE_DISTRITO_TB (ID_DISTRITO, ID_CANTON, NOMBRE) VALUES ('DIS199', 'CAN032', 'Distrito 199');
INSERT INTO FIDE_DISTRITO_TB (ID_DISTRITO, ID_CANTON, NOMBRE) VALUES ('DIS200', 'CAN033', 'Distrito 200');
INSERT INTO FIDE_DISTRITO_TB (ID_DISTRITO, ID_CANTON, NOMBRE) VALUES ('DIS201', 'CAN034', 'Distrito 201');
INSERT INTO FIDE_DISTRITO_TB (ID_DISTRITO, ID_CANTON, NOMBRE) VALUES ('DIS202', 'CAN035', 'Distrito 202');
INSERT INTO FIDE_DISTRITO_TB (ID_DISTRITO, ID_CANTON, NOMBRE) VALUES ('DIS203', 'CAN036', 'Distrito 203');
INSERT INTO FIDE_DISTRITO_TB (ID_DISTRITO, ID_CANTON, NOMBRE) VALUES ('DIS204', 'CAN037', 'Distrito 204');
INSERT INTO FIDE_DISTRITO_TB (ID_DISTRITO, ID_CANTON, NOMBRE) VALUES ('DIS205', 'CAN038', 'Distrito 205');
INSERT INTO FIDE_DISTRITO_TB (ID_DISTRITO, ID_CANTON, NOMBRE) VALUES ('DIS206', 'CAN039', 'Distrito 206');
INSERT INTO FIDE_DISTRITO_TB (ID_DISTRITO, ID_CANTON, NOMBRE) VALUES ('DIS207', 'CAN040', 'Distrito 207');
INSERT INTO FIDE_DISTRITO_TB (ID_DISTRITO, ID_CANTON, NOMBRE) VALUES ('DIS208', 'CAN041', 'Distrito 208');
INSERT INTO FIDE_DISTRITO_TB (ID_DISTRITO, ID_CANTON, NOMBRE) VALUES ('DIS209', 'CAN042', 'Distrito 209');
INSERT INTO FIDE_DISTRITO_TB (ID_DISTRITO, ID_CANTON, NOMBRE) VALUES ('DIS210', 'CAN043', 'Distrito 210');
INSERT INTO FIDE_DISTRITO_TB (ID_DISTRITO, ID_CANTON, NOMBRE) VALUES ('DIS211', 'CAN044', 'Distrito 211');
INSERT INTO FIDE_DISTRITO_TB (ID_DISTRITO, ID_CANTON, NOMBRE) VALUES ('DIS212', 'CAN045', 'Distrito 212');
INSERT INTO FIDE_DISTRITO_TB (ID_DISTRITO, ID_CANTON, NOMBRE) VALUES ('DIS213', 'CAN046', 'Distrito 213');
INSERT INTO FIDE_DISTRITO_TB (ID_DISTRITO, ID_CANTON, NOMBRE) VALUES ('DIS214', 'CAN047', 'Distrito 214');
INSERT INTO FIDE_DISTRITO_TB (ID_DISTRITO, ID_CANTON, NOMBRE) VALUES ('DIS215', 'CAN048', 'Distrito 215');
INSERT INTO FIDE_DISTRITO_TB (ID_DISTRITO, ID_CANTON, NOMBRE) VALUES ('DIS216', 'CAN049', 'Distrito 216');
INSERT INTO FIDE_DISTRITO_TB (ID_DISTRITO, ID_CANTON, NOMBRE) VALUES ('DIS217', 'CAN050', 'Distrito 217');
INSERT INTO FIDE_DISTRITO_TB (ID_DISTRITO, ID_CANTON, NOMBRE) VALUES ('DIS218', 'CAN051', 'Distrito 218');
INSERT INTO FIDE_DISTRITO_TB (ID_DISTRITO, ID_CANTON, NOMBRE) VALUES ('DIS219', 'CAN052', 'Distrito 219');
INSERT INTO FIDE_DISTRITO_TB (ID_DISTRITO, ID_CANTON, NOMBRE) VALUES ('DIS220', 'CAN053', 'Distrito 220');
INSERT INTO FIDE_DISTRITO_TB (ID_DISTRITO, ID_CANTON, NOMBRE) VALUES ('DIS221', 'CAN054', 'Distrito 221');
INSERT INTO FIDE_DISTRITO_TB (ID_DISTRITO, ID_CANTON, NOMBRE) VALUES ('DIS222', 'CAN055', 'Distrito 222');
INSERT INTO FIDE_DISTRITO_TB (ID_DISTRITO, ID_CANTON, NOMBRE) VALUES ('DIS223', 'CAN056', 'Distrito 223');
INSERT INTO FIDE_DISTRITO_TB (ID_DISTRITO, ID_CANTON, NOMBRE) VALUES ('DIS224', 'CAN057', 'Distrito 224');
INSERT INTO FIDE_DISTRITO_TB (ID_DISTRITO, ID_CANTON, NOMBRE) VALUES ('DIS225', 'CAN058', 'Distrito 225');
INSERT INTO FIDE_DISTRITO_TB (ID_DISTRITO, ID_CANTON, NOMBRE) VALUES ('DIS226', 'CAN059', 'Distrito 226');
INSERT INTO FIDE_DISTRITO_TB (ID_DISTRITO, ID_CANTON, NOMBRE) VALUES ('DIS227', 'CAN060', 'Distrito 227');
INSERT INTO FIDE_DISTRITO_TB (ID_DISTRITO, ID_CANTON, NOMBRE) VALUES ('DIS228', 'CAN061', 'Distrito 228');
INSERT INTO FIDE_DISTRITO_TB (ID_DISTRITO, ID_CANTON, NOMBRE) VALUES ('DIS229', 'CAN062', 'Distrito 229');
INSERT INTO FIDE_DISTRITO_TB (ID_DISTRITO, ID_CANTON, NOMBRE) VALUES ('DIS230', 'CAN063', 'Distrito 230');
INSERT INTO FIDE_DISTRITO_TB (ID_DISTRITO, ID_CANTON, NOMBRE) VALUES ('DIS231', 'CAN064', 'Distrito 231');
INSERT INTO FIDE_DISTRITO_TB (ID_DISTRITO, ID_CANTON, NOMBRE) VALUES ('DIS232', 'CAN065', 'Distrito 232');
INSERT INTO FIDE_DISTRITO_TB (ID_DISTRITO, ID_CANTON, NOMBRE) VALUES ('DIS233', 'CAN066', 'Distrito 233');
INSERT INTO FIDE_DISTRITO_TB (ID_DISTRITO, ID_CANTON, NOMBRE) VALUES ('DIS234', 'CAN067', 'Distrito 234');
INSERT INTO FIDE_DISTRITO_TB (ID_DISTRITO, ID_CANTON, NOMBRE) VALUES ('DIS235', 'CAN068', 'Distrito 235');
INSERT INTO FIDE_DISTRITO_TB (ID_DISTRITO, ID_CANTON, NOMBRE) VALUES ('DIS236', 'CAN069', 'Distrito 236');
INSERT INTO FIDE_DISTRITO_TB (ID_DISTRITO, ID_CANTON, NOMBRE) VALUES ('DIS237', 'CAN070', 'Distrito 237');
INSERT INTO FIDE_DISTRITO_TB (ID_DISTRITO, ID_CANTON, NOMBRE) VALUES ('DIS238', 'CAN071', 'Distrito 238');
INSERT INTO FIDE_DISTRITO_TB (ID_DISTRITO, ID_CANTON, NOMBRE) VALUES ('DIS239', 'CAN072', 'Distrito 239');
INSERT INTO FIDE_DISTRITO_TB (ID_DISTRITO, ID_CANTON, NOMBRE) VALUES ('DIS240', 'CAN073', 'Distrito 240');
INSERT INTO FIDE_DISTRITO_TB (ID_DISTRITO, ID_CANTON, NOMBRE) VALUES ('DIS241', 'CAN074', 'Distrito 241');
INSERT INTO FIDE_DISTRITO_TB (ID_DISTRITO, ID_CANTON, NOMBRE) VALUES ('DIS242', 'CAN075', 'Distrito 242');
INSERT INTO FIDE_DISTRITO_TB (ID_DISTRITO, ID_CANTON, NOMBRE) VALUES ('DIS243', 'CAN076', 'Distrito 243');
INSERT INTO FIDE_DISTRITO_TB (ID_DISTRITO, ID_CANTON, NOMBRE) VALUES ('DIS244', 'CAN077', 'Distrito 244');
INSERT INTO FIDE_DISTRITO_TB (ID_DISTRITO, ID_CANTON, NOMBRE) VALUES ('DIS245', 'CAN078', 'Distrito 245');
INSERT INTO FIDE_DISTRITO_TB (ID_DISTRITO, ID_CANTON, NOMBRE) VALUES ('DIS246', 'CAN079', 'Distrito 246');
INSERT INTO FIDE_DISTRITO_TB (ID_DISTRITO, ID_CANTON, NOMBRE) VALUES ('DIS247', 'CAN080', 'Distrito 247');
INSERT INTO FIDE_DISTRITO_TB (ID_DISTRITO, ID_CANTON, NOMBRE) VALUES ('DIS248', 'CAN081', 'Distrito 248');
INSERT INTO FIDE_DISTRITO_TB (ID_DISTRITO, ID_CANTON, NOMBRE) VALUES ('DIS249', 'CAN082', 'Distrito 249');
INSERT INTO FIDE_DISTRITO_TB (ID_DISTRITO, ID_CANTON, NOMBRE) VALUES ('DIS250', 'CAN083', 'Distrito 250');
INSERT INTO FIDE_DISTRITO_TB (ID_DISTRITO, ID_CANTON, NOMBRE) VALUES ('DIS251', 'CAN084', 'Distrito 251');
INSERT INTO FIDE_DISTRITO_TB (ID_DISTRITO, ID_CANTON, NOMBRE) VALUES ('DIS252', 'CAN001', 'Distrito 252');
INSERT INTO FIDE_DISTRITO_TB (ID_DISTRITO, ID_CANTON, NOMBRE) VALUES ('DIS253', 'CAN002', 'Distrito 253');
INSERT INTO FIDE_DISTRITO_TB (ID_DISTRITO, ID_CANTON, NOMBRE) VALUES ('DIS254', 'CAN003', 'Distrito 254');
INSERT INTO FIDE_DISTRITO_TB (ID_DISTRITO, ID_CANTON, NOMBRE) VALUES ('DIS255', 'CAN004', 'Distrito 255');
INSERT INTO FIDE_DISTRITO_TB (ID_DISTRITO, ID_CANTON, NOMBRE) VALUES ('DIS256', 'CAN005', 'Distrito 256');
INSERT INTO FIDE_DISTRITO_TB (ID_DISTRITO, ID_CANTON, NOMBRE) VALUES ('DIS257', 'CAN006', 'Distrito 257');
INSERT INTO FIDE_DISTRITO_TB (ID_DISTRITO, ID_CANTON, NOMBRE) VALUES ('DIS258', 'CAN007', 'Distrito 258');
INSERT INTO FIDE_DISTRITO_TB (ID_DISTRITO, ID_CANTON, NOMBRE) VALUES ('DIS259', 'CAN008', 'Distrito 259');
INSERT INTO FIDE_DISTRITO_TB (ID_DISTRITO, ID_CANTON, NOMBRE) VALUES ('DIS260', 'CAN009', 'Distrito 260');
INSERT INTO FIDE_DISTRITO_TB (ID_DISTRITO, ID_CANTON, NOMBRE) VALUES ('DIS261', 'CAN010', 'Distrito 261');
INSERT INTO FIDE_DISTRITO_TB (ID_DISTRITO, ID_CANTON, NOMBRE) VALUES ('DIS262', 'CAN011', 'Distrito 262');
INSERT INTO FIDE_DISTRITO_TB (ID_DISTRITO, ID_CANTON, NOMBRE) VALUES ('DIS263', 'CAN012', 'Distrito 263');
INSERT INTO FIDE_DISTRITO_TB (ID_DISTRITO, ID_CANTON, NOMBRE) VALUES ('DIS264', 'CAN013', 'Distrito 264');
INSERT INTO FIDE_DISTRITO_TB (ID_DISTRITO, ID_CANTON, NOMBRE) VALUES ('DIS265', 'CAN014', 'Distrito 265');
INSERT INTO FIDE_DISTRITO_TB (ID_DISTRITO, ID_CANTON, NOMBRE) VALUES ('DIS266', 'CAN015', 'Distrito 266');
INSERT INTO FIDE_DISTRITO_TB (ID_DISTRITO, ID_CANTON, NOMBRE) VALUES ('DIS267', 'CAN016', 'Distrito 267');
INSERT INTO FIDE_DISTRITO_TB (ID_DISTRITO, ID_CANTON, NOMBRE) VALUES ('DIS268', 'CAN017', 'Distrito 268');
INSERT INTO FIDE_DISTRITO_TB (ID_DISTRITO, ID_CANTON, NOMBRE) VALUES ('DIS269', 'CAN018', 'Distrito 269');
INSERT INTO FIDE_DISTRITO_TB (ID_DISTRITO, ID_CANTON, NOMBRE) VALUES ('DIS270', 'CAN019', 'Distrito 270');
INSERT INTO FIDE_DISTRITO_TB (ID_DISTRITO, ID_CANTON, NOMBRE) VALUES ('DIS271', 'CAN020', 'Distrito 271');
INSERT INTO FIDE_DISTRITO_TB (ID_DISTRITO, ID_CANTON, NOMBRE) VALUES ('DIS272', 'CAN021', 'Distrito 272');
INSERT INTO FIDE_DISTRITO_TB (ID_DISTRITO, ID_CANTON, NOMBRE) VALUES ('DIS273', 'CAN022', 'Distrito 273');
INSERT INTO FIDE_DISTRITO_TB (ID_DISTRITO, ID_CANTON, NOMBRE) VALUES ('DIS274', 'CAN023', 'Distrito 274');
INSERT INTO FIDE_DISTRITO_TB (ID_DISTRITO, ID_CANTON, NOMBRE) VALUES ('DIS275', 'CAN024', 'Distrito 275');
INSERT INTO FIDE_DISTRITO_TB (ID_DISTRITO, ID_CANTON, NOMBRE) VALUES ('DIS276', 'CAN025', 'Distrito 276');
INSERT INTO FIDE_DISTRITO_TB (ID_DISTRITO, ID_CANTON, NOMBRE) VALUES ('DIS277', 'CAN026', 'Distrito 277');
INSERT INTO FIDE_DISTRITO_TB (ID_DISTRITO, ID_CANTON, NOMBRE) VALUES ('DIS278', 'CAN027', 'Distrito 278');
INSERT INTO FIDE_DISTRITO_TB (ID_DISTRITO, ID_CANTON, NOMBRE) VALUES ('DIS279', 'CAN028', 'Distrito 279');
INSERT INTO FIDE_DISTRITO_TB (ID_DISTRITO, ID_CANTON, NOMBRE) VALUES ('DIS280', 'CAN029', 'Distrito 280');
INSERT INTO FIDE_DISTRITO_TB (ID_DISTRITO, ID_CANTON, NOMBRE) VALUES ('DIS281', 'CAN030', 'Distrito 281');
INSERT INTO FIDE_DISTRITO_TB (ID_DISTRITO, ID_CANTON, NOMBRE) VALUES ('DIS282', 'CAN031', 'Distrito 282');
INSERT INTO FIDE_DISTRITO_TB (ID_DISTRITO, ID_CANTON, NOMBRE) VALUES ('DIS283', 'CAN032', 'Distrito 283');
INSERT INTO FIDE_DISTRITO_TB (ID_DISTRITO, ID_CANTON, NOMBRE) VALUES ('DIS284', 'CAN033', 'Distrito 284');
INSERT INTO FIDE_DISTRITO_TB (ID_DISTRITO, ID_CANTON, NOMBRE) VALUES ('DIS285', 'CAN034', 'Distrito 285');
INSERT INTO FIDE_DISTRITO_TB (ID_DISTRITO, ID_CANTON, NOMBRE) VALUES ('DIS286', 'CAN035', 'Distrito 286');
INSERT INTO FIDE_DISTRITO_TB (ID_DISTRITO, ID_CANTON, NOMBRE) VALUES ('DIS287', 'CAN036', 'Distrito 287');
INSERT INTO FIDE_DISTRITO_TB (ID_DISTRITO, ID_CANTON, NOMBRE) VALUES ('DIS288', 'CAN037', 'Distrito 288');
INSERT INTO FIDE_DISTRITO_TB (ID_DISTRITO, ID_CANTON, NOMBRE) VALUES ('DIS289', 'CAN038', 'Distrito 289');
INSERT INTO FIDE_DISTRITO_TB (ID_DISTRITO, ID_CANTON, NOMBRE) VALUES ('DIS290', 'CAN039', 'Distrito 290');
INSERT INTO FIDE_DISTRITO_TB (ID_DISTRITO, ID_CANTON, NOMBRE) VALUES ('DIS291', 'CAN040', 'Distrito 291');
INSERT INTO FIDE_DISTRITO_TB (ID_DISTRITO, ID_CANTON, NOMBRE) VALUES ('DIS292', 'CAN041', 'Distrito 292');
INSERT INTO FIDE_DISTRITO_TB (ID_DISTRITO, ID_CANTON, NOMBRE) VALUES ('DIS293', 'CAN042', 'Distrito 293');
INSERT INTO FIDE_DISTRITO_TB (ID_DISTRITO, ID_CANTON, NOMBRE) VALUES ('DIS294', 'CAN043', 'Distrito 294');
INSERT INTO FIDE_DISTRITO_TB (ID_DISTRITO, ID_CANTON, NOMBRE) VALUES ('DIS295', 'CAN044', 'Distrito 295');
INSERT INTO FIDE_DISTRITO_TB (ID_DISTRITO, ID_CANTON, NOMBRE) VALUES ('DIS296', 'CAN045', 'Distrito 296');
INSERT INTO FIDE_DISTRITO_TB (ID_DISTRITO, ID_CANTON, NOMBRE) VALUES ('DIS297', 'CAN046', 'Distrito 297');
INSERT INTO FIDE_DISTRITO_TB (ID_DISTRITO, ID_CANTON, NOMBRE) VALUES ('DIS298', 'CAN047', 'Distrito 298');
INSERT INTO FIDE_DISTRITO_TB (ID_DISTRITO, ID_CANTON, NOMBRE) VALUES ('DIS299', 'CAN048', 'Distrito 299');
INSERT INTO FIDE_DISTRITO_TB (ID_DISTRITO, ID_CANTON, NOMBRE) VALUES ('DIS300', 'CAN049', 'Distrito 300');
INSERT INTO FIDE_DISTRITO_TB (ID_DISTRITO, ID_CANTON, NOMBRE) VALUES ('DIS301', 'CAN050', 'Distrito 301');
INSERT INTO FIDE_DISTRITO_TB (ID_DISTRITO, ID_CANTON, NOMBRE) VALUES ('DIS302', 'CAN051', 'Distrito 302');
INSERT INTO FIDE_DISTRITO_TB (ID_DISTRITO, ID_CANTON, NOMBRE) VALUES ('DIS303', 'CAN052', 'Distrito 303');
INSERT INTO FIDE_DISTRITO_TB (ID_DISTRITO, ID_CANTON, NOMBRE) VALUES ('DIS304', 'CAN053', 'Distrito 304');
INSERT INTO FIDE_DISTRITO_TB (ID_DISTRITO, ID_CANTON, NOMBRE) VALUES ('DIS305', 'CAN054', 'Distrito 305');
INSERT INTO FIDE_DISTRITO_TB (ID_DISTRITO, ID_CANTON, NOMBRE) VALUES ('DIS306', 'CAN055', 'Distrito 306');
INSERT INTO FIDE_DISTRITO_TB (ID_DISTRITO, ID_CANTON, NOMBRE) VALUES ('DIS307', 'CAN056', 'Distrito 307');
INSERT INTO FIDE_DISTRITO_TB (ID_DISTRITO, ID_CANTON, NOMBRE) VALUES ('DIS308', 'CAN057', 'Distrito 308');
INSERT INTO FIDE_DISTRITO_TB (ID_DISTRITO, ID_CANTON, NOMBRE) VALUES ('DIS309', 'CAN058', 'Distrito 309');
INSERT INTO FIDE_DISTRITO_TB (ID_DISTRITO, ID_CANTON, NOMBRE) VALUES ('DIS310', 'CAN059', 'Distrito 310');
INSERT INTO FIDE_DISTRITO_TB (ID_DISTRITO, ID_CANTON, NOMBRE) VALUES ('DIS311', 'CAN060', 'Distrito 311');
INSERT INTO FIDE_DISTRITO_TB (ID_DISTRITO, ID_CANTON, NOMBRE) VALUES ('DIS312', 'CAN061', 'Distrito 312');
INSERT INTO FIDE_DISTRITO_TB (ID_DISTRITO, ID_CANTON, NOMBRE) VALUES ('DIS313', 'CAN062', 'Distrito 313');
INSERT INTO FIDE_DISTRITO_TB (ID_DISTRITO, ID_CANTON, NOMBRE) VALUES ('DIS314', 'CAN063', 'Distrito 314');
INSERT INTO FIDE_DISTRITO_TB (ID_DISTRITO, ID_CANTON, NOMBRE) VALUES ('DIS315', 'CAN064', 'Distrito 315');
INSERT INTO FIDE_DISTRITO_TB (ID_DISTRITO, ID_CANTON, NOMBRE) VALUES ('DIS316', 'CAN065', 'Distrito 316');
INSERT INTO FIDE_DISTRITO_TB (ID_DISTRITO, ID_CANTON, NOMBRE) VALUES ('DIS317', 'CAN066', 'Distrito 317');
INSERT INTO FIDE_DISTRITO_TB (ID_DISTRITO, ID_CANTON, NOMBRE) VALUES ('DIS318', 'CAN067', 'Distrito 318');
INSERT INTO FIDE_DISTRITO_TB (ID_DISTRITO, ID_CANTON, NOMBRE) VALUES ('DIS319', 'CAN068', 'Distrito 319');
INSERT INTO FIDE_DISTRITO_TB (ID_DISTRITO, ID_CANTON, NOMBRE) VALUES ('DIS320', 'CAN069', 'Distrito 320');
INSERT INTO FIDE_DISTRITO_TB (ID_DISTRITO, ID_CANTON, NOMBRE) VALUES ('DIS321', 'CAN070', 'Distrito 321');
INSERT INTO FIDE_DISTRITO_TB (ID_DISTRITO, ID_CANTON, NOMBRE) VALUES ('DIS322', 'CAN071', 'Distrito 322');
INSERT INTO FIDE_DISTRITO_TB (ID_DISTRITO, ID_CANTON, NOMBRE) VALUES ('DIS323', 'CAN072', 'Distrito 323');
INSERT INTO FIDE_DISTRITO_TB (ID_DISTRITO, ID_CANTON, NOMBRE) VALUES ('DIS324', 'CAN073', 'Distrito 324');
INSERT INTO FIDE_DISTRITO_TB (ID_DISTRITO, ID_CANTON, NOMBRE) VALUES ('DIS325', 'CAN074', 'Distrito 325');
INSERT INTO FIDE_DISTRITO_TB (ID_DISTRITO, ID_CANTON, NOMBRE) VALUES ('DIS326', 'CAN075', 'Distrito 326');
INSERT INTO FIDE_DISTRITO_TB (ID_DISTRITO, ID_CANTON, NOMBRE) VALUES ('DIS327', 'CAN076', 'Distrito 327');
INSERT INTO FIDE_DISTRITO_TB (ID_DISTRITO, ID_CANTON, NOMBRE) VALUES ('DIS328', 'CAN077', 'Distrito 328');
INSERT INTO FIDE_DISTRITO_TB (ID_DISTRITO, ID_CANTON, NOMBRE) VALUES ('DIS329', 'CAN078', 'Distrito 329');
INSERT INTO FIDE_DISTRITO_TB (ID_DISTRITO, ID_CANTON, NOMBRE) VALUES ('DIS330', 'CAN079', 'Distrito 330');
INSERT INTO FIDE_DISTRITO_TB (ID_DISTRITO, ID_CANTON, NOMBRE) VALUES ('DIS331', 'CAN080', 'Distrito 331');
INSERT INTO FIDE_DISTRITO_TB (ID_DISTRITO, ID_CANTON, NOMBRE) VALUES ('DIS332', 'CAN081', 'Distrito 332');
INSERT INTO FIDE_DISTRITO_TB (ID_DISTRITO, ID_CANTON, NOMBRE) VALUES ('DIS333', 'CAN082', 'Distrito 333');
INSERT INTO FIDE_DISTRITO_TB (ID_DISTRITO, ID_CANTON, NOMBRE) VALUES ('DIS334', 'CAN083', 'Distrito 334');
INSERT INTO FIDE_DISTRITO_TB (ID_DISTRITO, ID_CANTON, NOMBRE) VALUES ('DIS335', 'CAN084', 'Distrito 335');
INSERT INTO FIDE_DISTRITO_TB (ID_DISTRITO, ID_CANTON, NOMBRE) VALUES ('DIS336', 'CAN001', 'Distrito 336');
INSERT INTO FIDE_DISTRITO_TB (ID_DISTRITO, ID_CANTON, NOMBRE) VALUES ('DIS337', 'CAN002', 'Distrito 337');
INSERT INTO FIDE_DISTRITO_TB (ID_DISTRITO, ID_CANTON, NOMBRE) VALUES ('DIS338', 'CAN003', 'Distrito 338');
INSERT INTO FIDE_DISTRITO_TB (ID_DISTRITO, ID_CANTON, NOMBRE) VALUES ('DIS339', 'CAN004', 'Distrito 339');
INSERT INTO FIDE_DISTRITO_TB (ID_DISTRITO, ID_CANTON, NOMBRE) VALUES ('DIS340', 'CAN005', 'Distrito 340');
INSERT INTO FIDE_DISTRITO_TB (ID_DISTRITO, ID_CANTON, NOMBRE) VALUES ('DIS341', 'CAN006', 'Distrito 341');
INSERT INTO FIDE_DISTRITO_TB (ID_DISTRITO, ID_CANTON, NOMBRE) VALUES ('DIS342', 'CAN007', 'Distrito 342');
INSERT INTO FIDE_DISTRITO_TB (ID_DISTRITO, ID_CANTON, NOMBRE) VALUES ('DIS343', 'CAN008', 'Distrito 343');
INSERT INTO FIDE_DISTRITO_TB (ID_DISTRITO, ID_CANTON, NOMBRE) VALUES ('DIS344', 'CAN009', 'Distrito 344');
INSERT INTO FIDE_DISTRITO_TB (ID_DISTRITO, ID_CANTON, NOMBRE) VALUES ('DIS345', 'CAN010', 'Distrito 345');
INSERT INTO FIDE_DISTRITO_TB (ID_DISTRITO, ID_CANTON, NOMBRE) VALUES ('DIS346', 'CAN011', 'Distrito 346');
INSERT INTO FIDE_DISTRITO_TB (ID_DISTRITO, ID_CANTON, NOMBRE) VALUES ('DIS347', 'CAN012', 'Distrito 347');
INSERT INTO FIDE_DISTRITO_TB (ID_DISTRITO, ID_CANTON, NOMBRE) VALUES ('DIS348', 'CAN013', 'Distrito 348');
INSERT INTO FIDE_DISTRITO_TB (ID_DISTRITO, ID_CANTON, NOMBRE) VALUES ('DIS349', 'CAN014', 'Distrito 349');
INSERT INTO FIDE_DISTRITO_TB (ID_DISTRITO, ID_CANTON, NOMBRE) VALUES ('DIS350', 'CAN015', 'Distrito 350');
INSERT INTO FIDE_DISTRITO_TB (ID_DISTRITO, ID_CANTON, NOMBRE) VALUES ('DIS351', 'CAN016', 'Distrito 351');
INSERT INTO FIDE_DISTRITO_TB (ID_DISTRITO, ID_CANTON, NOMBRE) VALUES ('DIS352', 'CAN017', 'Distrito 352');
INSERT INTO FIDE_DISTRITO_TB (ID_DISTRITO, ID_CANTON, NOMBRE) VALUES ('DIS353', 'CAN018', 'Distrito 353');
INSERT INTO FIDE_DISTRITO_TB (ID_DISTRITO, ID_CANTON, NOMBRE) VALUES ('DIS354', 'CAN019', 'Distrito 354');
INSERT INTO FIDE_DISTRITO_TB (ID_DISTRITO, ID_CANTON, NOMBRE) VALUES ('DIS355', 'CAN020', 'Distrito 355');
INSERT INTO FIDE_DISTRITO_TB (ID_DISTRITO, ID_CANTON, NOMBRE) VALUES ('DIS356', 'CAN021', 'Distrito 356');
INSERT INTO FIDE_DISTRITO_TB (ID_DISTRITO, ID_CANTON, NOMBRE) VALUES ('DIS357', 'CAN022', 'Distrito 357');
INSERT INTO FIDE_DISTRITO_TB (ID_DISTRITO, ID_CANTON, NOMBRE) VALUES ('DIS358', 'CAN023', 'Distrito 358');
INSERT INTO FIDE_DISTRITO_TB (ID_DISTRITO, ID_CANTON, NOMBRE) VALUES ('DIS359', 'CAN024', 'Distrito 359');
INSERT INTO FIDE_DISTRITO_TB (ID_DISTRITO, ID_CANTON, NOMBRE) VALUES ('DIS360', 'CAN025', 'Distrito 360');
INSERT INTO FIDE_DISTRITO_TB (ID_DISTRITO, ID_CANTON, NOMBRE) VALUES ('DIS361', 'CAN026', 'Distrito 361');
INSERT INTO FIDE_DISTRITO_TB (ID_DISTRITO, ID_CANTON, NOMBRE) VALUES ('DIS362', 'CAN027', 'Distrito 362');
INSERT INTO FIDE_DISTRITO_TB (ID_DISTRITO, ID_CANTON, NOMBRE) VALUES ('DIS363', 'CAN028', 'Distrito 363');
INSERT INTO FIDE_DISTRITO_TB (ID_DISTRITO, ID_CANTON, NOMBRE) VALUES ('DIS364', 'CAN029', 'Distrito 364');
INSERT INTO FIDE_DISTRITO_TB (ID_DISTRITO, ID_CANTON, NOMBRE) VALUES ('DIS365', 'CAN030', 'Distrito 365');
INSERT INTO FIDE_DISTRITO_TB (ID_DISTRITO, ID_CANTON, NOMBRE) VALUES ('DIS366', 'CAN031', 'Distrito 366');
INSERT INTO FIDE_DISTRITO_TB (ID_DISTRITO, ID_CANTON, NOMBRE) VALUES ('DIS367', 'CAN032', 'Distrito 367');
INSERT INTO FIDE_DISTRITO_TB (ID_DISTRITO, ID_CANTON, NOMBRE) VALUES ('DIS368', 'CAN033', 'Distrito 368');
INSERT INTO FIDE_DISTRITO_TB (ID_DISTRITO, ID_CANTON, NOMBRE) VALUES ('DIS369', 'CAN034', 'Distrito 369');
INSERT INTO FIDE_DISTRITO_TB (ID_DISTRITO, ID_CANTON, NOMBRE) VALUES ('DIS370', 'CAN035', 'Distrito 370');
INSERT INTO FIDE_DISTRITO_TB (ID_DISTRITO, ID_CANTON, NOMBRE) VALUES ('DIS371', 'CAN036', 'Distrito 371');
INSERT INTO FIDE_DISTRITO_TB (ID_DISTRITO, ID_CANTON, NOMBRE) VALUES ('DIS372', 'CAN037', 'Distrito 372');
INSERT INTO FIDE_DISTRITO_TB (ID_DISTRITO, ID_CANTON, NOMBRE) VALUES ('DIS373', 'CAN038', 'Distrito 373');
INSERT INTO FIDE_DISTRITO_TB (ID_DISTRITO, ID_CANTON, NOMBRE) VALUES ('DIS374', 'CAN039', 'Distrito 374');
INSERT INTO FIDE_DISTRITO_TB (ID_DISTRITO, ID_CANTON, NOMBRE) VALUES ('DIS375', 'CAN040', 'Distrito 375');
INSERT INTO FIDE_DISTRITO_TB (ID_DISTRITO, ID_CANTON, NOMBRE) VALUES ('DIS376', 'CAN041', 'Distrito 376');
INSERT INTO FIDE_DISTRITO_TB (ID_DISTRITO, ID_CANTON, NOMBRE) VALUES ('DIS377', 'CAN042', 'Distrito 377');
INSERT INTO FIDE_DISTRITO_TB (ID_DISTRITO, ID_CANTON, NOMBRE) VALUES ('DIS378', 'CAN043', 'Distrito 378');
INSERT INTO FIDE_DISTRITO_TB (ID_DISTRITO, ID_CANTON, NOMBRE) VALUES ('DIS379', 'CAN044', 'Distrito 379');
INSERT INTO FIDE_DISTRITO_TB (ID_DISTRITO, ID_CANTON, NOMBRE) VALUES ('DIS380', 'CAN045', 'Distrito 380');
INSERT INTO FIDE_DISTRITO_TB (ID_DISTRITO, ID_CANTON, NOMBRE) VALUES ('DIS381', 'CAN046', 'Distrito 381');
INSERT INTO FIDE_DISTRITO_TB (ID_DISTRITO, ID_CANTON, NOMBRE) VALUES ('DIS382', 'CAN047', 'Distrito 382');
INSERT INTO FIDE_DISTRITO_TB (ID_DISTRITO, ID_CANTON, NOMBRE) VALUES ('DIS383', 'CAN048', 'Distrito 383');
INSERT INTO FIDE_DISTRITO_TB (ID_DISTRITO, ID_CANTON, NOMBRE) VALUES ('DIS384', 'CAN049', 'Distrito 384');
INSERT INTO FIDE_DISTRITO_TB (ID_DISTRITO, ID_CANTON, NOMBRE) VALUES ('DIS385', 'CAN050', 'Distrito 385');
INSERT INTO FIDE_DISTRITO_TB (ID_DISTRITO, ID_CANTON, NOMBRE) VALUES ('DIS386', 'CAN051', 'Distrito 386');
INSERT INTO FIDE_DISTRITO_TB (ID_DISTRITO, ID_CANTON, NOMBRE) VALUES ('DIS387', 'CAN052', 'Distrito 387');
INSERT INTO FIDE_DISTRITO_TB (ID_DISTRITO, ID_CANTON, NOMBRE) VALUES ('DIS388', 'CAN053', 'Distrito 388');
INSERT INTO FIDE_DISTRITO_TB (ID_DISTRITO, ID_CANTON, NOMBRE) VALUES ('DIS389', 'CAN054', 'Distrito 389');
INSERT INTO FIDE_DISTRITO_TB (ID_DISTRITO, ID_CANTON, NOMBRE) VALUES ('DIS390', 'CAN055', 'Distrito 390');
INSERT INTO FIDE_DISTRITO_TB (ID_DISTRITO, ID_CANTON, NOMBRE) VALUES ('DIS391', 'CAN056', 'Distrito 391');
INSERT INTO FIDE_DISTRITO_TB (ID_DISTRITO, ID_CANTON, NOMBRE) VALUES ('DIS392', 'CAN057', 'Distrito 392');
INSERT INTO FIDE_DISTRITO_TB (ID_DISTRITO, ID_CANTON, NOMBRE) VALUES ('DIS393', 'CAN058', 'Distrito 393');
INSERT INTO FIDE_DISTRITO_TB (ID_DISTRITO, ID_CANTON, NOMBRE) VALUES ('DIS394', 'CAN059', 'Distrito 394');
INSERT INTO FIDE_DISTRITO_TB (ID_DISTRITO, ID_CANTON, NOMBRE) VALUES ('DIS395', 'CAN060', 'Distrito 395');
INSERT INTO FIDE_DISTRITO_TB (ID_DISTRITO, ID_CANTON, NOMBRE) VALUES ('DIS396', 'CAN061', 'Distrito 396');
INSERT INTO FIDE_DISTRITO_TB (ID_DISTRITO, ID_CANTON, NOMBRE) VALUES ('DIS397', 'CAN062', 'Distrito 397');
INSERT INTO FIDE_DISTRITO_TB (ID_DISTRITO, ID_CANTON, NOMBRE) VALUES ('DIS398', 'CAN063', 'Distrito 398');
INSERT INTO FIDE_DISTRITO_TB (ID_DISTRITO, ID_CANTON, NOMBRE) VALUES ('DIS399', 'CAN064', 'Distrito 399');
INSERT INTO FIDE_DISTRITO_TB (ID_DISTRITO, ID_CANTON, NOMBRE) VALUES ('DIS400', 'CAN065', 'Distrito 400');
INSERT INTO FIDE_DISTRITO_TB (ID_DISTRITO, ID_CANTON, NOMBRE) VALUES ('DIS401', 'CAN066', 'Distrito 401');
INSERT INTO FIDE_DISTRITO_TB (ID_DISTRITO, ID_CANTON, NOMBRE) VALUES ('DIS402', 'CAN067', 'Distrito 402');
INSERT INTO FIDE_DISTRITO_TB (ID_DISTRITO, ID_CANTON, NOMBRE) VALUES ('DIS403', 'CAN068', 'Distrito 403');
INSERT INTO FIDE_DISTRITO_TB (ID_DISTRITO, ID_CANTON, NOMBRE) VALUES ('DIS404', 'CAN069', 'Distrito 404');
INSERT INTO FIDE_DISTRITO_TB (ID_DISTRITO, ID_CANTON, NOMBRE) VALUES ('DIS405', 'CAN070', 'Distrito 405');
INSERT INTO FIDE_DISTRITO_TB (ID_DISTRITO, ID_CANTON, NOMBRE) VALUES ('DIS406', 'CAN071', 'Distrito 406');
INSERT INTO FIDE_DISTRITO_TB (ID_DISTRITO, ID_CANTON, NOMBRE) VALUES ('DIS407', 'CAN072', 'Distrito 407');
INSERT INTO FIDE_DISTRITO_TB (ID_DISTRITO, ID_CANTON, NOMBRE) VALUES ('DIS408', 'CAN073', 'Distrito 408');
INSERT INTO FIDE_DISTRITO_TB (ID_DISTRITO, ID_CANTON, NOMBRE) VALUES ('DIS409', 'CAN074', 'Distrito 409');
INSERT INTO FIDE_DISTRITO_TB (ID_DISTRITO, ID_CANTON, NOMBRE) VALUES ('DIS410', 'CAN075', 'Distrito 410');
INSERT INTO FIDE_DISTRITO_TB (ID_DISTRITO, ID_CANTON, NOMBRE) VALUES ('DIS411', 'CAN076', 'Distrito 411');
INSERT INTO FIDE_DISTRITO_TB (ID_DISTRITO, ID_CANTON, NOMBRE) VALUES ('DIS412', 'CAN077', 'Distrito 412');
INSERT INTO FIDE_DISTRITO_TB (ID_DISTRITO, ID_CANTON, NOMBRE) VALUES ('DIS413', 'CAN078', 'Distrito 413');
INSERT INTO FIDE_DISTRITO_TB (ID_DISTRITO, ID_CANTON, NOMBRE) VALUES ('DIS414', 'CAN079', 'Distrito 414');
INSERT INTO FIDE_DISTRITO_TB (ID_DISTRITO, ID_CANTON, NOMBRE) VALUES ('DIS415', 'CAN080', 'Distrito 415');
INSERT INTO FIDE_DISTRITO_TB (ID_DISTRITO, ID_CANTON, NOMBRE) VALUES ('DIS416', 'CAN081', 'Distrito 416');
INSERT INTO FIDE_DISTRITO_TB (ID_DISTRITO, ID_CANTON, NOMBRE) VALUES ('DIS417', 'CAN082', 'Distrito 417');
INSERT INTO FIDE_DISTRITO_TB (ID_DISTRITO, ID_CANTON, NOMBRE) VALUES ('DIS418', 'CAN083', 'Distrito 418');
INSERT INTO FIDE_DISTRITO_TB (ID_DISTRITO, ID_CANTON, NOMBRE) VALUES ('DIS419', 'CAN084', 'Distrito 419');
INSERT INTO FIDE_DISTRITO_TB (ID_DISTRITO, ID_CANTON, NOMBRE) VALUES ('DIS420', 'CAN001', 'Distrito 420');
INSERT INTO FIDE_DISTRITO_TB (ID_DISTRITO, ID_CANTON, NOMBRE) VALUES ('DIS421', 'CAN002', 'Distrito 421');
INSERT INTO FIDE_DISTRITO_TB (ID_DISTRITO, ID_CANTON, NOMBRE) VALUES ('DIS422', 'CAN003', 'Distrito 422');
INSERT INTO FIDE_DISTRITO_TB (ID_DISTRITO, ID_CANTON, NOMBRE) VALUES ('DIS423', 'CAN004', 'Distrito 423');
INSERT INTO FIDE_DISTRITO_TB (ID_DISTRITO, ID_CANTON, NOMBRE) VALUES ('DIS424', 'CAN005', 'Distrito 424');
INSERT INTO FIDE_DISTRITO_TB (ID_DISTRITO, ID_CANTON, NOMBRE) VALUES ('DIS425', 'CAN006', 'Distrito 425');
INSERT INTO FIDE_DISTRITO_TB (ID_DISTRITO, ID_CANTON, NOMBRE) VALUES ('DIS426', 'CAN007', 'Distrito 426');
INSERT INTO FIDE_DISTRITO_TB (ID_DISTRITO, ID_CANTON, NOMBRE) VALUES ('DIS427', 'CAN008', 'Distrito 427');
INSERT INTO FIDE_DISTRITO_TB (ID_DISTRITO, ID_CANTON, NOMBRE) VALUES ('DIS428', 'CAN009', 'Distrito 428');
INSERT INTO FIDE_DISTRITO_TB (ID_DISTRITO, ID_CANTON, NOMBRE) VALUES ('DIS429', 'CAN010', 'Distrito 429');
INSERT INTO FIDE_DISTRITO_TB (ID_DISTRITO, ID_CANTON, NOMBRE) VALUES ('DIS430', 'CAN011', 'Distrito 430');
INSERT INTO FIDE_DISTRITO_TB (ID_DISTRITO, ID_CANTON, NOMBRE) VALUES ('DIS431', 'CAN012', 'Distrito 431');
INSERT INTO FIDE_DISTRITO_TB (ID_DISTRITO, ID_CANTON, NOMBRE) VALUES ('DIS432', 'CAN013', 'Distrito 432');
INSERT INTO FIDE_DISTRITO_TB (ID_DISTRITO, ID_CANTON, NOMBRE) VALUES ('DIS433', 'CAN014', 'Distrito 433');
INSERT INTO FIDE_DISTRITO_TB (ID_DISTRITO, ID_CANTON, NOMBRE) VALUES ('DIS434', 'CAN015', 'Distrito 434');
INSERT INTO FIDE_DISTRITO_TB (ID_DISTRITO, ID_CANTON, NOMBRE) VALUES ('DIS435', 'CAN016', 'Distrito 435');
INSERT INTO FIDE_DISTRITO_TB (ID_DISTRITO, ID_CANTON, NOMBRE) VALUES ('DIS436', 'CAN017', 'Distrito 436');
INSERT INTO FIDE_DISTRITO_TB (ID_DISTRITO, ID_CANTON, NOMBRE) VALUES ('DIS437', 'CAN018', 'Distrito 437');
INSERT INTO FIDE_DISTRITO_TB (ID_DISTRITO, ID_CANTON, NOMBRE) VALUES ('DIS438', 'CAN019', 'Distrito 438');
INSERT INTO FIDE_DISTRITO_TB (ID_DISTRITO, ID_CANTON, NOMBRE) VALUES ('DIS439', 'CAN020', 'Distrito 439');
INSERT INTO FIDE_DISTRITO_TB (ID_DISTRITO, ID_CANTON, NOMBRE) VALUES ('DIS440', 'CAN021', 'Distrito 440');
INSERT INTO FIDE_DISTRITO_TB (ID_DISTRITO, ID_CANTON, NOMBRE) VALUES ('DIS441', 'CAN022', 'Distrito 441');
INSERT INTO FIDE_DISTRITO_TB (ID_DISTRITO, ID_CANTON, NOMBRE) VALUES ('DIS442', 'CAN023', 'Distrito 442');
INSERT INTO FIDE_DISTRITO_TB (ID_DISTRITO, ID_CANTON, NOMBRE) VALUES ('DIS443', 'CAN024', 'Distrito 443');
INSERT INTO FIDE_DISTRITO_TB (ID_DISTRITO, ID_CANTON, NOMBRE) VALUES ('DIS444', 'CAN025', 'Distrito 444');
INSERT INTO FIDE_DISTRITO_TB (ID_DISTRITO, ID_CANTON, NOMBRE) VALUES ('DIS445', 'CAN026', 'Distrito 445');
INSERT INTO FIDE_DISTRITO_TB (ID_DISTRITO, ID_CANTON, NOMBRE) VALUES ('DIS446', 'CAN027', 'Distrito 446');
INSERT INTO FIDE_DISTRITO_TB (ID_DISTRITO, ID_CANTON, NOMBRE) VALUES ('DIS447', 'CAN028', 'Distrito 447');
INSERT INTO FIDE_DISTRITO_TB (ID_DISTRITO, ID_CANTON, NOMBRE) VALUES ('DIS448', 'CAN029', 'Distrito 448');
INSERT INTO FIDE_DISTRITO_TB (ID_DISTRITO, ID_CANTON, NOMBRE) VALUES ('DIS449', 'CAN030', 'Distrito 449');
INSERT INTO FIDE_DISTRITO_TB (ID_DISTRITO, ID_CANTON, NOMBRE) VALUES ('DIS450', 'CAN031', 'Distrito 450');
INSERT INTO FIDE_DISTRITO_TB (ID_DISTRITO, ID_CANTON, NOMBRE) VALUES ('DIS451', 'CAN032', 'Distrito 451');
INSERT INTO FIDE_DISTRITO_TB (ID_DISTRITO, ID_CANTON, NOMBRE) VALUES ('DIS452', 'CAN033', 'Distrito 452');
INSERT INTO FIDE_DISTRITO_TB (ID_DISTRITO, ID_CANTON, NOMBRE) VALUES ('DIS453', 'CAN034', 'Distrito 453');
INSERT INTO FIDE_DISTRITO_TB (ID_DISTRITO, ID_CANTON, NOMBRE) VALUES ('DIS454', 'CAN035', 'Distrito 454');
INSERT INTO FIDE_DISTRITO_TB (ID_DISTRITO, ID_CANTON, NOMBRE) VALUES ('DIS455', 'CAN036', 'Distrito 455');
INSERT INTO FIDE_DISTRITO_TB (ID_DISTRITO, ID_CANTON, NOMBRE) VALUES ('DIS456', 'CAN037', 'Distrito 456');
INSERT INTO FIDE_DISTRITO_TB (ID_DISTRITO, ID_CANTON, NOMBRE) VALUES ('DIS457', 'CAN038', 'Distrito 457');
INSERT INTO FIDE_DISTRITO_TB (ID_DISTRITO, ID_CANTON, NOMBRE) VALUES ('DIS458', 'CAN039', 'Distrito 458');
INSERT INTO FIDE_DISTRITO_TB (ID_DISTRITO, ID_CANTON, NOMBRE) VALUES ('DIS459', 'CAN040', 'Distrito 459');
INSERT INTO FIDE_DISTRITO_TB (ID_DISTRITO, ID_CANTON, NOMBRE) VALUES ('DIS460', 'CAN041', 'Distrito 460');
INSERT INTO FIDE_DISTRITO_TB (ID_DISTRITO, ID_CANTON, NOMBRE) VALUES ('DIS461', 'CAN042', 'Distrito 461');
INSERT INTO FIDE_DISTRITO_TB (ID_DISTRITO, ID_CANTON, NOMBRE) VALUES ('DIS462', 'CAN043', 'Distrito 462');
INSERT INTO FIDE_DISTRITO_TB (ID_DISTRITO, ID_CANTON, NOMBRE) VALUES ('DIS463', 'CAN044', 'Distrito 463');
INSERT INTO FIDE_DISTRITO_TB (ID_DISTRITO, ID_CANTON, NOMBRE) VALUES ('DIS464', 'CAN045', 'Distrito 464');
INSERT INTO FIDE_DISTRITO_TB (ID_DISTRITO, ID_CANTON, NOMBRE) VALUES ('DIS465', 'CAN046', 'Distrito 465');
INSERT INTO FIDE_DISTRITO_TB (ID_DISTRITO, ID_CANTON, NOMBRE) VALUES ('DIS466', 'CAN047', 'Distrito 466');
INSERT INTO FIDE_DISTRITO_TB (ID_DISTRITO, ID_CANTON, NOMBRE) VALUES ('DIS467', 'CAN048', 'Distrito 467');
INSERT INTO FIDE_DISTRITO_TB (ID_DISTRITO, ID_CANTON, NOMBRE) VALUES ('DIS468', 'CAN049', 'Distrito 468');
INSERT INTO FIDE_DISTRITO_TB (ID_DISTRITO, ID_CANTON, NOMBRE) VALUES ('DIS469', 'CAN050', 'Distrito 469');
INSERT INTO FIDE_DISTRITO_TB (ID_DISTRITO, ID_CANTON, NOMBRE) VALUES ('DIS470', 'CAN051', 'Distrito 470');
INSERT INTO FIDE_DISTRITO_TB (ID_DISTRITO, ID_CANTON, NOMBRE) VALUES ('DIS471', 'CAN052', 'Distrito 471');
INSERT INTO FIDE_DISTRITO_TB (ID_DISTRITO, ID_CANTON, NOMBRE) VALUES ('DIS472', 'CAN053', 'Distrito 472');
INSERT INTO FIDE_DISTRITO_TB (ID_DISTRITO, ID_CANTON, NOMBRE) VALUES ('DIS473', 'CAN054', 'Distrito 473');
INSERT INTO FIDE_DISTRITO_TB (ID_DISTRITO, ID_CANTON, NOMBRE) VALUES ('DIS474', 'CAN055', 'Distrito 474');
INSERT INTO FIDE_DISTRITO_TB (ID_DISTRITO, ID_CANTON, NOMBRE) VALUES ('DIS475', 'CAN056', 'Distrito 475');
INSERT INTO FIDE_DISTRITO_TB (ID_DISTRITO, ID_CANTON, NOMBRE) VALUES ('DIS476', 'CAN057', 'Distrito 476');
INSERT INTO FIDE_DISTRITO_TB (ID_DISTRITO, ID_CANTON, NOMBRE) VALUES ('DIS477', 'CAN058', 'Distrito 477');
INSERT INTO FIDE_DISTRITO_TB (ID_DISTRITO, ID_CANTON, NOMBRE) VALUES ('DIS478', 'CAN059', 'Distrito 478');
INSERT INTO FIDE_DISTRITO_TB (ID_DISTRITO, ID_CANTON, NOMBRE) VALUES ('DIS479', 'CAN060', 'Distrito 479');
INSERT INTO FIDE_DISTRITO_TB (ID_DISTRITO, ID_CANTON, NOMBRE) VALUES ('DIS480', 'CAN061', 'Distrito 480');
INSERT INTO FIDE_DISTRITO_TB (ID_DISTRITO, ID_CANTON, NOMBRE) VALUES ('DIS481', 'CAN062', 'Distrito 481');
INSERT INTO FIDE_DISTRITO_TB (ID_DISTRITO, ID_CANTON, NOMBRE) VALUES ('DIS482', 'CAN063', 'Distrito 482');
INSERT INTO FIDE_DISTRITO_TB (ID_DISTRITO, ID_CANTON, NOMBRE) VALUES ('DIS483', 'CAN064', 'Distrito 483');
INSERT INTO FIDE_DISTRITO_TB (ID_DISTRITO, ID_CANTON, NOMBRE) VALUES ('DIS484', 'CAN065', 'Distrito 484');
INSERT INTO FIDE_DISTRITO_TB (ID_DISTRITO, ID_CANTON, NOMBRE) VALUES ('DIS485', 'CAN066', 'Distrito 485');
INSERT INTO FIDE_DISTRITO_TB (ID_DISTRITO, ID_CANTON, NOMBRE) VALUES ('DIS486', 'CAN067', 'Distrito 486');
INSERT INTO FIDE_DISTRITO_TB (ID_DISTRITO, ID_CANTON, NOMBRE) VALUES ('DIS487', 'CAN068', 'Distrito 487');
INSERT INTO FIDE_DISTRITO_TB (ID_DISTRITO, ID_CANTON, NOMBRE) VALUES ('DIS488', 'CAN069', 'Distrito 488');

-- INSERTS PARA FIDE_DIRECCION_TB
INSERT INTO FIDE_DIRECCION_TB (ID_DIRECCION, DETALLE, ID_PROVINCIA, ID_CANTON, ID_DISTRITO, ID_USUARIO) VALUES ('DIR000', 'Avenida Central, Santa Ana', 'ID_PRO049', 'CAN001', 'DIS001', 'ID_USU000');
INSERT INTO FIDE_DIRECCION_TB (ID_DIRECCION, DETALLE, ID_PROVINCIA, ID_CANTON, ID_DISTRITO, ID_USUARIO) VALUES ('DIR001', 'Ruta 32, Heredia', 'ID_PRO050', 'CAN002', 'DIS002', 'ID_USU001');
INSERT INTO FIDE_DIRECCION_TB (ID_DIRECCION, DETALLE, ID_PROVINCIA, ID_CANTON, ID_DISTRITO, ID_USUARIO) VALUES ('DIR002', 'Costado norte de la iglesia, San Carlos', 'ID_PRO051', 'CAN003', 'DIS003', 'ID_USU002');
INSERT INTO FIDE_DIRECCION_TB (ID_DIRECCION, DETALLE, ID_PROVINCIA, ID_CANTON, ID_DISTRITO, ID_USUARIO) VALUES ('DIR003', 'Barrio Los Ángeles, Escazú', 'ID_PRO052', 'CAN004', 'DIS004', 'ID_USU003');
INSERT INTO FIDE_DIRECCION_TB (ID_DIRECCION, DETALLE, ID_PROVINCIA, ID_CANTON, ID_DISTRITO, ID_USUARIO) VALUES ('DIR004', 'Avenida Central, San Ramón', 'ID_PRO053', 'CAN005', 'DIS005', 'ID_USU004');
INSERT INTO FIDE_DIRECCION_TB (ID_DIRECCION, DETALLE, ID_PROVINCIA, ID_CANTON, ID_DISTRITO, ID_USUARIO) VALUES ('DIR005', 'Calle 5, Nicoya', 'ID_PRO054', 'CAN006', 'DIS006', 'ID_USU005');
INSERT INTO FIDE_DIRECCION_TB (ID_DIRECCION, DETALLE, ID_PROVINCIA, ID_CANTON, ID_DISTRITO, ID_USUARIO) VALUES ('DIR006', 'Barrio Los Ángeles, San José', 'ID_PRO055', 'CAN007', 'DIS007', 'ID_USU006');
INSERT INTO FIDE_DIRECCION_TB (ID_DIRECCION, DETALLE, ID_PROVINCIA, ID_CANTON, ID_DISTRITO, ID_USUARIO) VALUES ('DIR007', 'Urbanización Los Laureles, Santa Cruz', 'ID_PRO049', 'CAN008', 'DIS008', 'ID_USU007');
INSERT INTO FIDE_DIRECCION_TB (ID_DIRECCION, DETALLE, ID_PROVINCIA, ID_CANTON, ID_DISTRITO, ID_USUARIO) VALUES ('DIR008', 'Costado norte de la iglesia, Nicoya', 'ID_PRO050', 'CAN009', 'DIS009', 'ID_USU008');
INSERT INTO FIDE_DIRECCION_TB (ID_DIRECCION, DETALLE, ID_PROVINCIA, ID_CANTON, ID_DISTRITO, ID_USUARIO) VALUES ('DIR009', 'Urbanización Los Laureles, Liberia', 'ID_PRO051', 'CAN010', 'DIS010', 'ID_USU009');
INSERT INTO FIDE_DIRECCION_TB (ID_DIRECCION, DETALLE, ID_PROVINCIA, ID_CANTON, ID_DISTRITO, ID_USUARIO) VALUES ('DIR010', 'Cerca del estadio, Pérez Zeledón', 'ID_PRO052', 'CAN011', 'DIS011', 'ID_USU010');
INSERT INTO FIDE_DIRECCION_TB (ID_DIRECCION, DETALLE, ID_PROVINCIA, ID_CANTON, ID_DISTRITO, ID_USUARIO) VALUES ('DIR011', 'Costado norte de la iglesia, Curridabat', 'ID_PRO053', 'CAN012', 'DIS012', 'ID_USU011');
INSERT INTO FIDE_DIRECCION_TB (ID_DIRECCION, DETALLE, ID_PROVINCIA, ID_CANTON, ID_DISTRITO, ID_USUARIO) VALUES ('DIR012', 'Costado norte de la iglesia, Santa Ana', 'ID_PRO054', 'CAN013', 'DIS013', 'ID_USU012');
INSERT INTO FIDE_DIRECCION_TB (ID_DIRECCION, DETALLE, ID_PROVINCIA, ID_CANTON, ID_DISTRITO, ID_USUARIO) VALUES ('DIR013', 'Boulevard Principal, San Ramón', 'ID_PRO055', 'CAN014', 'DIS014', 'ID_USU013');
INSERT INTO FIDE_DIRECCION_TB (ID_DIRECCION, DETALLE, ID_PROVINCIA, ID_CANTON, ID_DISTRITO, ID_USUARIO) VALUES ('DIR014', 'Boulevard Principal, Nicoya', 'ID_PRO049', 'CAN015', 'DIS015', 'ID_USU014');
INSERT INTO FIDE_DIRECCION_TB (ID_DIRECCION, DETALLE, ID_PROVINCIA, ID_CANTON, ID_DISTRITO, ID_USUARIO) VALUES ('DIR015', 'Diagonal al hospital, Pérez Zeledón', 'ID_PRO050', 'CAN016', 'DIS016', 'ID_USU015');
INSERT INTO FIDE_DIRECCION_TB (ID_DIRECCION, DETALLE, ID_PROVINCIA, ID_CANTON, ID_DISTRITO, ID_USUARIO) VALUES ('DIR016', 'Barrio Los Ángeles, Guápiles', 'ID_PRO051', 'CAN017', 'DIS017', 'ID_USU016');
INSERT INTO FIDE_DIRECCION_TB (ID_DIRECCION, DETALLE, ID_PROVINCIA, ID_CANTON, ID_DISTRITO, ID_USUARIO) VALUES ('DIR017', 'Barrio Los Ángeles, San Ramón', 'ID_PRO052', 'CAN018', 'DIS018', 'ID_USU017');
INSERT INTO FIDE_DIRECCION_TB (ID_DIRECCION, DETALLE, ID_PROVINCIA, ID_CANTON, ID_DISTRITO, ID_USUARIO) VALUES ('DIR018', 'Diagonal al hospital, Puntarenas', 'ID_PRO053', 'CAN019', 'DIS019', 'ID_USU018');
INSERT INTO FIDE_DIRECCION_TB (ID_DIRECCION, DETALLE, ID_PROVINCIA, ID_CANTON, ID_DISTRITO, ID_USUARIO) VALUES ('DIR019', 'Ruta 32, Cañas', 'ID_PRO054', 'CAN020', 'DIS020', 'ID_USU019');
INSERT INTO FIDE_DIRECCION_TB (ID_DIRECCION, DETALLE, ID_PROVINCIA, ID_CANTON, ID_DISTRITO, ID_USUARIO) VALUES ('DIR020', 'Barrio Los Ángeles, Santa Ana', 'ID_PRO055', 'CAN021', 'DIS021', 'ID_USU020');
INSERT INTO FIDE_DIRECCION_TB (ID_DIRECCION, DETALLE, ID_PROVINCIA, ID_CANTON, ID_DISTRITO, ID_USUARIO) VALUES ('DIR021', 'Urbanización Los Laureles, Liberia', 'ID_PRO049', 'CAN022', 'DIS022', 'ID_USU021');
INSERT INTO FIDE_DIRECCION_TB (ID_DIRECCION, DETALLE, ID_PROVINCIA, ID_CANTON, ID_DISTRITO, ID_USUARIO) VALUES ('DIR022', 'Ruta 32, Curridabat', 'ID_PRO050', 'CAN023', 'DIS023', 'ID_USU022');
INSERT INTO FIDE_DIRECCION_TB (ID_DIRECCION, DETALLE, ID_PROVINCIA, ID_CANTON, ID_DISTRITO, ID_USUARIO) VALUES ('DIR023', 'Frente al supermercado, Santa Ana', 'ID_PRO051', 'CAN024', 'DIS024', 'ID_USU023');
INSERT INTO FIDE_DIRECCION_TB (ID_DIRECCION, DETALLE, ID_PROVINCIA, ID_CANTON, ID_DISTRITO, ID_USUARIO) VALUES ('DIR024', 'Boulevard Principal, Pérez Zeledón', 'ID_PRO052', 'CAN025', 'DIS025', 'ID_USU024');
INSERT INTO FIDE_DIRECCION_TB (ID_DIRECCION, DETALLE, ID_PROVINCIA, ID_CANTON, ID_DISTRITO, ID_USUARIO) VALUES ('DIR025', 'Avenida Central, Santa Cruz', 'ID_PRO053', 'CAN026', 'DIS026', 'ID_USU025');
INSERT INTO FIDE_DIRECCION_TB (ID_DIRECCION, DETALLE, ID_PROVINCIA, ID_CANTON, ID_DISTRITO, ID_USUARIO) VALUES ('DIR026', 'Avenida Central, Nicoya', 'ID_PRO054', 'CAN027', 'DIS027', 'ID_USU026');
INSERT INTO FIDE_DIRECCION_TB (ID_DIRECCION, DETALLE, ID_PROVINCIA, ID_CANTON, ID_DISTRITO, ID_USUARIO) VALUES ('DIR027', 'Ruta 32, Grecia', 'ID_PRO055', 'CAN028', 'DIS028', 'ID_USU027');
INSERT INTO FIDE_DIRECCION_TB (ID_DIRECCION, DETALLE, ID_PROVINCIA, ID_CANTON, ID_DISTRITO, ID_USUARIO) VALUES ('DIR028', 'Avenida Central, Curridabat', 'ID_PRO049', 'CAN029', 'DIS029', 'ID_USU028');
INSERT INTO FIDE_DIRECCION_TB (ID_DIRECCION, DETALLE, ID_PROVINCIA, ID_CANTON, ID_DISTRITO, ID_USUARIO) VALUES ('DIR029', 'Avenida Central, Cartago', 'ID_PRO050', 'CAN030', 'DIS030', 'ID_USU029');
INSERT INTO FIDE_DIRECCION_TB (ID_DIRECCION, DETALLE, ID_PROVINCIA, ID_CANTON, ID_DISTRITO, ID_USUARIO) VALUES ('DIR030', 'Frente al supermercado, Curridabat', 'ID_PRO051', 'CAN031', 'DIS031', 'ID_USU030');
INSERT INTO FIDE_DIRECCION_TB (ID_DIRECCION, DETALLE, ID_PROVINCIA, ID_CANTON, ID_DISTRITO, ID_USUARIO) VALUES ('DIR031', 'Barrio Los Ángeles, Curridabat', 'ID_PRO052', 'CAN032', 'DIS032', 'ID_USU031');
INSERT INTO FIDE_DIRECCION_TB (ID_DIRECCION, DETALLE, ID_PROVINCIA, ID_CANTON, ID_DISTRITO, ID_USUARIO) VALUES ('DIR032', 'Costado norte de la iglesia, Liberia', 'ID_PRO053', 'CAN033', 'DIS033', 'ID_USU032');
INSERT INTO FIDE_DIRECCION_TB (ID_DIRECCION, DETALLE, ID_PROVINCIA, ID_CANTON, ID_DISTRITO, ID_USUARIO) VALUES ('DIR033', 'Costado norte de la iglesia, Heredia', 'ID_PRO054', 'CAN034', 'DIS034', 'ID_USU033');
INSERT INTO FIDE_DIRECCION_TB (ID_DIRECCION, DETALLE, ID_PROVINCIA, ID_CANTON, ID_DISTRITO, ID_USUARIO) VALUES ('DIR034', 'Boulevard Principal, Alajuela', 'ID_PRO055', 'CAN035', 'DIS035', 'ID_USU034');
INSERT INTO FIDE_DIRECCION_TB (ID_DIRECCION, DETALLE, ID_PROVINCIA, ID_CANTON, ID_DISTRITO, ID_USUARIO) VALUES ('DIR035', 'Frente al supermercado, Pérez Zeledón', 'ID_PRO049', 'CAN036', 'DIS036', 'ID_USU035');
INSERT INTO FIDE_DIRECCION_TB (ID_DIRECCION, DETALLE, ID_PROVINCIA, ID_CANTON, ID_DISTRITO, ID_USUARIO) VALUES ('DIR036', 'Urbanización Los Laureles, Guápiles', 'ID_PRO050', 'CAN037', 'DIS037', 'ID_USU036');
INSERT INTO FIDE_DIRECCION_TB (ID_DIRECCION, DETALLE, ID_PROVINCIA, ID_CANTON, ID_DISTRITO, ID_USUARIO) VALUES ('DIR037', 'Avenida Central, Liberia', 'ID_PRO051', 'CAN038', 'DIS038', 'ID_USU037');
INSERT INTO FIDE_DIRECCION_TB (ID_DIRECCION, DETALLE, ID_PROVINCIA, ID_CANTON, ID_DISTRITO, ID_USUARIO) VALUES ('DIR038', 'Barrio Los Ángeles, Grecia', 'ID_PRO052', 'CAN039', 'DIS039', 'ID_USU038');
INSERT INTO FIDE_DIRECCION_TB (ID_DIRECCION, DETALLE, ID_PROVINCIA, ID_CANTON, ID_DISTRITO, ID_USUARIO) VALUES ('DIR039', 'Urbanización Los Laureles, Liberia', 'ID_PRO053', 'CAN040', 'DIS040', 'ID_USU039');
INSERT INTO FIDE_DIRECCION_TB (ID_DIRECCION, DETALLE, ID_PROVINCIA, ID_CANTON, ID_DISTRITO, ID_USUARIO) VALUES ('DIR040', 'Calle 5, San José', 'ID_PRO054', 'CAN041', 'DIS041', 'ID_USU040');
INSERT INTO FIDE_DIRECCION_TB (ID_DIRECCION, DETALLE, ID_PROVINCIA, ID_CANTON, ID_DISTRITO, ID_USUARIO) VALUES ('DIR041', 'Urbanización Los Laureles, Guápiles', 'ID_PRO055', 'CAN042', 'DIS042', 'ID_USU041');
INSERT INTO FIDE_DIRECCION_TB (ID_DIRECCION, DETALLE, ID_PROVINCIA, ID_CANTON, ID_DISTRITO, ID_USUARIO) VALUES ('DIR042', 'Cerca del estadio, Moravia', 'ID_PRO049', 'CAN043', 'DIS043', 'ID_USU042');
INSERT INTO FIDE_DIRECCION_TB (ID_DIRECCION, DETALLE, ID_PROVINCIA, ID_CANTON, ID_DISTRITO, ID_USUARIO) VALUES ('DIR043', 'Boulevard Principal, Cartago', 'ID_PRO050', 'CAN044', 'DIS044', 'ID_USU043');
INSERT INTO FIDE_DIRECCION_TB (ID_DIRECCION, DETALLE, ID_PROVINCIA, ID_CANTON, ID_DISTRITO, ID_USUARIO) VALUES ('DIR044', 'Avenida Central, San Ramón', 'ID_PRO051', 'CAN045', 'DIS045', 'ID_USU044');
INSERT INTO FIDE_DIRECCION_TB (ID_DIRECCION, DETALLE, ID_PROVINCIA, ID_CANTON, ID_DISTRITO, ID_USUARIO) VALUES ('DIR045', 'Urbanización Los Laureles, Nicoya', 'ID_PRO052', 'CAN046', 'DIS046', 'ID_USU045');
INSERT INTO FIDE_DIRECCION_TB (ID_DIRECCION, DETALLE, ID_PROVINCIA, ID_CANTON, ID_DISTRITO, ID_USUARIO) VALUES ('DIR046', 'Barrio Los Ángeles, Pérez Zeledón', 'ID_PRO053', 'CAN047', 'DIS047', 'ID_USU046');
INSERT INTO FIDE_DIRECCION_TB (ID_DIRECCION, DETALLE, ID_PROVINCIA, ID_CANTON, ID_DISTRITO, ID_USUARIO) VALUES ('DIR047', 'Ruta 32, Moravia', 'ID_PRO054', 'CAN048', 'DIS048', 'ID_USU047');
INSERT INTO FIDE_DIRECCION_TB (ID_DIRECCION, DETALLE, ID_PROVINCIA, ID_CANTON, ID_DISTRITO, ID_USUARIO) VALUES ('DIR048', 'Costado norte de la iglesia, Cañas', 'ID_PRO055', 'CAN049', 'DIS049', 'ID_USU048');
INSERT INTO FIDE_DIRECCION_TB (ID_DIRECCION, DETALLE, ID_PROVINCIA, ID_CANTON, ID_DISTRITO, ID_USUARIO) VALUES ('DIR049', 'Cerca del estadio, Alajuela', 'ID_PRO049', 'CAN050', 'DIS050', 'ID_USU049');
INSERT INTO FIDE_DIRECCION_TB (ID_DIRECCION, DETALLE, ID_PROVINCIA, ID_CANTON, ID_DISTRITO, ID_USUARIO) VALUES ('DIR050', 'Urbanización Los Laureles, San Carlos', 'ID_PRO050', 'CAN051', 'DIS051', 'ID_USU050');
INSERT INTO FIDE_DIRECCION_TB (ID_DIRECCION, DETALLE, ID_PROVINCIA, ID_CANTON, ID_DISTRITO, ID_USUARIO) VALUES ('DIR051', 'Calle 5, Liberia', 'ID_PRO051', 'CAN052', 'DIS052', 'ID_USU051');
INSERT INTO FIDE_DIRECCION_TB (ID_DIRECCION, DETALLE, ID_PROVINCIA, ID_CANTON, ID_DISTRITO, ID_USUARIO) VALUES ('DIR052', 'Frente al supermercado, Curridabat', 'ID_PRO052', 'CAN053', 'DIS053', 'ID_USU052');
INSERT INTO FIDE_DIRECCION_TB (ID_DIRECCION, DETALLE, ID_PROVINCIA, ID_CANTON, ID_DISTRITO, ID_USUARIO) VALUES ('DIR053', 'Diagonal al hospital, San Ramón', 'ID_PRO053', 'CAN054', 'DIS054', 'ID_USU053');
INSERT INTO FIDE_DIRECCION_TB (ID_DIRECCION, DETALLE, ID_PROVINCIA, ID_CANTON, ID_DISTRITO, ID_USUARIO) VALUES ('DIR054', 'Avenida Central, Puntarenas', 'ID_PRO054', 'CAN055', 'DIS055', 'ID_USU054');
INSERT INTO FIDE_DIRECCION_TB (ID_DIRECCION, DETALLE, ID_PROVINCIA, ID_CANTON, ID_DISTRITO, ID_USUARIO) VALUES ('DIR055', 'Urbanización Los Laureles, Grecia', 'ID_PRO055', 'CAN056', 'DIS056', 'ID_USU055');
INSERT INTO FIDE_DIRECCION_TB (ID_DIRECCION, DETALLE, ID_PROVINCIA, ID_CANTON, ID_DISTRITO, ID_USUARIO) VALUES ('DIR056', 'Cerca del estadio, Moravia', 'ID_PRO049', 'CAN057', 'DIS057', 'ID_USU056');
INSERT INTO FIDE_DIRECCION_TB (ID_DIRECCION, DETALLE, ID_PROVINCIA, ID_CANTON, ID_DISTRITO, ID_USUARIO) VALUES ('DIR057', 'Boulevard Principal, San José', 'ID_PRO050', 'CAN058', 'DIS058', 'ID_USU057');
INSERT INTO FIDE_DIRECCION_TB (ID_DIRECCION, DETALLE, ID_PROVINCIA, ID_CANTON, ID_DISTRITO, ID_USUARIO) VALUES ('DIR058', 'Diagonal al hospital, Santa Cruz', 'ID_PRO051', 'CAN059', 'DIS059', 'ID_USU058');
INSERT INTO FIDE_DIRECCION_TB (ID_DIRECCION, DETALLE, ID_PROVINCIA, ID_CANTON, ID_DISTRITO, ID_USUARIO) VALUES ('DIR059', 'Cerca del estadio, Escazú', 'ID_PRO052', 'CAN060', 'DIS060', 'ID_USU059');
INSERT INTO FIDE_DIRECCION_TB (ID_DIRECCION, DETALLE, ID_PROVINCIA, ID_CANTON, ID_DISTRITO, ID_USUARIO) VALUES ('DIR060', 'Urbanización Los Laureles, Santa Ana', 'ID_PRO053', 'CAN061', 'DIS061', 'ID_USU060');
INSERT INTO FIDE_DIRECCION_TB (ID_DIRECCION, DETALLE, ID_PROVINCIA, ID_CANTON, ID_DISTRITO, ID_USUARIO) VALUES ('DIR061', 'Cerca del estadio, Curridabat', 'ID_PRO054', 'CAN062', 'DIS062', 'ID_USU061');
INSERT INTO FIDE_DIRECCION_TB (ID_DIRECCION, DETALLE, ID_PROVINCIA, ID_CANTON, ID_DISTRITO, ID_USUARIO) VALUES ('DIR062', 'Barrio Los Ángeles, Limón', 'ID_PRO055', 'CAN063', 'DIS063', 'ID_USU062');
INSERT INTO FIDE_DIRECCION_TB (ID_DIRECCION, DETALLE, ID_PROVINCIA, ID_CANTON, ID_DISTRITO, ID_USUARIO) VALUES ('DIR063', '50 metros norte del parque, San José', 'ID_PRO049', 'CAN064', 'DIS064', 'ID_USU063');
INSERT INTO FIDE_DIRECCION_TB (ID_DIRECCION, DETALLE, ID_PROVINCIA, ID_CANTON, ID_DISTRITO, ID_USUARIO) VALUES ('DIR064', 'Urbanización Los Laureles, Guápiles', 'ID_PRO050', 'CAN065', 'DIS065', 'ID_USU064');
INSERT INTO FIDE_DIRECCION_TB (ID_DIRECCION, DETALLE, ID_PROVINCIA, ID_CANTON, ID_DISTRITO, ID_USUARIO) VALUES ('DIR065', 'Boulevard Principal, Heredia', 'ID_PRO051', 'CAN066', 'DIS066', 'ID_USU065');
INSERT INTO FIDE_DIRECCION_TB (ID_DIRECCION, DETALLE, ID_PROVINCIA, ID_CANTON, ID_DISTRITO, ID_USUARIO) VALUES ('DIR066', '50 metros norte del parque, Liberia', 'ID_PRO052', 'CAN067', 'DIS067', 'ID_USU066');
INSERT INTO FIDE_DIRECCION_TB (ID_DIRECCION, DETALLE, ID_PROVINCIA, ID_CANTON, ID_DISTRITO, ID_USUARIO) VALUES ('DIR067', 'Costado norte de la iglesia, Puntarenas', 'ID_PRO053', 'CAN068', 'DIS068', 'ID_USU067');
INSERT INTO FIDE_DIRECCION_TB (ID_DIRECCION, DETALLE, ID_PROVINCIA, ID_CANTON, ID_DISTRITO, ID_USUARIO) VALUES ('DIR068', '50 metros norte del parque, Moravia', 'ID_PRO054', 'CAN069', 'DIS069', 'ID_USU068');
INSERT INTO FIDE_DIRECCION_TB (ID_DIRECCION, DETALLE, ID_PROVINCIA, ID_CANTON, ID_DISTRITO, ID_USUARIO) VALUES ('DIR069', 'Barrio Los Ángeles, Liberia', 'ID_PRO055', 'CAN070', 'DIS070', 'ID_USU069');
INSERT INTO FIDE_DIRECCION_TB (ID_DIRECCION, DETALLE, ID_PROVINCIA, ID_CANTON, ID_DISTRITO, ID_USUARIO) VALUES ('DIR070', 'Costado norte de la iglesia, Puntarenas', 'ID_PRO049', 'CAN071', 'DIS071', 'ID_USU070');
INSERT INTO FIDE_DIRECCION_TB (ID_DIRECCION, DETALLE, ID_PROVINCIA, ID_CANTON, ID_DISTRITO, ID_USUARIO) VALUES ('DIR071', 'Avenida Central, Alajuela', 'ID_PRO050', 'CAN072', 'DIS072', 'ID_USU071');
INSERT INTO FIDE_DIRECCION_TB (ID_DIRECCION, DETALLE, ID_PROVINCIA, ID_CANTON, ID_DISTRITO, ID_USUARIO) VALUES ('DIR072', 'Barrio Los Ángeles, Desamparados', 'ID_PRO051', 'CAN073', 'DIS073', 'ID_USU072');
INSERT INTO FIDE_DIRECCION_TB (ID_DIRECCION, DETALLE, ID_PROVINCIA, ID_CANTON, ID_DISTRITO, ID_USUARIO) VALUES ('DIR073', '50 metros norte del parque, Pérez Zeledón', 'ID_PRO052', 'CAN074', 'DIS074', 'ID_USU073');
INSERT INTO FIDE_DIRECCION_TB (ID_DIRECCION, DETALLE, ID_PROVINCIA, ID_CANTON, ID_DISTRITO, ID_USUARIO) VALUES ('DIR074', 'Cerca del estadio, San Carlos', 'ID_PRO053', 'CAN075', 'DIS075', 'ID_USU074');
INSERT INTO FIDE_DIRECCION_TB (ID_DIRECCION, DETALLE, ID_PROVINCIA, ID_CANTON, ID_DISTRITO, ID_USUARIO) VALUES ('DIR075', 'Urbanización Los Laureles, Moravia', 'ID_PRO054', 'CAN076', 'DIS076', 'ID_USU075');
INSERT INTO FIDE_DIRECCION_TB (ID_DIRECCION, DETALLE, ID_PROVINCIA, ID_CANTON, ID_DISTRITO, ID_USUARIO) VALUES ('DIR076', 'Avenida Central, Limón', 'ID_PRO055', 'CAN077', 'DIS077', 'ID_USU076');
INSERT INTO FIDE_DIRECCION_TB (ID_DIRECCION, DETALLE, ID_PROVINCIA, ID_CANTON, ID_DISTRITO, ID_USUARIO) VALUES ('DIR077', 'Boulevard Principal, Nicoya', 'ID_PRO049', 'CAN078', 'DIS078', 'ID_USU077');
INSERT INTO FIDE_DIRECCION_TB (ID_DIRECCION, DETALLE, ID_PROVINCIA, ID_CANTON, ID_DISTRITO, ID_USUARIO) VALUES ('DIR078', 'Frente al supermercado, Nicoya', 'ID_PRO050', 'CAN079', 'DIS079', 'ID_USU078');
INSERT INTO FIDE_DIRECCION_TB (ID_DIRECCION, DETALLE, ID_PROVINCIA, ID_CANTON, ID_DISTRITO, ID_USUARIO) VALUES ('DIR079', 'Barrio Los Ángeles, Heredia', 'ID_PRO051', 'CAN080', 'DIS080', 'ID_USU079');
INSERT INTO FIDE_DIRECCION_TB (ID_DIRECCION, DETALLE, ID_PROVINCIA, ID_CANTON, ID_DISTRITO, ID_USUARIO) VALUES ('DIR080', 'Cerca del estadio, Heredia', 'ID_PRO052', 'CAN081', 'DIS081', 'ID_USU080');
INSERT INTO FIDE_DIRECCION_TB (ID_DIRECCION, DETALLE, ID_PROVINCIA, ID_CANTON, ID_DISTRITO, ID_USUARIO) VALUES ('DIR081', 'Boulevard Principal, Desamparados', 'ID_PRO053', 'CAN082', 'DIS082', 'ID_USU081');
INSERT INTO FIDE_DIRECCION_TB (ID_DIRECCION, DETALLE, ID_PROVINCIA, ID_CANTON, ID_DISTRITO, ID_USUARIO) VALUES ('DIR082', 'Ruta 32, Alajuela', 'ID_PRO054', 'CAN083', 'DIS083', 'ID_USU082');
INSERT INTO FIDE_DIRECCION_TB (ID_DIRECCION, DETALLE, ID_PROVINCIA, ID_CANTON, ID_DISTRITO, ID_USUARIO) VALUES ('DIR083', 'Frente al supermercado, Santa Ana', 'ID_PRO055', 'CAN084', 'DIS084', 'ID_USU083');
INSERT INTO FIDE_DIRECCION_TB (ID_DIRECCION, DETALLE, ID_PROVINCIA, ID_CANTON, ID_DISTRITO, ID_USUARIO) VALUES ('DIR084', 'Avenida Central, Moravia', 'ID_PRO049', 'CAN001', 'DIS085', 'ID_USU084');
INSERT INTO FIDE_DIRECCION_TB (ID_DIRECCION, DETALLE, ID_PROVINCIA, ID_CANTON, ID_DISTRITO, ID_USUARIO) VALUES ('DIR085', 'Barrio Los Ángeles, Puntarenas', 'ID_PRO050', 'CAN002', 'DIS086', 'ID_USU085');
INSERT INTO FIDE_DIRECCION_TB (ID_DIRECCION, DETALLE, ID_PROVINCIA, ID_CANTON, ID_DISTRITO, ID_USUARIO) VALUES ('DIR086', 'Barrio Los Ángeles, Santa Ana', 'ID_PRO051', 'CAN003', 'DIS087', 'ID_USU086');
INSERT INTO FIDE_DIRECCION_TB (ID_DIRECCION, DETALLE, ID_PROVINCIA, ID_CANTON, ID_DISTRITO, ID_USUARIO) VALUES ('DIR087', 'Frente al supermercado, San José', 'ID_PRO052', 'CAN004', 'DIS088', 'ID_USU087');
INSERT INTO FIDE_DIRECCION_TB (ID_DIRECCION, DETALLE, ID_PROVINCIA, ID_CANTON, ID_DISTRITO, ID_USUARIO) VALUES ('DIR088', 'Boulevard Principal, Curridabat', 'ID_PRO053', 'CAN005', 'DIS089', 'ID_USU088');
INSERT INTO FIDE_DIRECCION_TB (ID_DIRECCION, DETALLE, ID_PROVINCIA, ID_CANTON, ID_DISTRITO, ID_USUARIO) VALUES ('DIR089', 'Diagonal al hospital, Escazú', 'ID_PRO054', 'CAN006', 'DIS090', 'ID_USU089');
INSERT INTO FIDE_DIRECCION_TB (ID_DIRECCION, DETALLE, ID_PROVINCIA, ID_CANTON, ID_DISTRITO, ID_USUARIO) VALUES ('DIR090', '50 metros norte del parque, Heredia', 'ID_PRO055', 'CAN007', 'DIS091', 'ID_USU090');
INSERT INTO FIDE_DIRECCION_TB (ID_DIRECCION, DETALLE, ID_PROVINCIA, ID_CANTON, ID_DISTRITO, ID_USUARIO) VALUES ('DIR091', 'Ruta 32, Cartago', 'ID_PRO049', 'CAN008', 'DIS092', 'ID_USU091');
INSERT INTO FIDE_DIRECCION_TB (ID_DIRECCION, DETALLE, ID_PROVINCIA, ID_CANTON, ID_DISTRITO, ID_USUARIO) VALUES ('DIR092', '50 metros norte del parque, San José', 'ID_PRO050', 'CAN009', 'DIS093', 'ID_USU092');
INSERT INTO FIDE_DIRECCION_TB (ID_DIRECCION, DETALLE, ID_PROVINCIA, ID_CANTON, ID_DISTRITO, ID_USUARIO) VALUES ('DIR093', 'Ruta 32, Puntarenas', 'ID_PRO051', 'CAN010', 'DIS094', 'ID_USU093');
INSERT INTO FIDE_DIRECCION_TB (ID_DIRECCION, DETALLE, ID_PROVINCIA, ID_CANTON, ID_DISTRITO, ID_USUARIO) VALUES ('DIR094', 'Diagonal al hospital, Grecia', 'ID_PRO052', 'CAN011', 'DIS095', 'ID_USU094');
INSERT INTO FIDE_DIRECCION_TB (ID_DIRECCION, DETALLE, ID_PROVINCIA, ID_CANTON, ID_DISTRITO, ID_USUARIO) VALUES ('DIR095', '50 metros norte del parque, Nicoya', 'ID_PRO053', 'CAN012', 'DIS096', 'ID_USU095');
INSERT INTO FIDE_DIRECCION_TB (ID_DIRECCION, DETALLE, ID_PROVINCIA, ID_CANTON, ID_DISTRITO, ID_USUARIO) VALUES ('DIR096', 'Calle 5, Puntarenas', 'ID_PRO054', 'CAN013', 'DIS097', 'ID_USU096');
INSERT INTO FIDE_DIRECCION_TB (ID_DIRECCION, DETALLE, ID_PROVINCIA, ID_CANTON, ID_DISTRITO, ID_USUARIO) VALUES ('DIR097', 'Calle 5, Santa Cruz', 'ID_PRO055', 'CAN014', 'DIS098', 'ID_USU097');
INSERT INTO FIDE_DIRECCION_TB (ID_DIRECCION, DETALLE, ID_PROVINCIA, ID_CANTON, ID_DISTRITO, ID_USUARIO) VALUES ('DIR098', 'Avenida Central, Guápiles', 'ID_PRO049', 'CAN015', 'DIS099', 'ID_USU098');
INSERT INTO FIDE_DIRECCION_TB (ID_DIRECCION, DETALLE, ID_PROVINCIA, ID_CANTON, ID_DISTRITO, ID_USUARIO) VALUES ('DIR099', 'Costado norte de la iglesia, Cañas', 'ID_PRO050', 'CAN016', 'DIS100', 'ID_USU099');
